site,severity,duration,start,end
9379500,166.0,33,1989-07-19,1989-08-20
9379500,2659.0,231,1989-09-11,1990-05-03
9379500,4.0,5,1994-03-31,1994-04-04
9379500,4.0,5,1995-12-27,1995-12-31
9379500,5231.0,334,1996-01-15,1996-12-14
9379500,187.0,42,1999-03-19,1999-04-29
9379500,164.0,37,2000-02-22,2000-03-29
9379500,1450.0,161,2000-06-18,2000-12-02
9379500,4.0,6,2001-02-15,2001-02-21
9379500,11372.0,663,2001-10-24,2003-09-14
9379500,72.0,22,2003-10-28,2003-11-20
9379500,43.0,28,2003-12-16,2004-01-14
9379500,95.0,35,2004-01-22,2004-02-27
9379500,45.0,21,2004-06-27,2004-07-17
9379500,356.0,66,2004-08-01,2004-10-10
9379500,299.0,49,2006-03-01,2006-04-18
9379500,2125.0,161,2006-04-26,2006-10-06
9379500,18.0,8,2007-06-02,2007-06-10
9379500,195.0,59,2008-11-26,2009-01-26
9379500,26.0,9,2009-04-05,2009-04-13
9379500,51.0,17,2009-06-12,2009-06-28
9379500,2001.0,165,2009-08-30,2010-02-14
9379500,13.0,5,2011-04-19,2011-04-23
9379500,34.0,13,2011-05-04,2011-05-16
9379500,120.0,24,2011-05-22,2011-06-18
9379500,357.0,68,2011-08-18,2011-10-27
9379500,4.0,5,2012-04-13,2012-04-17
9379500,48.0,12,2012-04-23,2012-05-07
9379500,8657.0,488,2012-05-11,2013-09-12
9379500,58.0,9,2014-05-03,2014-05-11
9379500,46.0,9,2014-05-17,2014-05-25
9379500,77.0,39,2014-07-16,2014-08-25
9379500,11.0,9,2014-09-15,2014-09-25
9379500,233.0,28,2016-04-27,2016-05-25
9379500,9.0,12,2017-10-12,2017-10-23
9379500,11353.0,507,2017-11-17,2019-04-19
9379500,23.0,12,2019-05-25,2019-06-05
9379500,11697.0,664,2019-10-04,2021-08-01
9379500,2780.0,287,2021-09-19,2022-07-15
9304500,235.0,45,1990-03-10,1990-04-23
9304500,103.0,37,1990-05-23,1990-06-28
9304500,4717.0,372,1994-04-15,1995-05-21
9304500,201.0,46,1999-12-09,2000-01-23
9304500,2676.0,307,2000-05-31,2001-04-03
9304500,225.0,61,2001-06-08,2001-08-07
9304500,1087.0,177,2001-10-01,2002-04-18
9304500,6953.0,334,2002-05-11,2003-04-12
9304500,157.0,48,2003-08-08,2003-09-24
9304500,4.0,6,2003-10-16,2003-10-21
9304500,2161.0,154,2003-10-27,2004-03-28
9304500,2453.0,173,2004-05-20,2004-11-09
9304500,1237.0,130,2006-05-30,2006-10-06
9304500,3444.0,164,2007-05-17,2007-10-27
9304500,463.0,49,2008-03-29,2008-05-16
9304500,357.0,38,2009-04-05,2009-05-12
9304500,3013.0,225,2009-11-11,2010-06-23
9304500,713.0,75,2010-09-25,2010-12-08
9304500,9340.0,474,2012-05-13,2013-09-30
9304500,396.0,38,2016-04-19,2016-05-26
9304500,3320.0,220,2016-10-21,2017-06-07
9304500,10144.0,681,2017-06-29,2019-05-30
9304500,909.0,101,2020-01-01,2020-04-13
9304500,128.0,25,2020-04-21,2020-05-15
9304500,7677.0,375,2020-09-19,2021-10-15
9304500,6.0,8,2022-04-24,2022-05-01
9304500,31.0,13,2022-05-18,2022-05-31
9513780,6.0,8,1984-06-06,1984-06-13
9513780,1241.0,79,1984-07-05,1984-09-25
9513780,582.0,42,1985-09-04,1985-10-17
9513780,1462.0,95,1987-08-01,1987-11-07
9513780,3686.0,267,1989-07-14,1990-04-08
9513780,7.0,10,1990-05-06,1990-05-15
9513780,50.0,15,1990-05-31,1990-06-14
9513780,1205.0,74,1990-07-02,1990-09-16
9513780,247.0,21,1990-12-02,1990-12-22
9513780,1614.0,112,1991-08-19,1991-12-10
9513780,189.0,12,1993-08-15,1993-08-26
9513780,94.0,8,1993-09-01,1993-09-08
9513780,2085.0,143,1994-08-02,1994-12-24
9513780,174.0,11,1995-08-19,1995-08-29
9513780,12353.0,739,1996-01-25,1998-02-08
9513780,1249.0,87,1998-09-13,1998-12-10
9513780,568.0,69,1999-01-25,1999-04-03
9513780,109.0,15,1999-04-09,1999-04-23
9513780,6.0,8,1999-06-07,1999-06-14
9513780,4127.0,243,1999-07-07,2000-03-09
9513780,3638.0,222,2000-03-15,2000-10-26
9513780,12118.0,532,2001-09-07,2003-02-25
9513780,479.0,31,2003-08-03,2003-09-08
9513780,264.0,17,2003-10-31,2003-11-19
9513780,172.0,34,2004-01-25,2004-03-02
9513780,6.0,5,2004-03-09,2004-03-13
9513780,1702.0,109,2004-07-26,2004-11-16
9513780,13155.0,667,2005-09-27,2007-07-31
9513780,1953.0,132,2007-08-03,2007-12-17
9513780,2352.0,158,2008-07-15,2008-12-25
9513780,7.0,9,2009-05-07,2009-05-15
9513780,77.0,18,2009-05-28,2009-06-14
9513780,3618.0,198,2009-07-04,2010-01-19
9513780,15472.0,893,2010-08-02,2013-01-25
9513780,94.0,5,2013-07-30,2013-08-03
9513780,137.0,11,2013-09-02,2013-09-16
9513780,284.0,21,2013-11-06,2013-11-29
9513780,1470.0,116,2014-04-28,2014-08-26
9513780,1236.0,82,2015-08-26,2015-11-15
9513780,3433.0,239,2016-04-20,2016-12-30
9513780,11382.0,526,2017-08-02,2019-01-15
9513780,7.0,5,2019-01-25,2019-01-29
9513780,752.0,51,2019-08-04,2019-09-26
9513780,188.0,13,2019-09-29,2019-10-11
9513780,7044.0,364,2020-08-11,2021-08-16
9513780,268.0,20,2021-12-07,2021-12-29
9513780,3775.0,263,2022-03-22,2022-12-15
9432000,75.0,19,1989-08-16,1989-09-06
9432000,198.0,24,1989-09-13,1989-10-06
9432000,1802.0,140,1989-10-27,1990-03-27
9432000,106.0,15,1990-04-12,1990-04-26
9432000,912.0,80,1990-05-13,1990-08-04
9432000,120.0,20,1990-09-01,1990-09-23
9432000,250.0,32,1994-08-02,1994-09-02
9432000,365.0,29,1994-09-19,1994-10-17
9432000,16.0,9,1995-09-08,1995-09-18
9432000,1095.0,116,1995-10-06,1996-02-01
9432000,2832.0,171,1996-03-02,1996-08-23
9432000,23.0,5,1996-09-08,1996-09-12
9432000,62.0,15,1996-10-04,1996-10-20
9432000,20.0,6,1997-01-18,1997-01-23
9432000,313.0,31,1997-08-21,1997-09-20
9432000,936.0,105,1999-01-23,1999-05-20
9432000,115.0,17,1999-07-04,1999-07-20
9432000,1543.0,117,1999-11-28,2000-03-26
9432000,236.0,79,2000-04-10,2000-06-28
9432000,2172.0,99,2000-07-06,2000-10-12
9432000,7.0,6,2001-08-09,2001-08-14
9432000,87.0,15,2001-09-02,2001-09-16
9432000,6217.0,331,2001-09-24,2002-09-03
9432000,25.0,14,2002-10-26,2002-11-12
9432000,24.0,6,2002-11-27,2002-12-03
9432000,6.0,5,2003-02-09,2003-02-14
9432000,2685.0,139,2003-06-25,2003-11-13
9432000,17.0,6,2003-12-10,2003-12-15
9432000,33.0,8,2003-12-22,2003-12-29
9432000,317.0,32,2004-01-24,2004-02-24
9432000,26.0,5,2004-08-03,2004-08-07
9432000,31.0,6,2004-08-14,2004-08-19
9432000,647.0,57,2004-08-25,2004-10-24
9432000,3397.0,213,2005-12-05,2006-07-08
9432000,72.0,5,2006-07-17,2006-07-21
9432000,38.0,15,2007-11-11,2007-11-25
9432000,4.0,5,2008-03-13,2008-03-19
9432000,154.0,24,2009-02-18,2009-03-13
9432000,736.0,106,2009-03-20,2009-07-03
9432000,428.0,42,2009-07-15,2009-08-25
9432000,1780.0,116,2009-10-01,2010-01-28
9432000,10.0,10,2010-12-16,2010-12-27
9432000,73.0,22,2010-12-30,2011-01-20
9432000,1958.0,189,2011-02-04,2011-08-15
9432000,8.0,7,2011-09-29,2011-10-05
9432000,40.0,14,2011-10-21,2011-11-03
9432000,3449.0,194,2012-07-18,2013-01-27
9432000,184.0,25,2013-02-15,2013-03-15
9432000,1576.0,100,2013-03-31,2013-07-17
9432000,32.0,10,2014-02-20,2014-03-02
9432000,244.0,40,2014-03-13,2014-04-21
9432000,8.0,7,2014-06-30,2014-07-06
9432000,26.0,9,2016-03-27,2016-04-06
9432000,11.0,8,2016-07-26,2016-08-04
9432000,63.0,13,2016-08-23,2016-09-07
9432000,17.0,6,2016-09-24,2016-09-29
9432000,52.0,21,2016-11-15,2016-12-07
9432000,5464.0,371,2017-10-10,2018-10-29
9432000,1804.0,106,2018-11-01,2019-02-19
9432000,9.0,5,2019-03-28,2019-04-01
9432000,26.0,9,2019-04-08,2019-04-18
9432000,122.0,17,2019-04-27,2019-05-13
9432000,3888.0,193,2019-05-21,2019-11-29
9432000,13.0,8,2020-01-30,2020-02-08
9432000,46.0,16,2020-07-06,2020-07-26
9432000,8635.0,358,2020-08-04,2021-08-01
9432000,40.0,14,2021-09-15,2021-09-28
9432000,4686.0,243,2021-10-18,2022-06-24
9432000,16.0,5,2022-07-21,2022-07-25
9371000,188.0,40,1989-05-16,1989-06-24
9371000,25.0,17,1989-10-03,1989-10-21
9371000,1311.0,124,1989-12-17,1990-04-19
9371000,140.0,11,1991-05-01,1991-05-11
9371000,58.0,22,1991-08-17,1991-09-09
9371000,120.0,34,1991-10-27,1991-12-03
9371000,49.0,24,1994-08-24,1994-09-18
9371000,4369.0,273,1996-01-09,1996-10-08
9371000,342.0,44,1998-09-18,1998-11-01
9371000,342.0,41,1999-03-22,1999-05-01
9371000,531.0,113,1999-11-29,2000-03-23
9371000,2751.0,291,2000-05-19,2001-03-13
9371000,137.0,21,2001-07-27,2001-08-16
9371000,10476.0,570,2001-09-21,2003-05-16
9371000,440.0,42,2003-07-28,2003-09-08
9371000,8.0,7,2004-02-02,2004-02-09
9371000,10.0,7,2004-03-13,2004-03-19
9371000,362.0,42,2006-03-03,2006-04-13
9371000,10.0,11,2006-04-23,2006-05-03
9371000,1437.0,137,2006-05-09,2006-09-22
9371000,19.0,6,2007-03-11,2007-03-16
9371000,313.0,51,2007-04-14,2007-06-05
9371000,401.0,48,2007-06-25,2007-08-12
9371000,363.0,50,2007-10-22,2007-12-16
9371000,360.0,69,2008-11-01,2009-01-11
9371000,99.0,18,2009-04-17,2009-05-04
9371000,1616.0,143,2009-09-10,2010-02-06
9371000,64.0,7,2011-05-04,2011-05-10
9371000,188.0,50,2011-08-25,2011-10-19
9371000,37.0,10,2012-02-26,2012-03-09
9371000,339.0,47,2012-03-11,2012-04-26
9371000,7129.0,364,2012-05-04,2013-06-03
9371000,225.0,51,2013-06-06,2013-07-26
9371000,51.0,13,2014-04-07,2014-04-22
9371000,690.0,109,2014-05-02,2014-08-25
9371000,4.0,6,2015-05-12,2015-05-19
9371000,10591.0,510,2017-10-19,2019-03-21
9371000,47.0,14,2019-03-27,2019-04-09
9371000,16788.0,867,2019-08-13,2022-04-06
9371000,815.0,77,2022-05-17,2022-08-01
9046600,172.0,22,1984-04-22,1984-05-14
9046600,908.0,117,1985-07-03,1985-10-28
9046600,4992.0,344,1987-06-02,1988-05-13
9046600,44.0,14,1988-05-26,1988-06-08
9046600,4779.0,238,1988-08-23,1989-04-17
9046600,6547.0,376,1989-09-11,1990-10-18
9046600,4.0,6,1991-06-07,1991-06-12
9046600,1681.0,178,1991-10-29,1992-04-24
9046600,382.0,95,1992-06-05,1992-09-13
9046600,97.0,23,1993-10-15,1993-11-07
9046600,46.0,16,1994-04-17,1994-05-04
9046600,2936.0,280,1994-06-03,1995-03-10
9046600,764.0,64,1998-06-08,1998-08-10
9046600,197.0,46,2000-06-17,2000-08-03
9046600,16.0,12,2000-08-10,2000-08-24
9046600,563.0,90,2001-06-13,2001-09-15
9046600,447.0,163,2001-10-27,2002-04-07
9046600,7712.0,362,2002-05-16,2003-05-13
9046600,18.0,25,2004-02-29,2004-03-28
9046600,2026.0,142,2004-05-29,2004-10-19
9046600,35.0,11,2005-06-10,2005-06-20
9046600,635.0,91,2005-07-29,2005-10-28
9046600,447.0,28,2008-04-29,2008-05-28
9046600,273.0,23,2011-05-05,2011-05-27
9046600,4854.0,362,2012-05-27,2013-05-24
9046600,1021.0,72,2016-03-24,2016-06-03
9046600,1707.0,175,2016-11-06,2017-05-03
9046600,119.0,22,2017-05-16,2017-06-06
9046600,9386.0,408,2018-04-17,2019-06-02
9046600,3833.0,220,2019-10-23,2020-05-30
9046600,5014.0,266,2020-09-15,2021-06-07
9046600,1022.0,83,2022-04-08,2022-07-02
9408000,52.0,15,1989-03-06,1989-03-25
9408000,9817.0,706,1989-03-30,1991-03-13
9408000,8.0,11,1991-11-04,1991-11-14
9408000,4.0,5,1991-11-21,1991-11-25
9408000,328.0,61,1991-12-09,1992-02-09
9408000,724.0,93,1994-01-17,1994-04-25
9408000,5345.0,319,1996-03-05,1997-01-19
9408000,4.0,5,1997-06-15,1997-06-19
9408000,105.0,84,1997-06-26,1997-09-28
9408000,274.0,48,2000-01-13,2000-03-04
9408000,9.0,12,2000-09-21,2000-10-02
9408000,61.0,30,2000-10-14,2000-11-13
9408000,7.0,10,2001-11-05,2001-11-14
9408000,16257.0,857,2001-11-21,2004-04-01
9408000,6.0,8,2004-09-25,2004-10-02
9408000,4.0,5,2006-11-21,2006-11-25
9408000,8716.0,472,2006-12-19,2008-04-10
9408000,82.0,106,2008-04-25,2008-08-12
9408000,10.0,13,2008-08-21,2008-09-02
9408000,1259.0,150,2008-09-11,2009-02-12
9408000,4.0,5,2009-08-09,2009-08-13
9408000,2855.0,196,2009-08-22,2010-03-08
9408000,36.0,6,2010-03-11,2010-03-18
9408000,2619.0,262,2012-02-28,2012-11-24
9408000,1530.0,165,2013-03-30,2013-09-10
9408000,4.0,5,2014-08-09,2014-08-13
9408000,3767.0,332,2018-02-28,2019-02-02
9408000,16545.0,762,2020-10-25,2022-11-25
9416000,5.0,7,1989-12-10,1989-12-17
9416000,12598.0,776,1989-12-20,1992-02-09
9416000,13105.0,738,2002-02-17,2004-03-02
9416000,83.0,7,2004-03-27,2004-04-02
9416000,3644.0,193,2004-04-14,2004-10-27
9416000,72.0,29,2007-02-27,2007-03-27
9416000,89.0,48,2007-10-23,2007-12-09
9416000,100.0,29,2007-12-15,2008-01-12
9416000,2570.0,334,2008-03-16,2009-02-16
9416000,3272.0,306,2009-03-18,2010-01-19
9416000,201.0,78,2010-05-21,2010-08-10
9416000,40.0,54,2010-08-13,2010-10-06
9416000,10.0,13,2010-10-10,2010-10-22
9416000,138.0,52,2010-10-29,2010-12-19
9416000,41.0,14,2013-01-13,2013-01-27
9416000,687.0,115,2013-02-02,2013-07-03
9416000,1509.0,205,2014-01-07,2014-08-12
9416000,384.0,84,2015-01-20,2015-04-14
9416000,18.0,14,2018-03-04,2018-03-17
9416000,3501.0,222,2018-07-20,2019-03-02
9416000,6601.0,343,2019-04-04,2020-03-13
9416000,14625.0,699,2021-01-30,2023-01-11
9512500,13.0,5,1989-07-14,1989-07-18
9512500,312.0,47,1989-11-30,1990-01-21
9512500,331.0,24,1990-01-26,1990-02-21
9512500,216.0,18,1990-02-25,1990-03-15
9512500,48.0,6,1990-03-24,1990-03-29
9512500,119.0,12,1990-04-08,1990-04-23
9512500,759.0,67,1990-04-28,1990-07-06
9512500,305.0,31,1990-07-26,1990-08-29
9512500,47.0,8,1990-09-07,1990-09-14
9512500,20.0,8,1990-12-27,1991-01-07
9512500,405.0,48,1991-01-09,1991-02-27
9512500,22.0,10,1996-03-06,1996-03-18
9512500,18.0,8,1996-06-29,1996-07-08
9512500,100.0,10,1996-07-19,1996-07-31
9512500,382.0,32,1996-08-04,1996-09-09
9512500,1717.0,114,1996-09-17,1997-01-17
9512500,860.0,38,1997-01-20,1997-03-02
9512500,684.0,28,1997-03-05,1997-04-01
9512500,2791.0,135,1997-04-11,1997-09-03
9512500,1793.0,91,1997-09-18,1997-12-26
9512500,219.0,17,1998-01-15,1998-02-02
9512500,22.0,13,1999-02-28,1999-03-14
9512500,43.0,9,1999-07-18,1999-07-29
9512500,19.0,6,1999-08-26,1999-09-04
9512500,9.0,5,1999-09-06,1999-09-11
9512500,12.0,5,2000-01-04,2000-01-10
9512500,479.0,37,2000-01-27,2000-03-05
9512500,60.0,6,2000-03-18,2000-03-25
9512500,55.0,9,2000-04-02,2000-04-12
9512500,59.0,41,2000-04-18,2000-05-30
9512500,47.0,8,2000-06-10,2000-06-17
9512500,363.0,33,2000-07-02,2000-08-06
9512500,75.0,6,2000-08-10,2000-08-17
9512500,375.0,46,2000-09-02,2000-10-21
9512500,9.0,5,2000-11-08,2000-11-14
9512500,4955.0,218,2002-01-27,2002-09-06
9512500,4253.0,157,2002-09-13,2003-02-25
9512500,1318.0,128,2003-03-07,2003-07-22
9512500,298.0,28,2003-08-04,2003-09-09
9512500,3024.0,194,2003-09-12,2004-04-05
9512500,2125.0,98,2004-04-09,2004-07-16
9512500,399.0,18,2004-07-19,2004-08-11
9512500,1523.0,68,2004-08-14,2004-10-27
9512500,319.0,16,2004-11-01,2004-11-20
9512500,131.0,23,2006-07-12,2006-08-12
9512500,141.0,16,2006-08-18,2006-09-06
9512500,6497.0,300,2006-09-12,2007-07-21
9512500,4185.0,165,2007-08-06,2008-02-03
9512500,525.0,94,2008-03-22,2008-07-02
9512500,272.0,19,2008-07-15,2008-08-07
9512500,265.0,23,2008-08-12,2008-09-10
9512500,1872.0,120,2008-09-13,2009-01-29
9512500,129.0,12,2009-02-01,2009-02-17
9512500,393.0,27,2009-03-15,2009-04-10
9512500,473.0,73,2009-04-16,2009-07-01
9512500,2738.0,148,2009-07-07,2009-12-12
9512500,802.0,35,2009-12-16,2010-01-19
9512500,31.0,6,2011-07-14,2011-07-22
9512500,24.0,10,2011-11-22,2011-12-01
9512500,31.0,6,2011-12-07,2011-12-12
9512500,2772.0,217,2011-12-26,2012-08-20
9512500,202.0,13,2012-08-25,2012-09-10
9512500,1559.0,91,2012-09-13,2012-12-13
9512500,624.0,31,2012-12-26,2013-01-25
9512500,20.0,7,2013-03-15,2013-03-22
9512500,80.0,19,2013-03-30,2013-04-17
9512500,133.0,19,2013-07-30,2013-08-23
9512500,113.0,28,2016-02-22,2016-03-23
9512500,10.0,7,2016-04-01,2016-04-08
9512500,152.0,15,2016-07-05,2016-07-22
9512500,64.0,8,2016-07-25,2016-08-01
9512500,79.0,8,2016-08-13,2016-08-21
9512500,57.0,11,2016-09-05,2016-09-19
9512500,6.0,5,2016-11-11,2016-11-17
9512500,69.0,24,2016-11-25,2016-12-21
9512500,1716.0,138,2018-02-18,2018-07-12
9512500,292.0,16,2018-07-23,2018-08-14
9512500,659.0,34,2018-08-28,2018-10-06
9512500,1096.0,82,2018-10-10,2019-01-05
9512500,242.0,17,2019-01-18,2019-02-05
9512500,105.0,7,2019-02-08,2019-02-14
9512500,1707.0,136,2021-02-13,2021-07-03
9512500,145.0,8,2021-08-03,2021-08-10
9512500,142.0,8,2021-08-21,2021-08-28
9512500,4421.0,283,2021-09-05,2022-07-18
9512500,458.0,36,2022-08-30,2022-10-15
9512500,20.0,11,2022-10-23,2022-11-02
9512500,4.0,5,2022-11-12,2022-11-18
9512500,108.0,33,2022-11-22,2023-01-01
9512500,14.0,5,2023-01-08,2023-01-14
9504000,85.0,13,1989-03-13,1989-03-25
9504000,65.0,15,1989-04-03,1989-04-17
9504000,3708.0,226,1989-07-15,1990-03-05
9504000,7.0,6,1994-12-02,1994-12-10
9504000,8019.0,408,1996-01-15,1997-03-06
9504000,86.0,8,1997-03-26,1997-04-02
9504000,58.0,13,1997-08-19,1997-09-02
9504000,60.0,29,1999-03-07,1999-04-04
9504000,535.0,60,2000-01-07,2000-03-08
9504000,101.0,12,2000-07-25,2000-08-05
9504000,101.0,15,2000-08-11,2000-08-25
9504000,537.0,50,2000-09-02,2000-10-22
9504000,24.0,10,2001-09-01,2001-09-11
9504000,11004.0,480,2001-10-24,2003-03-01
9504000,85.0,9,2003-03-03,2003-03-11
9504000,26.0,12,2003-04-04,2003-04-15
9504000,3303.0,299,2003-04-21,2004-02-27
9504000,336.0,22,2004-03-09,2004-04-01
9504000,1219.0,156,2004-04-11,2004-09-19
9504000,19.0,6,2004-09-26,2004-10-02
9504000,2382.0,199,2006-02-13,2006-09-10
9504000,8273.0,435,2006-09-12,2007-11-30
9504000,107.0,20,2007-12-11,2008-01-03
9504000,1382.0,143,2009-08-19,2010-01-19
9504000,2279.0,198,2012-01-26,2012-08-21
9504000,71.0,11,2012-08-28,2012-09-11
9504000,1786.0,130,2012-09-16,2013-01-25
9504000,9.0,5,2013-04-05,2013-04-11
9504000,223.0,91,2013-04-16,2013-07-17
9504000,111.0,18,2013-07-31,2013-08-18
9504000,4.0,6,2014-03-25,2014-03-31
9504000,1082.0,146,2016-03-09,2016-08-06
9504000,247.0,18,2016-08-09,2016-09-01
9504000,669.0,98,2016-09-05,2016-12-21
9504000,4770.0,235,2017-12-24,2018-08-23
9504000,3070.0,152,2018-08-27,2019-02-02
9504000,3455.0,223,2020-12-22,2021-08-10
9504000,48.0,9,2021-08-23,2021-08-31
9504000,61.0,17,2021-09-06,2021-09-26
9504000,316.0,75,2021-10-03,2021-12-23
9504000,2153.0,169,2022-02-02,2022-07-26
9255000,30.0,11,1983-05-17,1983-05-27
9255000,293.0,24,1984-03-24,1984-04-16
9255000,182.0,22,1987-04-12,1987-05-03
9255000,2097.0,209,1987-05-20,1987-12-14
9255000,32.0,14,1988-02-27,1988-03-12
9255000,402.0,46,1988-03-29,1988-05-17
9255000,3997.0,295,1988-05-30,1989-03-20
9255000,8620.0,546,1989-05-25,1990-11-21
9255000,5.0,7,1991-02-28,1991-03-09
9255000,971.0,57,1991-04-03,1991-05-31
9255000,4.0,5,1991-12-02,1991-12-06
9255000,142.0,37,1992-01-22,1992-02-27
9255000,218.0,28,1992-05-20,1992-06-16
9255000,278.0,43,1993-02-22,1993-04-06
9255000,64.0,21,1994-04-19,1994-05-09
9255000,3806.0,244,1994-05-23,1995-01-21
9255000,508.0,37,1995-04-07,1995-05-13
9255000,28.0,15,1996-11-16,1996-11-30
9255000,20.0,11,1999-04-21,1999-05-01
9255000,15.0,7,1999-05-14,1999-05-20
9255000,129.0,45,1999-12-15,2000-01-28
9255000,2983.0,297,2000-05-31,2001-03-28
9255000,10068.0,577,2001-07-07,2003-02-03
9255000,557.0,98,2003-11-22,2004-03-03
9255000,171.0,40,2004-05-27,2004-07-05
9255000,4.0,5,2007-06-04,2007-06-08
9255000,154.0,110,2007-06-18,2007-10-05
9255000,169.0,21,2008-03-23,2008-04-14
9255000,1300.0,110,2010-02-04,2010-05-24
9255000,130.0,24,2011-03-08,2011-03-31
9255000,10356.0,386,2012-05-09,2013-05-29
9255000,77.0,25,2017-01-29,2017-02-26
9255000,104.0,15,2017-05-03,2017-05-19
9255000,1022.0,70,2018-03-14,2018-05-22
9255000,4388.0,315,2018-06-09,2019-04-20
9255000,829.0,107,2019-12-06,2020-03-22
9255000,8008.0,408,2020-10-05,2021-11-16
9255000,42.0,14,2022-03-20,2022-04-02
9255000,190.0,27,2022-05-08,2022-06-03
10256500,7.0,9,1987-08-28,1987-09-05
10256500,22.0,27,1987-10-16,1987-11-12
10256500,323.0,55,1989-02-14,1989-04-13
10256500,9918.0,685,1989-04-16,1991-03-04
10256500,32.0,7,1991-03-08,1991-03-16
10256500,10365.0,699,1999-05-19,2001-04-22
10256500,52.0,61,2001-05-09,2001-07-10
10256500,11662.0,614,2001-07-20,2003-04-10
10256500,2360.0,297,2004-01-21,2004-11-18
10256500,8758.0,403,2007-02-14,2008-03-24
10256500,19.0,22,2008-10-21,2008-11-11
10256500,380.0,50,2008-12-26,2009-02-15
10256500,11.0,8,2009-02-18,2009-02-27
10256500,16105.0,712,2013-03-27,2015-03-11
10256500,657.0,118,2015-03-15,2015-07-10
10256500,7.0,9,2016-07-01,2016-07-09
10256500,16.0,22,2016-08-14,2016-09-04
10256500,59.0,40,2016-10-03,2016-11-11
10256500,83.0,14,2016-12-09,2016-12-23
10256500,107.0,17,2016-12-25,2017-01-11
10256500,6101.0,323,2018-03-17,2019-02-04
10256500,85.0,6,2019-02-06,2019-02-13
10256500,10648.0,654,2021-04-10,2023-01-26
9382000,16530.0,1095,1989-02-01,1992-02-02
9382000,6834.0,425,1996-02-24,1997-05-03
9382000,1284.0,201,2000-04-28,2000-11-16
9382000,14471.0,853,2002-01-15,2004-06-01
9382000,160.0,76,2004-08-20,2004-11-03
9382000,72.0,48,2007-11-05,2007-12-22
9382000,4023.0,473,2008-11-17,2010-03-07
9382000,2974.0,278,2012-12-16,2013-09-24
9382000,6409.0,372,2018-01-11,2019-01-18
9382000,10367.0,576,2020-09-24,2022-08-22
9152500,109.0,16,1983-04-16,1983-05-01
9152500,67.0,11,1983-05-18,1983-05-28
9152500,67.0,31,1984-03-11,1984-04-10
9152500,62.0,28,1988-03-18,1988-04-14
9152500,25.0,8,1988-05-09,1988-05-16
9152500,19.0,9,1988-05-26,1988-06-04
9152500,151.0,36,1988-07-30,1988-09-04
9152500,8.0,11,1989-02-28,1989-03-10
9152500,25.0,17,1989-06-03,1989-06-20
9152500,26.0,36,1989-07-12,1989-08-24
9152500,4988.0,405,1989-08-30,1990-10-08
9152500,424.0,39,1991-04-18,1991-05-26
9152500,1012.0,148,1991-10-21,1992-03-16
9152500,9.0,5,1994-04-17,1994-04-21
9152500,86.0,14,1994-04-29,1994-05-12
9152500,870.0,129,1994-08-25,1994-12-31
9152500,125.0,24,1996-09-10,1996-10-03
9152500,160.0,18,1999-04-17,1999-05-04
9152500,803.0,138,2000-06-04,2000-10-19
9152500,668.0,126,2001-01-01,2001-05-09
9152500,647.0,94,2001-05-29,2001-08-30
9152500,91.0,51,2001-10-05,2001-11-24
9152500,5876.0,377,2002-02-02,2003-02-20
9152500,4.0,5,2003-09-06,2003-09-10
9152500,145.0,41,2004-08-14,2004-09-23
9152500,15.0,21,2006-06-21,2006-07-11
9152500,429.0,73,2007-06-07,2007-08-18
9152500,11.0,5,2009-04-12,2009-04-16
9152500,228.0,72,2009-09-25,2009-12-05
9152500,324.0,56,2010-02-21,2010-04-17
9152500,6984.0,460,2012-05-01,2013-08-03
9152500,15.0,7,2016-05-04,2016-05-11
9152500,6.0,5,2016-05-15,2016-05-19
9152500,736.0,97,2016-11-24,2017-03-11
9152500,51.0,13,2017-05-21,2017-06-02
9152500,10841.0,533,2017-12-06,2019-06-06
9152500,26014.0,1212,2019-10-09,2023-02-01
9430600,12.0,6,1984-02-09,1984-02-15
9430600,98.0,14,1984-03-02,1984-03-16
9430600,15.0,6,1984-05-20,1984-05-25
9430600,118.0,14,1984-06-03,1984-06-16
9430600,388.0,16,1984-06-30,1984-07-15
9430600,8.0,7,1984-09-08,1984-09-15
9430600,18.0,6,1984-09-19,1984-09-24
9430600,100.0,23,1989-02-15,1989-03-11
9430600,125.0,13,1989-03-31,1989-04-15
9430600,2208.0,127,1989-04-17,1989-09-02
9430600,210.0,17,1989-09-14,1989-10-04
9430600,1695.0,128,1989-11-01,1990-03-12
9430600,58.0,10,1990-04-14,1990-04-23
9430600,78.0,6,1990-05-09,1990-05-15
9430600,808.0,40,1990-06-01,1990-07-14
9430600,115.0,6,1990-07-25,1990-07-30
9430600,42.0,13,1991-10-25,1991-11-09
9430600,90.0,16,1992-11-10,1992-11-29
9430600,36.0,9,1994-01-22,1994-01-30
9430600,1018.0,51,1994-07-11,1994-08-31
9430600,390.0,29,1994-09-14,1994-10-18
9430600,188.0,10,1995-08-11,1995-08-20
9430600,275.0,20,1995-09-02,1995-09-27
9430600,2121.0,123,1995-09-30,1996-02-05
9430600,45.0,6,1996-02-19,1996-02-25
9430600,215.0,16,1996-02-28,1996-03-19
9430600,2015.0,103,1996-03-22,1996-07-11
9430600,788.0,32,1996-07-18,1996-08-19
9430600,90.0,14,1996-10-11,1996-10-25
9430600,188.0,9,1997-07-18,1997-07-27
9430600,242.0,25,1997-08-25,1997-09-19
9430600,12.0,5,1997-10-17,1997-10-21
9430600,38.0,7,1998-10-17,1998-10-23
9430600,1057.0,73,1999-01-25,1999-04-10
9430600,1342.0,86,1999-04-19,1999-07-16
9430600,1712.0,117,1999-11-28,2000-03-24
9430600,715.0,49,2000-05-10,2000-06-27
9430600,2215.0,100,2000-07-03,2000-10-10
9430600,565.0,27,2001-07-11,2001-08-11
9430600,7288.0,328,2001-08-28,2002-08-03
9430600,12.0,5,2002-10-30,2002-11-03
9430600,8.0,5,2002-12-22,2002-12-28
9430600,1882.0,92,2003-07-09,2003-10-14
9430600,330.0,20,2003-10-21,2003-11-12
9430600,22.0,8,2003-12-20,2003-12-29
9430600,25.0,8,2003-12-31,2004-01-07
9430600,535.0,42,2004-01-22,2004-03-05
9430600,638.0,38,2004-08-09,2004-09-23
9430600,245.0,16,2004-10-06,2004-10-21
9430600,92.0,5,2005-08-01,2005-08-06
9430600,25.0,10,2005-11-04,2005-11-16
9430600,42.0,7,2005-11-24,2005-12-04
9430600,34.0,9,2005-12-06,2005-12-18
9430600,4777.0,206,2005-12-22,2006-07-18
9430600,5.0,5,2006-12-16,2006-12-20
9430600,48.0,12,2007-10-23,2007-11-05
9430600,100.0,19,2008-03-02,2008-03-22
9430600,8.0,5,2008-06-12,2008-06-16
9430600,240.0,10,2008-07-02,2008-07-12
9430600,130.0,7,2008-07-31,2008-08-07
9430600,32.0,11,2009-02-17,2009-03-02
9430600,1385.0,96,2009-03-19,2009-06-29
9430600,762.0,39,2009-07-13,2009-08-26
9430600,22.0,9,2009-09-26,2009-10-06
9430600,122.0,16,2009-10-10,2009-10-29
9430600,1009.0,79,2009-11-03,2010-01-26
9430600,255.0,50,2010-11-29,2011-01-22
9430600,2113.0,170,2011-01-28,2011-07-30
9430600,132.0,7,2011-08-05,2011-08-11
9430600,5.0,5,2011-10-07,2011-10-11
9430600,98.0,15,2011-10-17,2011-11-01
9430600,12.0,6,2012-01-09,2012-01-14
9430600,48.0,10,2012-03-17,2012-03-28
9430600,4188.0,203,2012-07-01,2013-01-25
9430600,160.0,17,2013-02-13,2013-03-02
9430600,35.0,9,2013-03-10,2013-03-19
9430600,1122.0,61,2013-05-02,2013-07-02
9430600,10.0,6,2014-02-04,2014-02-11
9430600,278.0,33,2014-03-13,2014-04-18
9430600,65.0,13,2014-04-20,2014-05-04
9430600,8.0,5,2014-05-22,2014-05-26
9430600,90.0,12,2014-06-06,2014-06-17
9430600,198.0,8,2014-06-24,2014-07-01
9430600,178.0,9,2014-07-19,2014-07-29
9430600,28.0,5,2015-03-12,2015-03-16
9430600,62.0,9,2016-03-25,2016-04-04
9430600,125.0,19,2016-04-15,2016-05-11
9430600,1200.0,71,2016-05-14,2016-08-01
9430600,338.0,21,2016-08-14,2016-09-06
9430600,22.0,6,2016-10-27,2016-11-01
9430600,30.0,8,2016-11-17,2016-11-26
9430600,46.0,8,2016-11-28,2016-12-07
9430600,68.0,8,2016-12-12,2016-12-20
9430600,205.0,29,2017-03-25,2017-04-27
9430600,1132.0,69,2017-05-14,2017-07-29
9430600,152.0,8,2017-08-04,2017-08-11
9430600,2726.0,159,2017-09-15,2018-02-25
9430600,78.0,9,2018-03-04,2018-03-13
9430600,4998.0,216,2018-03-15,2018-10-27
9430600,2092.0,106,2018-10-30,2019-02-17
9430600,112.0,9,2019-04-26,2019-05-05
9430600,4358.0,201,2019-05-15,2019-12-03
9430600,24.0,5,2020-01-31,2020-02-07
9430600,18.0,6,2020-06-11,2020-06-16
9430600,490.0,21,2020-07-02,2020-07-23
9430600,3380.0,163,2020-07-30,2022-01-15
9430600,3937.0,155,2022-01-18,2022-06-23
9430600,512.0,25,2022-07-14,2022-08-07
9394500,4.0,6,1989-08-25,1989-08-30
9394500,56.0,20,1989-09-20,1989-10-10
9394500,4267.0,284,1989-11-07,1990-08-21
9394500,309.0,26,1990-08-31,1990-09-25
9394500,190.0,30,1990-10-07,1990-11-06
9394500,68.0,29,1990-11-18,1990-12-18
9394500,272.0,47,1995-12-25,1996-02-11
9394500,1977.0,215,1996-02-19,1996-09-20
9394500,102.0,20,1996-10-10,1996-10-29
9394500,179.0,53,1999-03-03,1999-04-24
9394500,4092.0,312,1999-12-09,2000-10-24
9394500,9.0,9,2001-09-10,2001-09-18
9394500,1325.0,140,2001-09-28,2002-02-20
9394500,3771.0,194,2002-03-03,2002-09-12
9394500,26.0,15,2003-10-31,2003-11-14
9394500,22.0,11,2004-01-21,2004-02-04
9394500,150.0,31,2004-02-06,2004-03-07
9394500,1510.0,143,2004-08-09,2004-12-30
9394500,2546.0,219,2006-01-02,2006-08-09
9394500,69.0,18,2007-01-22,2007-02-08
9394500,85.0,29,2009-09-22,2009-10-22
9394500,1375.0,124,2009-10-26,2010-03-04
9394500,217.0,33,2011-08-08,2011-09-09
9394500,22.0,11,2012-03-11,2012-03-21
9394500,30.0,27,2012-04-23,2012-05-21
9394500,68.0,23,2012-07-04,2012-07-29
9394500,1963.0,144,2012-09-01,2013-02-03
9394500,198.0,29,2013-02-12,2013-03-16
9394500,23.0,15,2013-03-27,2013-04-10
9394500,255.0,100,2013-04-16,2013-07-28
9394500,888.0,176,2014-02-17,2014-08-16
9394500,1.0,9,2016-03-16,2016-03-25
9394500,0.0,11,2016-04-01,2016-04-13
9394500,19.0,12,2016-07-24,2016-08-06
9394500,1704.0,125,2016-08-16,2016-12-23
9394500,16.0,5,2017-07-26,2017-07-31
9394500,12188.0,567,2017-08-04,2019-03-02
9394500,22.0,5,2019-03-09,2019-03-13
9394500,6091.0,298,2019-03-23,2020-01-24
9394500,162.0,18,2020-02-02,2020-02-19
9394500,10473.0,462,2020-05-22,2021-09-01
9394500,299.0,29,2021-09-09,2021-10-07
9394500,4704.0,254,2021-10-21,2022-07-05
9494000,6344.0,463,1989-04-07,1990-07-17
9494000,70.0,19,1990-08-31,1990-09-18
9494000,9.0,6,1991-08-23,1991-08-30
9494000,75.0,26,1991-10-18,1991-11-14
9494000,797.0,72,1993-08-04,1993-10-17
9494000,28.0,12,1994-02-20,1994-03-03
9494000,36.0,13,1994-07-29,1994-08-11
9494000,5635.0,367,1995-07-31,1996-08-14
9494000,127.0,23,1996-08-19,1996-09-10
9494000,3251.0,243,1997-07-23,1998-03-22
9494000,913.0,68,1998-08-27,1998-11-02
9494000,662.0,48,1999-02-27,1999-04-15
9494000,24.0,6,1999-04-23,1999-04-30
9494000,4917.0,277,1999-12-07,2000-10-11
9494000,5289.0,265,2001-11-03,2002-07-25
9494000,231.0,26,2003-07-24,2003-08-19
9494000,9.0,6,2004-03-03,2004-03-08
9494000,29.0,10,2004-07-27,2004-08-06
9494000,9.0,5,2004-08-10,2004-08-15
9494000,10.0,10,2004-08-26,2004-09-06
9494000,36.0,22,2004-09-08,2004-09-29
9494000,20.0,10,2004-10-12,2004-10-21
9494000,1011.0,100,2005-12-19,2006-03-28
9494000,35.0,11,2006-07-18,2006-07-28
9494000,7.0,9,2007-04-16,2007-04-27
9494000,331.0,89,2007-04-30,2007-07-27
9494000,592.0,53,2007-10-15,2007-12-06
9494000,45.0,21,2008-12-01,2008-12-21
9494000,31.0,27,2009-01-27,2009-02-22
9494000,4716.0,238,2009-08-09,2010-04-04
9494000,1152.0,111,2010-11-11,2011-03-01
9494000,1146.0,146,2011-04-04,2011-08-30
9494000,11.0,15,2011-11-17,2011-12-01
9494000,12.0,7,2011-12-12,2011-12-18
9494000,245.0,81,2011-12-25,2012-03-23
9494000,21.0,9,2012-07-14,2012-07-22
9494000,578.0,97,2012-10-22,2013-01-26
9494000,1570.0,112,2014-03-25,2014-07-14
9494000,169.0,31,2015-04-06,2015-05-07
9494000,2356.0,137,2016-03-22,2016-08-07
9494000,420.0,57,2016-09-18,2016-11-15
9494000,36.0,12,2017-03-26,2017-04-06
9494000,900.0,86,2017-05-06,2017-07-30
9494000,9276.0,398,2017-09-12,2018-10-14
9494000,1964.0,127,2019-08-05,2019-12-11
9494000,7091.0,363,2020-07-25,2021-07-22
9494000,50.0,18,2022-03-08,2022-03-25
9490500,42.0,57,1989-04-04,1989-05-30
9490500,5687.0,359,1989-07-15,1990-07-26
9490500,28.0,11,1991-11-07,1991-11-17
9490500,143.0,36,1994-02-23,1994-03-30
9490500,243.0,26,1994-07-30,1994-08-24
9490500,4818.0,406,1995-08-11,1996-11-03
9490500,357.0,58,1997-08-01,1997-09-29
9490500,529.0,92,1997-12-22,1998-03-23
9490500,407.0,40,1998-09-23,1998-11-01
9490500,2263.0,146,1999-03-01,1999-07-24
9490500,6227.0,324,1999-11-27,2000-10-15
9490500,6497.0,315,2001-11-01,2002-09-11
9490500,13.0,9,2003-01-11,2003-01-19
9490500,282.0,36,2003-08-07,2003-09-13
9490500,537.0,81,2004-08-05,2004-10-30
9490500,1766.0,239,2005-12-02,2006-07-29
9490500,244.0,30,2007-11-02,2007-12-01
9490500,3240.0,197,2009-08-20,2010-03-08
9490500,66.0,17,2010-03-18,2010-04-03
9490500,2232.0,164,2010-09-30,2011-03-12
9490500,255.0,35,2011-07-07,2011-08-10
9490500,100.0,34,2011-11-18,2011-12-21
9490500,26.0,27,2012-01-27,2012-02-22
9490500,9.0,6,2012-03-23,2012-03-28
9490500,9.0,5,2012-07-31,2012-08-04
9490500,405.0,40,2012-10-17,2012-11-25
9490500,15.0,7,2013-01-20,2013-01-26
9490500,885.0,120,2014-03-30,2014-07-31
9490500,439.0,100,2016-03-30,2016-07-08
9490500,1552.0,131,2016-07-11,2016-11-21
9490500,242.0,67,2017-05-31,2017-08-06
9490500,11287.0,525,2017-09-12,2019-03-05
9490500,1444.0,100,2019-09-03,2019-12-11
9490500,8392.0,367,2020-07-30,2021-07-31
9490500,82.0,30,2021-12-12,2022-01-10
9490500,1343.0,125,2022-03-09,2022-07-11
9050100,140.0,12,1983-05-16,1983-05-27
9050100,289.0,25,1984-04-26,1984-05-20
9050100,95.0,30,1985-07-04,1985-08-05
9050100,371.0,57,1985-08-29,1985-10-24
9050100,5648.0,346,1987-05-22,1988-05-13
9050100,156.0,23,1988-05-23,1988-06-14
9050100,5202.0,257,1988-08-05,1989-04-18
9050100,5121.0,318,1989-05-28,1990-04-12
9050100,1734.0,116,1990-05-18,1990-09-10
9050100,2254.0,165,1991-11-07,1992-04-19
9050100,146.0,26,1992-05-30,1992-06-24
9050100,483.0,57,1992-07-21,1992-09-15
9050100,23.0,22,1992-10-24,1992-11-14
9050100,139.0,20,1993-04-17,1993-05-08
9050100,1129.0,230,1993-09-08,1994-04-25
9050100,3506.0,313,1994-05-26,1995-04-06
9050100,16.0,12,1995-04-13,1995-04-25
9050100,472.0,78,1996-09-10,1996-11-26
9050100,360.0,59,1998-06-07,1998-08-04
9050100,21.0,26,2000-06-25,2000-07-20
9050100,259.0,37,2000-08-01,2000-09-06
9050100,588.0,67,2001-06-16,2001-08-21
9050100,6.0,5,2002-04-01,2002-04-05
9050100,5462.0,357,2002-05-21,2003-05-17
9050100,34.0,13,2004-03-19,2004-04-01
9050100,1112.0,103,2004-05-28,2004-09-26
9050100,21.0,22,2005-09-28,2005-10-19
9050100,426.0,26,2008-05-03,2008-05-28
9050100,12.0,6,2009-05-02,2009-05-07
9050100,14.0,6,2010-05-17,2010-05-22
9050100,388.0,33,2011-04-26,2011-05-28
9050100,2713.0,168,2012-05-22,2012-11-05
9050100,287.0,26,2013-04-21,2013-05-16
9050100,141.0,16,2014-05-06,2014-05-21
9050100,590.0,50,2016-03-31,2016-05-20
9050100,1696.0,159,2016-11-15,2017-04-22
9050100,172.0,18,2018-04-23,2018-05-10
9050100,8465.0,367,2018-06-06,2019-06-07
9050100,4086.0,212,2019-10-21,2020-05-19
9050100,6921.0,312,2020-08-21,2021-07-03
9050100,1916.0,189,2021-11-27,2022-06-06
10258500,207.0,49,1984-08-14,1984-10-01
10258500,100.0,34,1985-08-29,1985-10-02
10258500,263.0,56,1987-08-08,1987-10-02
10258500,201.0,48,1988-08-13,1988-10-01
10258500,136.0,17,1989-01-05,1989-01-21
10258500,23.0,31,1989-05-11,1989-06-10
10258500,694.0,92,1989-07-01,1989-10-02
10258500,583.0,58,1989-12-13,1990-02-08
10258500,31.0,43,1990-04-27,1990-06-10
10258500,2634.0,250,1990-06-13,1991-02-27
10258500,19.0,5,1992-01-03,1992-01-07
10258500,383.0,34,1994-01-03,1994-02-06
10258500,343.0,66,1994-07-29,1994-10-02
10258500,300.0,29,1996-01-03,1996-02-03
10258500,343.0,66,1996-07-28,1996-10-01
10258500,19.0,26,1997-05-16,1997-06-10
10258500,578.0,83,1997-07-06,1997-10-02
10258500,14587.0,788,1999-01-03,2001-03-04
10258500,20.0,27,2001-05-15,2001-06-10
10258500,690.0,93,2001-06-30,2001-10-02
10258500,16.0,9,2001-12-17,2001-12-27
10258500,9277.0,393,2002-01-03,2003-02-20
10258500,195.0,47,2003-08-13,2003-10-02
10258500,696.0,52,2004-01-03,2004-02-25
10258500,9.0,12,2004-05-29,2004-06-09
10258500,484.0,78,2004-07-14,2004-10-01
10258500,809.0,61,2006-01-04,2006-03-07
10258500,6798.0,392,2007-01-03,2008-02-01
10258500,15.0,20,2008-05-20,2008-06-09
10258500,546.0,83,2008-07-09,2008-10-01
10258500,225.0,51,2009-08-12,2009-10-02
10258500,5.0,7,2010-09-25,2010-10-01
10258500,24661.0,1314,2012-02-28,2015-10-15
10258500,655.0,73,2015-11-28,2016-02-09
10258500,5114.0,279,2016-02-20,2016-11-26
10258500,136.0,25,2016-12-25,2017-01-18
10258500,184.0,45,2017-08-17,2017-10-02
10258500,246.0,24,2018-01-03,2018-01-28
10258500,3787.0,295,2018-02-28,2018-12-22
10258500,174.0,20,2019-01-03,2019-01-24
10258500,11389.0,703,2021-02-28,2023-02-01
9058000,43.0,15,1983-04-27,1983-05-11
9058000,3083.0,214,1987-04-26,1987-11-27
9058000,3546.0,222,1988-08-13,1989-03-22
9058000,2130.0,305,1989-05-31,1990-04-16
9058000,1277.0,152,1990-05-14,1990-10-12
9058000,319.0,26,1991-04-22,1991-05-17
9058000,836.0,144,1991-11-28,1992-04-19
9058000,100.0,24,1992-06-12,1992-07-05
9058000,7.0,9,1992-07-20,1992-07-28
9058000,72.0,29,1992-08-06,1992-09-03
9058000,175.0,146,1992-11-03,1993-03-30
9058000,60.0,9,1994-04-18,1994-04-26
9058000,7228.0,367,1994-05-16,1995-05-17
9058000,4.0,5,1996-09-04,1996-09-08
9058000,205.0,44,1996-09-15,1996-10-28
9058000,497.0,59,1998-06-09,1998-08-06
9058000,92.0,26,1999-05-18,1999-06-12
9058000,16.0,5,2000-04-20,2000-04-24
9058000,536.0,79,2000-06-28,2000-09-14
9058000,132.0,31,2001-03-22,2001-04-21
9058000,11574.0,646,2001-05-24,2003-03-17
9058000,2219.0,133,2004-05-17,2004-09-26
9058000,7.0,9,2006-07-12,2006-07-20
9058000,18.0,15,2007-07-30,2007-08-13
9058000,94.0,18,2010-03-29,2010-04-17
9058000,144.0,27,2010-04-24,2010-05-20
9058000,54.0,27,2010-06-11,2010-07-11
9058000,5312.0,361,2012-05-12,2013-05-15
9058000,4.0,5,2015-10-30,2015-11-03
9058000,98.0,17,2016-04-22,2016-05-08
9058000,2138.0,208,2016-09-27,2017-04-22
9058000,36.0,9,2017-05-22,2017-05-30
9058000,549.0,44,2018-03-31,2018-05-13
9058000,8212.0,365,2018-06-06,2019-06-05
9058000,3585.0,219,2019-10-13,2020-05-18
9058000,6321.0,275,2020-09-09,2021-06-10
9058000,1407.0,83,2022-03-18,2022-06-08
9312600,42929.0,2189,1987-04-08,1993-04-07
9312600,7.0,9,1994-12-23,1994-12-31
9312600,19.0,6,2001-03-14,2001-03-19
9312600,6322.0,375,2002-02-20,2003-03-16
9312600,27.0,34,2003-11-28,2003-12-31
9312600,597.0,41,2004-01-31,2004-03-12
9312600,16.0,5,2008-03-13,2008-03-17
9312600,17.0,7,2010-04-01,2010-04-11
9312600,1639.0,321,2012-05-02,2013-03-25
9312600,16.0,5,2016-03-15,2016-03-21
9312600,10.0,13,2016-04-18,2016-05-01
9312600,12.0,17,2016-12-14,2016-12-30
9312600,7268.0,382,2018-03-14,2019-03-31
9312600,92.0,13,2019-04-06,2019-04-18
9312600,17212.0,1049,2020-03-13,2023-02-01
9025000,228.0,21,1983-05-22,1983-06-11
9025000,30.0,5,1984-05-16,1984-05-20
9025000,1770.0,93,1987-06-05,1987-09-05
9025000,4439.0,219,1988-09-05,1989-04-11
9025000,2525.0,210,1989-10-05,1990-05-03
9025000,11.0,15,1990-07-14,1990-07-28
9025000,68.0,23,1990-08-17,1990-09-09
9025000,181.0,17,1991-05-01,1991-05-19
9025000,1739.0,167,1991-11-20,1992-05-05
9025000,18.0,14,1992-06-12,1992-06-25
9025000,65.0,15,1992-08-12,1992-08-27
9025000,135.0,21,1993-05-04,1993-05-25
9025000,4.0,5,1994-02-14,1994-02-18
9025000,5.0,7,1994-02-25,1994-03-03
9025000,253.0,59,1994-03-09,1994-05-09
9025000,7829.0,358,1994-06-11,1995-06-05
9025000,1569.0,244,1996-08-26,1997-05-02
9025000,30.0,14,1998-06-17,1998-06-30
9025000,1555.0,109,2000-06-11,2000-09-28
9025000,1819.0,123,2001-06-09,2001-10-11
9025000,17.0,20,2001-10-15,2001-11-05
9025000,16.0,18,2001-11-09,2001-11-27
9025000,4.0,6,2001-12-02,2001-12-11
9025000,9.0,6,2002-01-18,2002-01-23
9025000,47.0,60,2002-01-29,2002-04-08
9025000,6733.0,356,2002-05-24,2003-05-17
9025000,1233.0,102,2004-06-02,2004-09-12
9025000,139.0,36,2005-09-12,2005-10-17
9025000,449.0,77,2006-06-13,2006-08-29
9025000,86.0,28,2006-09-07,2006-10-06
9025000,266.0,23,2008-05-10,2008-06-01
9025000,1011.0,95,2009-09-03,2009-12-06
9025000,604.0,72,2010-06-06,2010-08-16
9025000,165.0,36,2010-10-05,2010-11-09
9025000,4206.0,365,2012-05-25,2013-05-25
9025000,834.0,93,2013-05-31,2013-09-02
9025000,11.0,15,2014-07-29,2014-08-12
9025000,10.0,13,2015-07-01,2015-07-13
9025000,5031.0,262,2015-09-22,2016-06-09
9025000,5252.0,289,2016-08-28,2017-06-12
9025000,76.0,10,2018-05-03,2018-05-16
9025000,8503.0,355,2018-06-27,2019-06-16
9025000,3572.0,212,2019-11-01,2020-05-30
9025000,1677.0,191,2020-12-02,2021-06-10
9025000,362.0,31,2022-05-10,2022-06-09
10259540,44.0,23,1984-04-11,1984-05-05
10259540,22.0,7,1989-02-28,1989-03-09
10259540,544.0,99,1989-05-05,1989-08-27
10259540,38.0,10,1989-09-12,1989-09-24
10259540,2387.0,178,1989-09-29,1990-04-03
10259540,5716.0,280,1990-05-20,1991-02-27
10259540,5.0,7,1996-11-09,1996-11-16
10259540,304.0,51,1997-03-11,1997-05-04
10259540,9.0,6,1997-05-12,1997-05-17
10259540,17.0,6,1997-05-26,1997-06-01
10259540,11.0,8,1997-06-13,1997-06-21
10259540,12.0,7,1997-07-03,1997-07-09
10259540,1500.0,138,1999-02-13,1999-07-06
10259540,100.0,26,1999-07-11,1999-08-11
10259540,167.0,25,1999-08-20,1999-09-16
10259540,69.0,10,1999-09-21,1999-10-01
10259540,1701.0,144,1999-10-07,2000-03-08
10259540,4942.0,276,2000-05-28,2001-03-06
10259540,13.0,9,2001-08-10,2001-08-20
10259540,11428.0,517,2001-08-30,2003-02-12
10259540,141.0,23,2003-10-20,2003-11-11
10259540,16.0,7,2003-12-16,2003-12-25
10259540,404.0,50,2004-01-04,2004-02-22
10259540,46.0,18,2004-08-16,2004-09-10
10259540,316.0,34,2004-09-16,2004-10-19
10259540,14.0,5,2006-02-23,2006-02-27
10259540,7432.0,382,2007-01-06,2008-02-01
10259540,56.0,21,2008-11-21,2008-12-15
10259540,41.0,20,2009-11-02,2009-11-24
10259540,45.0,12,2009-11-26,2009-12-12
10259540,161.0,27,2012-02-28,2012-03-29
10259540,11171.0,677,2012-12-22,2014-12-02
10259540,68.0,10,2015-02-13,2015-02-27
10259540,851.0,76,2015-03-25,2015-06-12
10259540,985.0,106,2015-06-16,2015-10-19
10259540,59.0,10,2015-10-25,2015-11-03
10259540,391.0,47,2015-11-18,2016-01-05
10259540,773.0,86,2016-03-16,2016-06-14
10259540,512.0,75,2016-07-09,2016-09-28
10259540,1270.0,114,2018-02-23,2018-06-19
10259540,48.0,27,2018-06-22,2018-07-24
10259540,66.0,10,2018-10-03,2018-10-12
10259540,4206.0,313,2021-02-06,2021-12-28
10259540,3488.0,248,2021-12-30,2022-09-09
10259540,16.0,6,2022-09-24,2022-10-02
10259540,74.0,15,2022-12-15,2022-12-31
9498400,26.0,5,1986-08-21,1986-08-25
9498400,74.0,24,1989-03-07,1989-04-03
9498400,275.0,33,1989-06-11,1989-07-21
9498400,178.0,27,1989-09-05,1989-10-02
9498400,39.0,6,1989-10-16,1989-10-24
9498400,1736.0,144,1989-10-26,1990-03-28
9498400,6.0,5,1990-04-09,1990-04-13
9498400,65.0,5,1990-08-06,1990-08-10
9498400,40.0,8,1995-08-29,1995-09-06
9498400,573.0,52,1995-12-20,1996-02-15
9498400,1238.0,129,1996-02-19,1996-07-03
9498400,124.0,9,1996-07-18,1996-07-27
9498400,437.0,24,1996-07-29,1996-08-27
9498400,91.0,5,1996-09-07,1996-09-13
9498400,275.0,33,1996-09-20,1996-10-25
9498400,826.0,61,1996-10-30,1997-01-06
9498400,7.0,5,1997-01-18,1997-01-23
9498400,670.0,49,1997-06-27,1997-08-23
9498400,843.0,46,1997-08-27,1997-10-21
9498400,703.0,37,1997-10-24,1997-12-06
9498400,44.0,10,1997-12-10,1997-12-19
9498400,1026.0,77,1999-01-13,1999-04-04
9498400,503.0,71,1999-04-06,1999-06-17
9498400,190.0,17,1999-06-20,1999-07-10
9498400,4690.0,244,1999-11-22,2000-08-05
9498400,434.0,37,2000-09-01,2000-10-09
9498400,5412.0,254,2001-12-23,2002-09-10
9498400,2125.0,78,2002-09-12,2002-12-02
9498400,1935.0,78,2002-12-04,2003-02-25
9498400,56.0,10,2003-07-04,2003-07-15
9498400,66.0,10,2003-07-17,2003-07-30
9498400,78.0,6,2003-08-06,2003-08-13
9498400,178.0,10,2003-08-16,2003-08-25
9498400,49.0,11,2004-01-03,2004-01-14
9498400,32.0,13,2004-01-19,2004-02-03
9498400,8.0,7,2004-02-26,2004-03-03
9498400,31.0,6,2004-07-09,2004-07-16
9498400,196.0,14,2004-07-29,2004-08-13
9498400,341.0,30,2004-08-20,2004-09-22
9498400,99.0,18,2004-10-05,2004-10-24
9498400,9.0,6,2004-12-22,2004-12-28
9498400,53.0,12,2005-10-26,2005-11-11
9498400,4202.0,214,2005-11-26,2006-07-01
9498400,423.0,21,2006-07-03,2006-07-25
9498400,391.0,41,2006-12-07,2007-01-21
9498400,1917.0,166,2007-01-24,2007-07-21
9498400,85.0,6,2007-08-10,2007-08-18
9498400,53.0,9,2007-08-21,2007-08-31
9498400,28.0,8,2007-09-02,2007-09-13
9498400,18.0,5,2007-09-15,2007-09-20
9498400,1114.0,63,2007-09-25,2007-11-29
9498400,2640.0,124,2009-07-26,2009-12-07
9498400,334.0,34,2009-12-16,2010-01-19
9498400,33.0,15,2011-03-05,2011-03-20
9498400,642.0,101,2011-03-23,2011-07-09
9498400,705.0,44,2011-07-13,2011-09-09
9498400,291.0,18,2011-09-16,2011-10-04
9498400,345.0,25,2011-10-10,2011-11-04
9498400,356.0,20,2011-11-10,2011-12-01
9498400,1472.0,132,2012-02-24,2012-07-13
9498400,51.0,6,2012-07-16,2012-07-23
9498400,23.0,5,2012-08-16,2012-08-20
9498400,268.0,23,2012-11-21,2012-12-13
9498400,338.0,22,2013-07-22,2013-08-20
9498400,97.0,6,2013-08-22,2013-08-29
9498400,819.0,69,2013-09-05,2013-11-21
9498400,397.0,39,2014-01-20,2014-02-28
9498400,378.0,60,2014-05-01,2014-07-03
9498400,257.0,18,2014-07-10,2014-08-01
9498400,26.0,6,2015-08-14,2015-08-21
9498400,4.0,6,2016-04-01,2016-04-07
9498400,55.0,32,2016-04-12,2016-05-18
9498400,7.0,6,2016-06-23,2016-06-29
9498400,256.0,26,2016-07-04,2016-07-31
9498400,852.0,45,2016-08-08,2016-09-26
9498400,638.0,32,2016-10-04,2016-11-07
9498400,221.0,16,2016-11-10,2016-11-27
9498400,371.0,17,2016-11-30,2016-12-19
9498400,12.0,6,2017-09-17,2017-09-24
9498400,6415.0,298,2017-09-27,2018-08-01
9498400,1156.0,50,2018-08-04,2018-10-06
9498400,254.0,34,2018-10-26,2018-12-06
9498400,289.0,23,2018-12-12,2019-01-04
9498400,155.0,24,2019-01-08,2019-02-02
9498400,1635.0,91,2019-08-13,2019-11-19
9498400,39.0,6,2020-07-21,2020-07-27
9498400,267.0,21,2020-07-30,2020-08-22
9498400,7328.0,306,2020-08-25,2021-07-13
9498400,188.0,10,2021-08-01,2021-08-10
9498400,21.0,5,2021-11-30,2021-12-05
9498400,98.0,7,2021-12-17,2021-12-23
9498400,2077.0,138,2022-02-04,2022-06-30
9498400,79.0,8,2022-07-04,2022-07-12
9380000,8186.0,869,1989-12-15,1992-05-01
9380000,133.0,72,1995-01-12,1995-03-24
9380000,251.0,156,2001-02-02,2001-07-07
9380000,16578.0,1269,2001-07-23,2005-01-11
9380000,6607.0,526,2012-07-07,2013-12-14
9380000,9470.0,446,2018-05-03,2019-07-22
9380000,20917.0,1045,2020-03-24,2023-02-01
9480500,38.0,26,1990-01-12,1990-02-08
9480500,788.0,164,1990-02-13,1990-07-26
9480500,4.0,5,1996-11-29,1996-12-03
9480500,7515.0,414,1997-01-01,1998-02-18
9480500,98.0,17,1998-07-22,1998-08-07
9480500,17868.0,775,1998-08-17,2000-10-11
9480500,82.0,16,2002-07-28,2002-08-16
9480500,263.0,86,2002-08-25,2002-11-24
9480500,67.0,42,2003-08-08,2003-09-22
9480500,164.0,48,2003-10-13,2003-12-04
9480500,707.0,71,2004-01-01,2004-03-11
9480500,160.0,18,2004-03-27,2004-04-13
9480500,3191.0,175,2004-07-21,2005-01-11
9480500,64.0,7,2005-02-06,2005-02-12
9480500,1102.0,143,2005-03-17,2005-08-08
9480500,4496.0,279,2005-10-28,2006-08-06
9480500,703.0,94,2006-11-05,2007-02-06
9480500,208.0,21,2007-03-07,2007-03-27
9480500,882.0,95,2007-04-22,2007-07-27
9480500,2161.0,173,2009-08-05,2010-01-24
9480500,1269.0,134,2011-08-05,2011-12-16
9480500,36.0,25,2012-01-13,2012-02-08
9480500,39.0,23,2012-02-13,2012-03-06
9480500,1120.0,131,2012-03-12,2012-07-20
9480500,55.0,15,2012-11-05,2012-11-23
9480500,85.0,30,2012-11-29,2012-12-31
9480500,2263.0,182,2013-01-24,2013-07-24
9480500,30.0,8,2013-08-15,2013-08-22
9480500,6073.0,317,2013-08-30,2014-07-16
9480500,5.0,7,2016-04-14,2016-04-20
9480500,234.0,23,2016-07-21,2016-08-12
9480500,155.0,46,2018-01-12,2018-02-28
9480500,1699.0,102,2018-07-25,2018-11-03
9480500,1311.0,115,2018-11-22,2019-03-16
9480500,4.0,5,2019-07-02,2019-07-06
9480500,2490.0,130,2019-07-17,2019-11-29
9480500,8994.0,361,2020-07-27,2021-07-22
9480500,4.0,5,2021-11-30,2021-12-04
9480500,91.0,22,2021-12-13,2022-01-03
9480500,2386.0,154,2022-02-24,2022-07-27
9166500,38.0,28,1989-07-03,1989-07-30
9166500,259.0,50,1990-03-02,1990-04-20
9166500,222.0,91,1993-12-12,1994-03-12
9166500,110.0,30,1994-04-11,1994-05-11
9166500,26.0,6,1994-05-27,1994-06-01
9166500,5.0,7,1994-06-07,1994-06-13
9166500,2362.0,241,1994-06-23,1995-02-18
9166500,349.0,33,1995-04-24,1995-05-26
9166500,6217.0,294,1996-03-25,1997-01-13
9166500,1740.0,134,1998-07-31,1998-12-11
9166500,149.0,20,1999-04-05,1999-04-24
9166500,2488.0,183,1999-10-24,2000-04-29
9166500,5510.0,357,2000-05-20,2001-05-12
9166500,597.0,83,2001-06-02,2001-08-24
9166500,6901.0,384,2001-09-27,2002-10-15
9166500,839.0,103,2003-05-26,2003-09-05
9166500,289.0,52,2004-08-05,2004-09-25
9166500,1738.0,105,2006-05-09,2006-08-23
9166500,165.0,25,2007-05-13,2007-06-06
9166500,4.0,5,2007-08-01,2007-08-05
9166500,8.0,11,2007-09-06,2007-09-16
9166500,89.0,35,2008-02-19,2008-03-24
9166500,42.0,8,2008-05-02,2008-05-12
9166500,41.0,19,2008-10-11,2008-10-29
9166500,117.0,46,2008-11-23,2009-01-08
9166500,166.0,46,2009-01-14,2009-03-01
9166500,200.0,23,2009-04-10,2009-05-02
9166500,1581.0,196,2009-08-13,2010-04-09
9166500,44.0,14,2011-05-11,2011-05-25
9166500,119.0,36,2011-08-25,2011-09-29
9166500,9590.0,455,2012-05-13,2013-08-10
9166500,84.0,11,2014-05-10,2014-05-20
9166500,180.0,23,2016-04-20,2016-05-14
9166500,6.0,8,2017-09-30,2017-10-07
9166500,4.0,6,2017-10-18,2017-10-23
9166500,8949.0,535,2017-10-31,2019-05-13
9166500,30.0,8,2019-05-19,2019-05-26
9166500,5205.0,247,2019-09-17,2020-06-21
9166500,5415.0,342,2020-08-20,2021-07-27
9166500,108.0,24,2022-03-12,2022-04-04
9166500,158.0,36,2022-05-27,2022-07-02
9081600,220.0,39,1983-01-24,1983-03-03
9081600,1153.0,63,1983-03-30,1983-06-09
9081600,440.0,32,1983-09-23,1983-10-24
9081600,701.0,41,1984-02-29,1984-04-09
9081600,18.0,5,1985-04-02,1985-04-06
9081600,60.0,15,1985-09-02,1985-09-16
9081600,49.0,7,1986-04-20,1986-04-28
9081600,187.0,16,1986-05-12,1986-05-27
9081600,760.0,38,1987-03-27,1987-05-03
9081600,45.0,8,1987-05-29,1987-06-08
9081600,33.0,18,1987-06-21,1987-07-08
9081600,485.0,33,1987-07-27,1987-08-28
9081600,581.0,41,1987-09-24,1987-11-03
9081600,19.0,6,1988-03-03,1988-03-09
9081600,73.0,10,1988-03-18,1988-03-27
9081600,132.0,14,1988-05-03,1988-05-16
9081600,50.0,5,1988-06-01,1988-06-05
9081600,819.0,53,1988-07-26,1988-09-16
9081600,541.0,62,1988-10-29,1989-01-04
9081600,561.0,56,1989-01-13,1989-03-09
9081600,145.0,22,1989-07-25,1989-08-18
9081600,2945.0,179,1989-09-12,1990-03-26
9081600,76.0,7,1990-05-18,1990-05-24
9081600,1536.0,96,1990-06-01,1990-09-11
9081600,483.0,30,1991-04-14,1991-05-13
9081600,107.0,20,1991-08-25,1991-09-13
9081600,1478.0,146,1991-10-09,1992-03-02
9081600,221.0,22,1992-06-03,1992-06-24
9081600,74.0,25,1992-07-30,1992-08-23
9081600,165.0,29,1992-10-21,1992-11-18
9081600,691.0,68,1993-01-18,1993-03-26
9081600,734.0,70,1993-12-27,1994-03-09
9081600,288.0,17,1994-04-07,1994-04-23
9081600,90.0,9,1994-04-29,1994-05-07
9081600,1716.0,99,1994-06-29,1994-10-05
9081600,55.0,8,1995-04-25,1995-05-02
9081600,102.0,9,1995-05-28,1995-06-05
9081600,84.0,12,1996-05-30,1996-06-10
9081600,42.0,11,1996-09-10,1996-09-21
9081600,15.0,10,1998-03-15,1998-03-24
9081600,9.0,6,1998-04-21,1998-04-26
9081600,61.0,17,1998-06-09,1998-06-28
9081600,6.0,5,1998-07-13,1998-07-17
9081600,72.0,12,1998-09-28,1998-10-09
9081600,249.0,17,1999-04-08,1999-04-24
9081600,150.0,11,1999-05-13,1999-05-23
9081600,301.0,62,1999-11-20,2000-01-20
9081600,60.0,15,2000-03-30,2000-04-14
9081600,608.0,51,2000-06-05,2000-07-25
9081600,12.0,7,2000-08-18,2000-08-24
9081600,1603.0,113,2000-11-03,2001-02-24
9081600,714.0,53,2001-06-07,2001-07-29
9081600,413.0,28,2002-03-02,2002-03-29
9081600,3053.0,122,2002-05-25,2002-09-23
9081600,160.0,18,2003-04-10,2003-04-27
9081600,116.0,12,2003-05-08,2003-05-23
9081600,481.0,48,2003-07-24,2003-09-09
9081600,100.0,20,2003-11-02,2003-11-21
9081600,73.0,16,2004-02-13,2004-02-28
9081600,877.0,99,2004-06-13,2004-09-24
9081600,213.0,31,2006-06-12,2006-07-12
9081600,272.0,28,2007-05-24,2007-06-20
9081600,99.0,25,2007-07-10,2007-08-03
9081600,13.0,5,2007-09-16,2007-09-20
9081600,386.0,34,2008-02-25,2008-03-29
9081600,64.0,11,2008-05-15,2008-05-29
9081600,1076.0,104,2008-09-30,2009-01-12
9081600,171.0,20,2009-04-04,2009-04-26
9081600,442.0,37,2009-08-26,2009-10-06
9081600,5.0,7,2009-10-10,2009-10-16
9081600,425.0,37,2010-02-23,2010-03-31
9081600,181.0,18,2010-05-03,2010-05-22
9081600,88.0,10,2011-05-04,2011-05-17
9081600,81.0,7,2011-05-22,2011-05-28
9081600,313.0,31,2011-08-30,2011-10-08
9081600,33.0,9,2012-03-09,2012-03-17
9081600,1148.0,55,2012-05-29,2012-07-22
9081600,2042.0,148,2012-09-18,2013-02-12
9081600,73.0,13,2013-03-08,2013-03-20
9081600,18.0,5,2013-03-29,2013-04-02
9081600,290.0,23,2013-04-23,2013-05-15
9081600,34.0,7,2013-07-20,2013-07-26
9081600,48.0,6,2014-05-02,2014-05-07
9081600,35.0,5,2014-05-16,2014-05-20
9081600,290.0,16,2015-05-19,2015-06-03
9081600,53.0,13,2015-10-17,2015-10-29
9081600,1273.0,66,2016-03-26,2016-05-30
9081600,206.0,31,2016-08-03,2016-09-04
9081600,2241.0,115,2016-09-25,2017-01-17
9081600,597.0,33,2017-04-27,2017-06-02
9081600,2391.0,205,2017-09-21,2018-05-09
9081600,4756.0,253,2018-06-03,2019-03-04
9081600,152.0,18,2019-03-21,2019-04-07
9081600,507.0,26,2019-05-12,2019-06-06
9081600,5442.0,225,2019-09-15,2020-05-01
9081600,8401.0,399,2020-06-09,2021-07-30
9081600,923.0,58,2022-03-09,2022-05-11
9081600,149.0,14,2022-05-23,2022-06-08
9070000,1031.0,72,1983-03-11,1983-05-24
9070000,90.0,23,1984-03-13,1984-04-04
9070000,74.0,14,1984-04-28,1984-05-11
9070000,82.0,29,1985-09-13,1985-10-11
9070000,129.0,49,1986-05-25,1986-07-12
9070000,178.0,30,1986-08-14,1986-09-12
9070000,18817.0,1053,1987-03-22,1990-04-28
9070000,2225.0,157,1990-05-06,1990-10-09
9070000,566.0,44,1991-04-04,1991-05-18
9070000,1707.0,184,1991-10-12,1992-04-12
9070000,1232.0,107,1992-05-13,1992-08-27
9070000,659.0,155,1992-10-17,1993-03-21
9070000,23.0,18,1993-08-31,1993-09-17
9070000,18.0,8,1993-10-10,1993-10-17
9070000,552.0,81,1994-02-14,1994-05-05
9070000,3815.0,264,1994-05-26,1995-02-13
9070000,444.0,47,1996-08-23,1996-10-08
9070000,22.0,10,1999-04-17,1999-04-26
9070000,124.0,23,2000-08-07,2000-08-29
9070000,8.0,7,2001-07-12,2001-07-19
9070000,59.0,24,2001-07-21,2001-08-13
9070000,24.0,19,2002-02-25,2002-03-17
9070000,2988.0,140,2002-05-17,2002-10-03
9070000,228.0,38,2004-05-29,2004-07-05
9070000,18.0,5,2006-07-07,2006-07-11
9070000,274.0,35,2007-07-13,2007-08-16
9070000,1846.0,79,2012-05-12,2012-07-29
9070000,295.0,36,2016-04-09,2016-05-15
9070000,2064.0,137,2016-10-09,2017-02-22
9070000,301.0,45,2017-04-06,2017-05-25
9070000,8625.0,622,2017-07-31,2019-04-16
9070000,3768.0,208,2019-10-04,2020-05-15
9070000,9853.0,611,2020-08-16,2022-05-29
9277500,27.0,10,1987-05-12,1987-05-22
9277500,288.0,33,1988-04-11,1988-05-22
9277500,145.0,88,1988-05-27,1988-08-22
9277500,2287.0,206,1988-10-09,1989-05-14
9277500,6204.0,311,1989-05-16,1990-03-23
9277500,833.0,62,1991-03-12,1991-05-19
9277500,7082.0,325,1992-05-05,1993-03-25
9277500,138.0,18,1994-04-25,1994-05-12
9277500,1759.0,171,1994-05-20,1994-11-06
9277500,180.0,29,2000-05-10,2000-06-07
9277500,35.0,48,2000-08-22,2000-10-08
9277500,186.0,81,2000-12-29,2001-03-22
9277500,35.0,8,2001-03-24,2001-04-02
9277500,85.0,16,2001-04-08,2001-04-26
9277500,3611.0,323,2001-05-24,2002-04-12
9277500,7067.0,338,2002-04-17,2003-03-26
9277500,33.0,8,2003-04-04,2003-04-11
9277500,263.0,29,2003-06-01,2003-06-30
9277500,1256.0,139,2003-11-07,2004-03-29
9277500,1478.0,186,2004-05-18,2004-11-20
9277500,4503.0,355,2007-05-09,2008-05-04
9277500,203.0,21,2010-04-01,2010-04-25
9277500,187.0,15,2010-04-29,2010-05-14
9277500,2735.0,358,2012-05-12,2013-05-06
9277500,103.0,17,2016-04-16,2016-05-04
9277500,8484.0,376,2018-03-25,2019-04-18
9277500,397.0,36,2020-03-25,2020-04-30
9277500,86.0,11,2020-05-05,2020-05-17
9277500,8853.0,517,2020-11-21,2022-05-27
9277500,3483.0,215,2022-07-02,2023-02-01
9408400,29.0,13,1985-02-12,1985-02-24
9408400,10520.0,727,1989-03-30,1991-04-02
9408400,23.0,8,1992-02-12,1992-02-19
9408400,17.0,6,1993-03-10,1993-03-15
9408400,9.0,6,1996-03-12,1996-03-18
9408400,5960.0,310,1996-03-20,1997-01-25
9408400,42.0,28,1997-07-04,1997-08-11
9408400,12.0,10,1997-08-16,1997-08-27
9408400,14.0,9,1999-04-16,1999-04-25
9408400,532.0,62,2000-01-23,2000-03-28
9408400,28.0,25,2000-09-02,2000-09-30
9408400,7.0,9,2000-10-11,2000-10-19
9408400,10271.0,424,2002-01-22,2003-03-29
9408400,9.0,6,2003-04-10,2003-04-15
9408400,6.0,8,2003-05-13,2003-05-22
9408400,1108.0,185,2003-09-04,2004-03-08
9408400,57.0,13,2007-01-31,2007-02-13
9408400,9616.0,399,2007-02-17,2008-03-26
9408400,2736.0,320,2008-04-14,2009-03-06
9408400,2569.0,276,2009-07-04,2010-04-14
9408400,4926.0,513,2012-03-27,2013-09-07
9408400,7.0,10,2014-05-02,2014-05-12
9408400,68.0,73,2014-05-16,2014-08-01
9408400,11.0,9,2014-08-06,2014-08-17
9408400,6.0,5,2014-08-20,2014-08-24
9408400,171.0,47,2017-01-14,2017-03-02
9408400,140.0,38,2018-01-24,2018-03-10
9408400,7286.0,360,2018-03-12,2019-03-14
9408400,8050.0,400,2021-01-09,2022-02-17
9408400,51.0,7,2022-02-22,2022-02-28
9408400,4196.0,311,2022-03-25,2023-01-29
9261000,158.0,23,1987-04-17,1987-05-09
9261000,140.0,25,1987-05-31,1987-06-28
9261000,5.0,7,1988-05-14,1988-05-21
9261000,4358.0,247,1988-07-16,1989-03-19
9261000,4239.0,358,1989-05-23,1990-06-15
9261000,2046.0,136,1990-06-22,1990-11-04
9261000,540.0,52,1991-03-28,1991-05-23
9261000,9.0,12,1992-02-21,1992-03-03
9261000,62.0,11,1992-04-10,1992-04-20
9261000,51.0,7,1992-05-25,1992-06-02
9261000,2829.0,288,1992-06-12,1993-03-27
9261000,145.0,18,1994-04-13,1994-04-30
9261000,3534.0,213,1994-05-30,1995-02-02
9261000,268.0,26,1995-04-08,1995-05-03
9261000,24.0,6,2000-05-23,2000-05-29
9261000,2418.0,259,2000-06-11,2001-04-12
9261000,13562.0,628,2001-05-29,2003-02-20
9261000,2043.0,261,2003-07-22,2004-04-09
9261000,990.0,60,2004-05-22,2004-07-20
9261000,81.0,41,2007-06-02,2007-07-16
9261000,529.0,73,2007-07-24,2007-10-04
9261000,389.0,45,2010-03-05,2010-04-20
9261000,279.0,28,2010-04-29,2010-05-26
9261000,1003.0,64,2012-05-16,2012-07-18
9261000,3529.0,201,2012-11-03,2013-05-22
9261000,40.0,54,2013-08-04,2013-09-26
9261000,118.0,24,2017-04-22,2017-05-17
9261000,1717.0,127,2018-03-18,2018-07-25
9261000,4678.0,239,2018-10-15,2019-06-10
9261000,1049.0,144,2019-11-18,2020-04-09
9261000,221.0,29,2020-04-27,2020-05-25
9261000,10783.0,534,2020-10-04,2022-06-11
9261000,7.0,9,2022-07-26,2022-08-03
9261000,87.0,26,2022-09-27,2022-10-22
9261000,174.0,82,2022-11-12,2023-02-01
9365500,136.0,12,1983-03-19,1983-03-30
9365500,204.0,14,1983-04-05,1983-04-18
9365500,1206.0,63,1984-01-14,1984-03-16
9365500,42.0,6,1984-04-26,1984-05-01
9365500,455.0,22,1984-07-30,1984-08-22
9365500,503.0,30,1985-08-20,1985-09-18
9365500,28.0,5,1986-03-17,1986-03-21
9365500,123.0,14,1987-03-22,1987-04-04
9365500,51.0,19,1988-11-03,1988-11-24
9365500,2148.0,100,1988-11-29,1989-03-08
9365500,1642.0,96,1989-04-25,1989-07-31
9365500,844.0,47,1989-09-04,1989-10-25
9365500,2817.0,142,1989-11-04,1990-03-26
9365500,62.0,11,1991-03-15,1991-03-28
9365500,915.0,47,1991-07-22,1991-09-09
9365500,1270.0,64,1991-10-12,1991-12-21
9365500,1449.0,65,1991-12-25,1992-03-05
9365500,55.0,12,1992-03-07,1992-03-19
9365500,116.0,20,1993-02-24,1993-03-15
9365500,389.0,20,1993-08-04,1993-08-25
9365500,58.0,5,1994-04-09,1994-04-13
9365500,1715.0,112,1994-06-19,1994-10-23
9365500,127.0,9,1995-04-19,1995-04-27
9365500,198.0,11,1995-08-14,1995-08-24
9365500,2854.0,123,1995-10-12,1996-02-11
9365500,127.0,20,1996-03-11,1996-04-01
9365500,3829.0,186,1996-04-14,1996-10-22
9365500,78.0,10,1997-04-07,1997-04-17
9365500,106.0,12,1998-04-07,1998-04-22
9365500,11.0,12,1998-06-25,1998-07-09
9365500,2161.0,105,1998-07-18,1998-10-30
9365500,302.0,19,1999-04-03,1999-04-23
9365500,51.0,19,1999-11-04,1999-11-25
9365500,342.0,14,2000-01-01,2000-01-16
9365500,3169.0,196,2000-05-06,2000-11-24
9365500,575.0,26,2001-01-12,2001-02-06
9365500,48.0,6,2001-04-12,2001-04-17
9365500,782.0,63,2001-06-09,2001-08-19
9365500,10449.0,432,2001-09-07,2002-11-20
9365500,323.0,14,2002-11-25,2002-12-11
9365500,432.0,18,2002-12-31,2003-01-17
9365500,18.0,8,2003-03-02,2003-03-10
9365500,158.0,14,2003-03-29,2003-04-11
9365500,21.0,7,2003-05-08,2003-05-14
9365500,1537.0,107,2003-05-24,2003-09-08
9365500,26.0,8,2003-10-12,2003-10-22
9365500,1869.0,87,2003-12-18,2004-03-15
9365500,1050.0,56,2004-07-26,2004-09-19
9365500,642.0,35,2005-08-03,2005-09-09
9365500,335.0,18,2005-09-11,2005-09-28
9365500,51.0,9,2006-03-16,2006-03-24
9365500,7.0,5,2006-04-11,2006-04-15
9365500,3057.0,162,2006-04-21,2006-10-01
9365500,561.0,47,2007-04-03,2007-05-23
9365500,541.0,60,2007-06-02,2007-08-05
9365500,409.0,22,2007-09-07,2007-09-30
9365500,3821.0,177,2007-10-12,2008-04-09
9365500,3305.0,140,2008-10-07,2009-02-23
9365500,20.0,5,2009-04-05,2009-04-10
9365500,37.0,6,2009-04-16,2009-04-22
9365500,15.0,7,2009-05-15,2009-05-21
9365500,5752.0,255,2009-07-27,2010-04-07
9365500,263.0,12,2010-07-18,2010-07-31
9365500,15.0,6,2011-05-01,2011-05-06
9365500,1341.0,70,2011-08-01,2011-10-10
9365500,8428.0,358,2012-04-16,2013-04-23
9365500,1486.0,109,2013-05-05,2013-08-30
9365500,70.0,10,2014-04-07,2014-04-21
9365500,2582.0,155,2014-04-23,2014-09-26
9365500,151.0,20,2015-04-18,2015-05-10
9365500,902.0,52,2015-08-27,2015-10-17
9365500,53.0,6,2016-03-27,2016-04-02
9365500,372.0,17,2016-07-23,2016-08-10
9365500,8282.0,354,2017-10-12,2018-09-30
9085100,673.0,50,1983-04-09,1983-05-28
9085100,453.0,39,1987-04-02,1987-05-10
9085100,2269.0,187,1987-05-23,1987-11-25
9085100,686.0,88,1988-03-03,1988-06-04
9085100,9.0,12,1988-07-17,1988-07-30
9085100,3856.0,219,1988-08-05,1989-03-11
9085100,3234.0,284,1989-06-23,1990-04-08
9085100,2480.0,149,1990-05-11,1990-10-06
9085100,6.0,5,1991-04-01,1991-04-05
9085100,300.0,33,1991-04-15,1991-05-18
9085100,979.0,170,1991-10-27,1992-04-13
9085100,671.0,101,1992-05-20,1992-08-29
9085100,1166.0,161,1992-10-14,1993-03-24
9085100,220.0,34,1994-04-06,1994-05-10
9085100,4390.0,269,1994-05-27,1995-02-19
9085100,582.0,99,2000-06-11,2000-09-23
9085100,373.0,98,2000-11-25,2001-03-03
9085100,1180.0,103,2001-06-06,2001-09-20
9085100,34.0,20,2001-10-07,2001-10-26
9085100,376.0,41,2002-02-20,2002-04-01
9085100,4017.0,229,2002-05-17,2003-02-02
9085100,1815.0,124,2004-05-27,2004-09-27
9085100,71.0,30,2006-06-18,2006-07-17
9085100,22.0,17,2007-06-04,2007-06-22
9085100,5.0,7,2007-07-29,2007-08-05
9085100,4.0,5,2010-03-27,2010-03-31
9085100,4.0,6,2010-04-12,2010-04-17
9085100,21.0,6,2010-05-14,2010-05-20
9085100,4748.0,335,2012-05-17,2013-04-26
9085100,277.0,29,2016-04-22,2016-05-21
9085100,3236.0,246,2016-09-30,2017-06-03
9085100,332.0,44,2017-09-15,2017-10-28
9085100,9377.0,413,2018-03-11,2019-05-04
9085100,174.0,25,2019-05-07,2019-06-02
9085100,4383.0,223,2019-10-10,2020-05-19
9085100,7523.0,324,2020-08-20,2021-10-14
9085100,10.0,14,2021-10-29,2021-11-11
9085100,2171.0,127,2022-02-03,2022-06-09
9034250,1627.0,134,1987-05-30,1987-10-30
9034250,2333.0,190,1988-09-16,1989-03-25
9034250,2026.0,276,1989-07-19,1990-04-22
9034250,120.0,20,1990-05-16,1990-06-04
9034250,204.0,29,1991-04-23,1991-05-22
9034250,243.0,135,1991-12-08,1992-04-20
9034250,25.0,11,1993-03-23,1993-04-02
9034250,70.0,19,1994-04-28,1994-05-17
9034250,6697.0,338,1994-06-12,1995-05-16
9034250,412.0,46,1996-08-30,1996-10-14
9034250,344.0,53,1998-06-09,1998-07-31
9034250,119.0,49,1999-05-18,1999-07-05
9034250,126.0,22,2000-04-02,2000-04-24
9034250,451.0,70,2000-07-05,2000-09-15
9034250,11607.0,641,2001-06-05,2003-03-31
9034250,2740.0,135,2004-05-23,2004-10-04
9034250,801.0,115,2006-06-16,2006-10-09
9034250,28.0,38,2006-10-31,2006-12-07
9034250,328.0,45,2007-07-17,2007-08-30
9034250,1111.0,102,2010-04-18,2010-08-07
9034250,7432.0,434,2012-05-11,2013-08-09
9034250,1805.0,242,2015-10-05,2016-06-07
9034250,3683.0,300,2016-08-09,2017-06-10
9034250,266.0,23,2018-04-19,2018-05-11
9034250,8544.0,372,2018-06-09,2019-06-15
9034250,3325.0,221,2019-10-10,2020-05-17
9034250,4824.0,248,2020-09-25,2021-05-30
9034250,850.0,69,2022-03-30,2022-06-08
9302000,2257.0,167,1988-11-01,1989-04-17
9302000,54.0,14,1989-04-26,1989-05-10
9302000,7214.0,331,1989-05-14,1990-04-12
9302000,3811.0,322,1990-05-17,1991-06-01
9302000,1152.0,196,1991-09-09,1992-03-27
9302000,7527.0,327,1992-05-06,1993-03-29
9302000,67.0,8,1993-03-31,1993-04-09
9302000,48.0,15,1994-04-26,1994-05-15
9302000,430.0,158,1994-05-19,1994-10-26
9302000,9.0,5,1995-04-20,1995-04-25
9302000,19.0,6,1996-04-19,1996-04-24
9302000,25.0,8,1999-04-16,1999-04-27
9302000,44.0,23,2000-05-29,2000-06-21
9302000,6983.0,462,2001-12-07,2003-03-20
9302000,6.0,8,2003-06-06,2003-06-13
9302000,1824.0,155,2003-10-22,2004-03-29
9302000,1675.0,169,2004-05-21,2004-11-08
9302000,5072.0,366,2007-05-14,2008-05-15
9302000,300.0,33,2010-03-25,2010-04-28
9302000,175.0,19,2010-04-30,2010-05-18
9302000,4713.0,363,2012-05-15,2013-05-13
9302000,276.0,90,2013-06-14,2013-09-11
9302000,177.0,25,2016-04-12,2016-05-09
9302000,7912.0,378,2018-04-04,2019-04-19
9302000,501.0,52,2020-03-27,2020-05-18
9302000,6460.0,356,2020-11-09,2021-11-01
9302000,1149.0,80,2022-03-12,2022-06-05
9302000,2202.0,224,2022-06-23,2023-02-01
9406000,598.0,124,1989-03-27,1989-07-30
9406000,10012.0,637,1989-08-02,1991-05-04
9406000,1624.0,141,1991-10-13,1992-03-02
9406000,170.0,43,1996-10-24,1996-12-08
9406000,534.0,60,2000-01-24,2000-04-01
9406000,1840.0,245,2000-05-04,2001-01-09
9406000,15.0,7,2001-01-15,2001-01-23
9406000,58.0,19,2001-02-09,2001-03-02
9406000,10068.0,439,2002-01-10,2003-03-29
9406000,522.0,92,2003-11-21,2004-02-22
9406000,6750.0,349,2007-02-21,2008-02-08
9406000,20.0,18,2008-04-27,2008-05-16
9406000,1477.0,157,2008-09-08,2009-02-20
9406000,11.0,8,2009-03-07,2009-03-16
9406000,68.0,33,2009-03-24,2009-04-27
9406000,2250.0,250,2009-05-18,2010-01-31
9406000,1440.0,242,2012-03-16,2012-11-28
9406000,4257.0,312,2012-12-09,2013-11-02
9406000,2365.0,219,2014-03-03,2014-10-12
9406000,5966.0,339,2018-02-17,2019-01-29
9406000,11808.0,556,2021-02-02,2022-08-20
9406000,199.0,22,2022-08-22,2022-09-12
9050700,244.0,24,1983-05-20,1983-06-12
9050700,31.0,23,1985-07-03,1985-07-25
9050700,817.0,70,1985-08-30,1985-11-07
9050700,4237.0,378,1987-06-03,1988-07-01
9050700,5505.0,270,1988-08-15,1989-05-11
9050700,44.0,10,1989-06-16,1989-06-25
9050700,6870.0,421,1989-07-21,1990-09-14
9050700,16.0,8,1991-06-17,1991-06-24
9050700,2122.0,179,1991-11-06,1992-05-02
9050700,390.0,79,1992-06-12,1992-09-03
9050700,11.0,15,1993-10-11,1993-10-29
9050700,3784.0,342,1994-06-08,1995-05-15
9050700,121.0,52,1996-09-14,1996-11-04
9050700,284.0,41,1998-06-25,1998-08-04
9050700,501.0,68,2000-06-25,2000-08-31
9050700,790.0,79,2001-06-19,2001-09-11
9050700,9433.0,567,2001-10-30,2003-05-19
9050700,1420.0,127,2004-06-05,2004-10-09
9050700,8.0,11,2005-08-05,2005-08-15
9050700,362.0,55,2005-09-02,2005-10-26
9050700,149.0,17,2008-05-19,2008-06-04
9050700,31.0,13,2010-05-17,2010-05-31
9050700,203.0,17,2011-05-19,2011-06-04
9050700,2831.0,213,2012-05-29,2012-12-28
9050700,21.0,29,2013-02-22,2013-03-22
9050700,134.0,56,2013-04-02,2013-06-02
9050700,55.0,48,2016-01-05,2016-02-21
9050700,434.0,77,2016-03-21,2016-06-05
9050700,2033.0,205,2016-11-05,2017-06-07
9050700,9154.0,374,2018-06-07,2019-06-15
9050700,4348.0,220,2019-10-23,2020-05-29
9050700,5529.0,280,2020-09-11,2021-06-17
9050700,445.0,35,2022-05-14,2022-06-18
9371010,172.0,32,1989-07-19,1989-08-19
9371010,218.0,73,1989-09-14,1989-11-28
9371010,2063.0,144,1989-12-01,1990-04-25
9371010,7.0,9,1994-03-13,1994-03-21
9371010,5512.0,365,1996-01-04,1997-01-03
9371010,2.0,8,1998-10-11,1998-10-18
9371010,14.0,13,1999-03-22,1999-04-03
9371010,86.0,21,1999-04-11,1999-05-01
9371010,132.0,31,2000-02-28,2000-03-29
9371010,4.0,6,2000-06-18,2000-06-23
9371010,1450.0,156,2000-06-29,2000-12-02
9371010,11884.0,672,2001-10-19,2003-09-13
9371010,277.0,49,2003-10-10,2003-11-27
9371010,92.0,61,2003-12-26,2004-02-26
9371010,54.0,24,2004-06-24,2004-07-17
9371010,348.0,70,2004-07-30,2004-10-09
9371010,143.0,36,2006-03-08,2006-04-14
9371010,28.0,8,2006-04-26,2006-05-05
9371010,2048.0,151,2006-05-11,2006-10-08
9371010,16.0,9,2007-06-01,2007-06-09
9371010,263.0,68,2008-11-23,2009-01-31
9371010,11.0,9,2009-04-04,2009-04-12
9371010,68.0,20,2009-06-10,2009-06-29
9371010,2273.0,198,2009-08-22,2010-03-07
9371010,6.0,5,2011-04-17,2011-04-21
9371010,36.0,13,2011-05-02,2011-05-15
9371010,121.0,26,2011-05-20,2011-06-18
9371010,525.0,75,2011-08-16,2011-10-31
9371010,0.0,5,2011-11-02,2011-11-06
9371010,21.0,5,2012-04-25,2012-04-29
9371010,9501.0,492,2012-05-11,2013-09-14
9371010,67.0,11,2014-04-30,2014-05-10
9371010,35.0,8,2014-05-16,2014-05-23
9371010,83.0,37,2014-07-12,2014-08-21
9371010,5.0,7,2014-09-15,2014-09-24
9371010,351.0,37,2016-04-22,2016-06-02
9371010,2.0,12,2016-11-28,2016-12-25
9371010,8296.0,406,2017-11-15,2019-04-29
9371010,21.0,6,2019-05-07,2019-05-13
9371010,47.0,14,2019-05-23,2019-06-05
9371010,12392.0,661,2019-10-02,2021-07-30
9371010,2485.0,244,2021-09-20,2022-05-30
9371010,284.0,38,2022-06-04,2022-07-11
9330500,23.0,8,1983-04-12,1983-04-19
9330500,466.0,47,1984-03-22,1984-05-07
9330500,14.0,6,1987-04-04,1987-04-09
9330500,36.0,16,1987-05-15,1987-05-30
9330500,3866.0,333,1989-05-13,1990-04-11
9330500,5714.0,403,1990-04-16,1991-05-25
9330500,53.0,16,1993-03-03,1993-03-22
9330500,166.0,164,1994-05-31,1994-11-10
9330500,56.0,27,1996-11-07,1996-12-03
9330500,2647.0,228,2000-05-08,2000-12-21
9330500,4930.0,328,2001-12-23,2002-11-16
9330500,983.0,127,2003-11-08,2004-03-16
9330500,4918.0,355,2007-05-02,2008-04-24
9330500,2508.0,167,2009-11-25,2010-05-12
9330500,4155.0,366,2012-05-18,2013-05-18
9330500,45.0,21,2016-04-23,2016-05-13
9330500,2013.0,282,2016-05-25,2017-03-02
9330500,9021.0,393,2018-03-14,2019-04-14
9330500,23658.0,1111,2020-01-10,2023-02-01
9146200,50.0,12,1983-04-17,1983-04-28
9146200,50.0,9,1983-05-18,1983-05-26
9146200,44.0,13,1984-05-01,1984-05-13
9146200,21.0,9,1985-08-31,1985-09-08
9146200,101.0,21,1987-04-06,1987-04-26
9146200,403.0,37,1987-09-28,1987-11-03
9146200,214.0,33,1988-07-29,1988-09-01
9146200,1469.0,128,1989-05-20,1989-10-06
9146200,497.0,56,1990-01-26,1990-03-23
9146200,371.0,40,1990-05-31,1990-07-09
9146200,40.0,15,1990-09-16,1990-09-30
9146200,88.0,13,1991-04-30,1991-05-12
9146200,1650.0,159,1991-10-07,1992-03-14
9146200,4.0,5,1992-03-23,1992-03-29
9146200,2392.0,179,1992-10-02,1993-03-29
9146200,487.0,36,1993-07-27,1993-08-31
9146200,754.0,57,1994-07-19,1994-09-13
9146200,23.0,5,1995-04-27,1995-05-01
9146200,451.0,37,1996-05-27,1996-07-02
9146200,768.0,49,1996-08-04,1996-09-21
9146200,141.0,36,1998-06-07,1998-07-12
9146200,1374.0,102,1999-10-16,2000-01-25
9146200,1520.0,101,2000-05-31,2000-09-08
9146200,303.0,51,2001-06-06,2001-08-07
9146200,427.0,74,2001-09-19,2001-12-14
9146200,748.0,106,2001-12-19,2002-04-03
9146200,2802.0,120,2002-05-15,2002-09-11
9146200,551.0,37,2003-07-12,2003-08-17
9146200,81.0,44,2004-06-12,2004-07-25
9146200,36.0,12,2004-08-17,2004-08-28
9146200,781.0,48,2006-05-25,2006-07-11
9146200,12.0,7,2007-05-29,2007-06-05
9146200,254.0,27,2007-07-04,2007-07-30
9146200,726.0,59,2008-03-15,2008-05-13
9146200,1741.0,163,2008-09-25,2009-03-07
9146200,76.0,21,2009-04-04,2009-04-29
9146200,1075.0,79,2009-08-03,2009-10-20
9146200,433.0,49,2010-03-02,2010-04-19
9146200,153.0,26,2010-07-10,2010-08-04
9146200,377.0,28,2011-05-01,2011-05-28
9146200,275.0,29,2011-08-22,2011-09-19
9146200,190.0,33,2012-03-10,2012-04-11
9146200,43.0,12,2012-04-18,2012-04-29
9146200,8216.0,443,2012-05-12,2013-07-29
9146200,34.0,6,2014-05-15,2014-05-20
9146200,28.0,11,2015-10-01,2015-10-15
9146200,1123.0,62,2016-03-26,2016-05-26
9146200,40.0,44,2016-11-03,2016-12-17
9146200,21.0,29,2017-02-02,2017-03-02
9146200,23.0,5,2017-03-18,2017-03-23
9146200,385.0,33,2017-04-29,2017-05-31
9146200,143.0,19,2017-09-09,2017-09-27
9146200,9414.0,580,2017-10-21,2019-06-06
9146200,6286.0,258,2019-09-04,2020-05-18
9146200,7633.0,323,2020-07-12,2021-06-04
9146200,4082.0,267,2021-09-10,2022-06-07
9146200,163.0,19,2022-09-14,2022-10-02
9146200,602.0,63,2022-12-01,2023-02-01
9095500,504.0,46,1983-04-12,1983-05-27
9095500,401.0,38,1987-04-04,1987-05-11
9095500,1992.0,179,1987-05-24,1987-11-18
9095500,618.0,85,1988-02-26,1988-05-23
9095500,3192.0,215,1988-08-10,1989-03-12
9095500,210.0,60,1989-06-24,1989-08-24
9095500,6335.0,390,1989-08-29,1990-10-08
9095500,44.0,13,1991-03-26,1991-04-07
9095500,322.0,34,1991-04-16,1991-05-19
9095500,923.0,171,1991-10-27,1992-04-14
9095500,575.0,102,1992-05-21,1992-08-30
9095500,687.0,123,1992-10-10,1993-02-11
9095500,488.0,43,1994-04-03,1994-05-15
9095500,4385.0,268,1994-05-25,1995-02-16
9095500,757.0,114,2000-06-12,2000-10-05
9095500,1076.0,131,2000-11-01,2001-03-13
9095500,25.0,11,2001-03-21,2001-04-02
9095500,1190.0,100,2001-06-07,2001-09-18
9095500,38.0,18,2001-10-09,2001-10-26
9095500,413.0,51,2002-02-12,2002-04-03
9095500,3836.0,149,2002-05-15,2002-10-10
9095500,1887.0,125,2004-05-27,2004-09-28
9095500,60.0,29,2006-06-19,2006-07-17
9095500,30.0,18,2007-06-02,2007-06-22
9095500,23.0,21,2007-07-18,2007-08-10
9095500,56.0,16,2010-03-12,2010-03-31
9095500,21.0,6,2010-05-16,2010-05-21
9095500,4636.0,342,2012-05-17,2013-05-01
9095500,170.0,26,2016-04-24,2016-05-21
9095500,2160.0,148,2016-10-06,2017-03-20
9095500,824.0,59,2017-04-08,2017-06-05
9095500,10074.0,569,2017-09-17,2019-05-14
9095500,59.0,11,2019-05-21,2019-06-01
9095500,4575.0,222,2019-10-13,2020-05-21
9095500,7507.0,306,2020-08-21,2021-06-23
9095500,71.0,14,2021-09-30,2021-10-13
9095500,1961.0,114,2022-02-17,2022-06-10
9109000,700.0,37,1983-05-13,1983-06-18
9109000,333.0,25,1984-05-07,1984-05-31
9109000,1294.0,244,1987-10-22,1988-07-04
9109000,91.0,28,1988-08-28,1988-09-24
9109000,1737.0,184,1988-11-02,1989-05-05
9109000,88.0,24,1989-09-09,1989-10-02
9109000,95.0,33,1989-10-20,1989-11-21
9109000,170.0,103,1990-01-02,1990-04-14
9109000,71.0,51,1990-06-10,1990-08-01
9109000,2682.0,194,1991-10-27,1992-05-07
9109000,291.0,44,1993-04-14,1993-05-27
9109000,1602.0,136,1994-08-02,1994-12-15
9109000,546.0,36,1995-05-06,1995-06-10
9109000,4146.0,255,1996-08-31,1997-05-12
9109000,142.0,31,1998-09-26,1998-10-26
9109000,460.0,66,2001-06-17,2001-08-21
9109000,7279.0,354,2002-05-24,2003-05-12
9109000,165.0,25,2003-08-21,2003-09-14
9109000,1051.0,136,2004-06-12,2004-10-25
9109000,533.0,75,2006-06-12,2006-08-26
9109000,1896.0,138,2007-06-04,2007-10-19
9109000,426.0,79,2008-03-07,2008-05-28
9109000,159.0,41,2009-09-23,2009-11-02
9109000,1616.0,109,2012-06-05,2012-09-21
9109000,431.0,103,2012-11-24,2013-03-07
9109000,124.0,26,2013-05-09,2013-06-03
9109000,139.0,23,2016-05-19,2016-06-10
9109000,5140.0,287,2016-07-25,2017-05-07
9109000,425.0,57,2017-07-06,2017-08-31
9109000,4.0,6,2017-10-03,2017-10-08
9109000,13.0,17,2017-12-16,2018-01-01
9109000,9747.0,393,2018-05-13,2019-06-09
9109000,18615.0,1013,2019-10-09,2022-07-25
9496500,20.0,10,1990-01-28,1990-02-10
9496500,73.0,10,1990-02-12,1990-02-21
9496500,5565.0,299,1990-02-27,1990-12-28
9496500,47.0,17,1996-03-20,1996-04-09
9496500,60.0,29,1996-07-21,1996-08-22
9496500,129.0,13,1996-08-30,1996-09-11
9496500,229.0,39,1996-09-20,1996-11-03
9496500,879.0,58,1996-11-22,1997-01-23
9496500,3686.0,241,1997-04-23,1997-12-31
9496500,170.0,21,1998-01-19,1998-02-08
9496500,39.0,23,1998-07-28,1998-08-23
9496500,7.0,6,1998-11-23,1998-11-29
9496500,5090.0,254,1998-12-01,1999-08-28
9496500,2845.0,172,1999-09-07,2000-03-07
9496500,8.0,11,2000-05-11,2000-05-23
9496500,43.0,19,2000-07-21,2000-08-08
9496500,288.0,30,2000-09-07,2000-10-10
9496500,18.0,5,2000-10-16,2000-10-20
9496500,7520.0,386,2002-01-28,2003-02-26
9496500,1745.0,112,2003-03-30,2003-07-21
9496500,193.0,14,2003-08-05,2003-08-21
9496500,1311.0,72,2003-08-26,2003-11-12
9496500,4781.0,279,2003-11-19,2004-09-18
9496500,547.0,51,2004-09-24,2004-11-21
9496500,630.0,28,2004-11-28,2004-12-28
9496500,85.0,16,2006-02-23,2006-03-12
9496500,346.0,60,2006-03-14,2006-05-24
9496500,217.0,17,2006-06-16,2006-07-05
9496500,440.0,32,2006-07-08,2006-08-11
9496500,541.0,49,2006-08-17,2006-10-08
9496500,2768.0,118,2006-10-12,2007-02-11
9496500,3844.0,150,2007-02-17,2007-07-22
9496500,2730.0,111,2007-08-11,2007-11-30
9496500,53.0,14,2010-01-05,2010-01-19
9496500,40.0,8,2011-12-04,2011-12-11
9496500,71.0,11,2012-03-08,2012-03-18
9496500,121.0,19,2012-03-27,2012-04-14
9496500,22.0,14,2012-08-05,2012-08-22
9496500,78.0,23,2012-10-07,2012-11-03
9496500,75.0,22,2012-11-22,2012-12-14
9496500,32.0,6,2012-12-29,2013-01-05
9496500,123.0,11,2013-01-11,2013-01-21
9496500,80.0,30,2014-03-07,2014-04-10
9496500,17.0,10,2014-11-23,2014-12-03
9496500,170.0,25,2014-12-22,2015-01-16
9496500,81.0,7,2015-01-23,2015-01-29
9496500,189.0,21,2015-02-04,2015-02-24
9496500,230.0,34,2015-03-13,2015-04-18
9496500,6.0,5,2015-08-05,2015-08-11
9496500,19.0,5,2018-01-05,2018-01-09
9496500,25.0,6,2018-01-15,2018-01-22
9496500,8718.0,396,2018-01-24,2019-02-26
9496500,137.0,7,2019-03-06,2019-03-12
9496500,4759.0,217,2019-04-10,2019-11-20
9496500,560.0,25,2019-12-13,2020-01-07
9496500,815.0,51,2020-01-17,2020-03-11
9496500,2034.0,187,2020-04-18,2020-11-03
9496500,16392.0,628,2020-11-09,2022-08-25
9496500,2706.0,114,2022-08-29,2023-01-01
9070500,594.0,48,1983-04-09,1983-05-26
9070500,14.0,12,1984-03-25,1984-04-06
9070500,5.0,7,1984-05-02,1984-05-10
9070500,4833.0,349,1987-04-01,1988-06-01
9070500,3937.0,213,1988-08-13,1989-03-13
9070500,3019.0,308,1989-06-03,1990-04-06
9070500,1540.0,158,1990-05-08,1990-10-12
9070500,328.0,31,1991-04-15,1991-05-15
9070500,740.0,115,1991-12-21,1992-04-13
9070500,561.0,104,1992-05-18,1992-08-29
9070500,825.0,152,1992-10-22,1993-03-23
9070500,247.0,34,1994-04-06,1994-05-09
9070500,5184.0,286,1994-05-21,1995-03-02
9070500,4.0,5,1995-04-28,1995-05-02
9070500,84.0,21,1996-09-16,1996-10-06
9070500,8.0,11,1998-06-12,1998-06-23
9070500,586.0,91,2000-06-17,2000-09-15
9070500,3349.0,300,2001-06-05,2002-03-31
9070500,4212.0,244,2002-05-15,2003-02-03
9070500,1762.0,118,2004-05-23,2004-09-17
9070500,28.0,28,2006-06-24,2006-07-21
9070500,73.0,20,2007-07-25,2007-08-13
9070500,21.0,9,2010-04-10,2010-04-18
9070500,4339.0,330,2012-05-14,2013-04-09
9070500,190.0,26,2016-04-18,2016-05-13
9070500,3134.0,241,2016-10-07,2017-06-04
9070500,177.0,29,2017-09-19,2017-10-17
9070500,9055.0,413,2018-03-14,2019-05-14
9070500,4086.0,217,2019-10-16,2020-05-19
9070500,7163.0,293,2020-08-30,2021-06-18
9070500,33.0,29,2021-10-13,2021-11-12
9070500,1991.0,128,2022-02-04,2022-06-11
9508300,191.0,15,1983-07-29,1983-08-12
9508300,3094.0,208,1984-02-22,1984-09-18
9508300,80.0,6,1985-09-08,1985-09-13
9508300,16.0,5,1986-06-02,1986-06-06
9508300,70.0,12,1986-06-13,1986-06-24
9508300,859.0,61,1986-07-01,1986-09-01
9508300,27.0,7,1987-06-18,1987-06-24
9508300,1622.0,117,1987-07-05,1987-10-29
9508300,135.0,25,1988-03-22,1988-04-15
9508300,340.0,25,1988-07-29,1988-08-22
9508300,35.0,15,1989-03-11,1989-03-25
9508300,33.0,8,1989-06-17,1989-06-24
9508300,704.0,49,1989-07-04,1989-08-23
9508300,2078.0,146,1989-09-26,1990-02-21
9508300,4.0,6,1990-03-05,1990-03-10
9508300,2262.0,145,1991-07-10,1991-12-02
9508300,773.0,57,1993-07-10,1993-09-06
9508300,7.0,5,1994-01-21,1994-01-26
9508300,48.0,9,1994-01-30,1994-02-07
9508300,1543.0,112,1994-07-31,1994-11-19
9508300,625.0,47,1995-07-16,1995-08-31
9508300,245.0,18,1995-09-17,1995-10-04
9508300,154.0,10,1995-10-31,1995-11-09
9508300,5580.0,284,1995-12-08,1996-09-16
9508300,565.0,52,1996-11-26,1997-01-18
9508300,16.0,5,1997-06-20,1997-06-24
9508300,2025.0,137,1997-07-07,1997-11-20
9508300,660.0,81,1999-01-12,1999-04-03
9508300,1379.0,78,1999-12-23,2000-03-09
9508300,16.0,5,2000-06-19,2000-06-23
9508300,818.0,61,2000-07-09,2000-09-07
9508300,315.0,24,2000-09-28,2000-10-21
9508300,62.0,5,2001-08-01,2001-08-07
9508300,10895.0,482,2001-10-17,2003-02-12
9508300,27.0,7,2003-06-18,2003-06-24
9508300,864.0,64,2003-07-07,2003-09-08
9508300,200.0,13,2003-10-31,2003-11-12
9508300,248.0,40,2004-01-19,2004-03-03
9508300,113.0,8,2004-07-19,2004-07-26
9508300,532.0,40,2004-08-10,2004-09-18
9508300,132.0,10,2005-07-26,2005-08-04
9508300,165.0,12,2005-10-18,2005-10-29
9508300,7002.0,315,2005-11-07,2006-09-17
9508300,1081.0,59,2006-12-02,2007-01-30
9508300,25.0,11,2007-03-12,2007-03-22
9508300,49.0,10,2007-06-15,2007-06-24
9508300,410.0,27,2007-07-03,2007-07-31
9508300,314.0,16,2007-11-15,2007-11-30
9508300,427.0,73,2008-04-03,2008-06-23
9508300,253.0,16,2008-07-03,2008-07-18
9508300,93.0,31,2009-03-26,2009-04-27
9508300,58.0,26,2009-05-01,2009-05-27
9508300,4017.0,193,2009-07-10,2010-01-19
9508300,3634.0,235,2010-05-21,2011-01-29
9508300,72.0,12,2011-02-07,2011-02-18
9508300,33.0,8,2011-06-17,2011-06-24
9508300,2508.0,157,2011-07-03,2011-12-12
9508300,4496.0,330,2012-01-27,2012-12-31
9508300,49.0,10,2013-06-15,2013-06-24
9508300,269.0,17,2013-07-04,2013-07-23
9508300,80.0,10,2014-02-19,2014-02-28
9508300,38.0,18,2014-04-17,2014-05-04
9508300,934.0,83,2014-05-21,2014-08-15
9508300,292.0,22,2015-09-19,2015-10-10
9508300,2739.0,186,2016-02-28,2016-08-31
9508300,1582.0,95,2016-09-18,2016-12-21
9508300,1016.0,99,2017-04-20,2017-07-28
9508300,8712.0,382,2017-09-16,2018-10-06
9508300,1490.0,89,2019-07-07,2019-10-05
9508300,324.0,20,2019-10-31,2019-11-19
9508300,8265.0,385,2020-07-11,2021-07-31
9508300,2075.0,189,2022-02-13,2022-08-21
9261700,40.0,8,1983-05-13,1983-05-22
9261700,11.0,5,1984-04-11,1984-04-15
9261700,120.0,21,1987-05-23,1987-06-16
9261700,11481.0,657,1988-06-14,1990-04-11
9261700,76.0,10,1990-05-21,1990-05-31
9261700,14.0,16,1990-10-16,1990-11-02
9261700,40.0,8,1991-04-30,1991-05-07
9261700,454.0,109,1991-12-08,1992-03-26
9261700,11.0,5,1992-03-28,1992-04-04
9261700,304.0,49,1992-05-21,1992-07-11
9261700,1967.0,174,1992-10-15,1993-04-09
9261700,742.0,88,1994-07-15,1994-10-11
9261700,42.0,7,1996-04-20,1996-04-26
9261700,39.0,7,1999-05-11,1999-05-19
9261700,283.0,53,2000-08-20,2000-10-13
9261700,8256.0,469,2001-08-05,2002-11-17
9261700,56.0,7,2003-05-15,2003-05-21
9261700,3355.0,177,2003-10-06,2004-03-30
9261700,186.0,27,2004-05-28,2004-06-27
9261700,1830.0,138,2006-05-20,2006-10-05
9261700,2057.0,158,2007-05-19,2007-10-24
9261700,268.0,30,2008-03-25,2008-04-26
9261700,1177.0,192,2009-11-15,2010-05-28
9261700,238.0,58,2010-10-18,2010-12-14
9261700,432.0,37,2011-04-23,2011-05-31
9261700,10507.0,543,2012-04-03,2013-10-10
9261700,23.0,5,2014-04-15,2014-04-20
9261700,279.0,25,2014-04-28,2014-05-23
9261700,346.0,63,2014-06-17,2014-08-20
9261700,127.0,65,2016-01-17,2016-03-27
9261700,94.0,39,2017-06-27,2017-08-04
9261700,22.0,7,2018-04-11,2018-04-20
9261700,39.0,7,2018-04-24,2018-05-02
9261700,5923.0,345,2018-05-05,2019-04-14
9261700,3161.0,208,2019-10-09,2020-05-03
9261700,109.0,15,2020-05-27,2020-06-14
9261700,8002.0,363,2020-08-23,2021-08-23
9261700,444.0,40,2022-04-05,2022-05-15
9261700,468.0,94,2022-10-31,2023-02-01
9066000,31.0,6,1983-03-03,1983-03-08
9066000,54.0,10,1983-04-18,1983-04-27
9066000,177.0,12,1983-05-16,1983-05-27
9066000,730.0,48,1984-04-04,1984-05-21
9066000,605.0,54,1985-05-31,1985-07-23
9066000,822.0,50,1985-08-23,1985-10-11
9066000,67.0,5,1986-03-30,1986-04-03
9066000,104.0,15,1986-05-26,1986-06-09
9066000,193.0,30,1986-08-09,1986-09-07
9066000,3524.0,189,1987-05-22,1987-12-01
9066000,13.0,5,1987-12-24,1987-12-28
9066000,34.0,7,1988-01-03,1988-01-09
9066000,55.0,10,1988-01-15,1988-01-24
9066000,797.0,77,1988-01-30,1988-04-20
9066000,6371.0,260,1988-07-16,1989-04-01
9066000,861.0,67,1989-05-29,1989-08-03
9066000,3741.0,212,1989-09-02,1990-04-01
9066000,857.0,81,1990-05-21,1990-08-19
9066000,258.0,39,1991-06-29,1991-08-06
9066000,3675.0,186,1991-10-10,1992-04-12
9066000,1087.0,92,1992-05-27,1992-08-26
9066000,50.0,15,1992-10-20,1992-11-04
9066000,46.0,9,1993-02-05,1993-02-13
9066000,83.0,14,1993-02-23,1993-03-08
9066000,328.0,31,1993-03-18,1993-04-19
9066000,802.0,69,1993-08-05,1993-10-20
9066000,30.0,6,1994-01-19,1994-01-24
9066000,57.0,11,1994-02-03,1994-02-13
9066000,91.0,15,1994-02-22,1994-03-08
9066000,373.0,36,1994-03-15,1994-04-20
9066000,2071.0,110,1994-05-30,1994-09-21
9066000,1017.0,186,1994-10-02,1995-04-21
9066000,99.0,22,1995-04-28,1995-05-19
9066000,1195.0,57,1996-08-05,1996-09-30
9066000,15.0,14,1996-11-18,1996-12-08
9066000,28.0,6,1997-01-04,1997-01-09
9066000,49.0,9,1997-01-16,1997-01-24
9066000,71.0,13,1997-02-01,1997-02-13
9066000,116.0,18,1997-02-19,1997-03-08
9066000,565.0,55,1997-03-14,1997-05-08
9066000,48.0,9,1998-02-28,1998-03-08
9066000,56.0,7,1998-03-23,1998-03-29
9066000,369.0,58,1998-06-02,1998-07-29
9066000,40.0,8,2000-02-06,2000-02-13
9066000,75.0,13,2000-02-24,2000-03-07
9066000,460.0,36,2000-03-17,2000-04-21
9066000,7.0,9,2000-06-14,2000-06-22
9066000,360.0,32,2000-07-28,2000-08-28
9066000,4.0,5,2001-06-10,2001-06-14
9066000,8.0,11,2001-07-03,2001-07-13
9066000,7.0,6,2001-10-21,2001-10-26
9066000,1055.0,156,2001-11-02,2002-04-06
9066000,2534.0,127,2002-05-23,2002-09-26
9066000,1314.0,144,2003-11-06,2004-03-28
9066000,594.0,35,2004-05-28,2004-07-01
9066000,13.0,5,2004-08-27,2004-08-31
9066000,123.0,15,2005-07-25,2005-08-08
9066000,51.0,13,2005-09-17,2005-09-29
9066000,48.0,15,2007-07-23,2007-08-06
9066000,664.0,41,2008-04-17,2008-05-27
9066000,122.0,17,2009-04-18,2009-05-04
9066000,117.0,23,2009-09-01,2009-09-23
9066000,178.0,13,2010-04-01,2010-04-13
9066000,72.0,9,2010-05-13,2010-05-21
9066000,297.0,42,2010-09-27,2010-11-08
9066000,70.0,19,2010-12-14,2011-01-09
9066000,55.0,10,2011-01-15,2011-01-24
9066000,607.0,74,2011-01-30,2011-04-21
9066000,168.0,20,2011-05-09,2011-05-28
9066000,714.0,124,2011-11-26,2012-03-28
9066000,1823.0,91,2012-05-19,2012-08-31
9066000,4.0,5,2012-09-11,2012-09-15
9066000,43.0,16,2012-10-07,2012-10-22
9066000,13.0,5,2012-12-23,2012-12-27
9066000,34.0,7,2013-01-03,2013-01-09
9066000,55.0,10,2013-01-15,2013-01-24
9066000,562.0,66,2013-01-30,2013-04-11
9066000,185.0,19,2013-04-28,2013-05-16
9066000,131.0,12,2014-04-16,2014-04-27
9066000,73.0,16,2014-05-04,2014-05-22
9066000,7.0,6,2015-10-21,2015-10-26
9066000,31.0,6,2016-03-02,2016-03-07
9066000,550.0,58,2016-03-23,2016-05-19
9066000,2385.0,174,2016-10-11,2017-04-02
9066000,189.0,32,2017-09-06,2017-10-07
9066000,596.0,41,2018-04-03,2018-05-13
9066000,6313.0,364,2018-06-08,2019-06-06
9066000,6038.0,248,2019-09-24,2020-05-28
9066000,7124.0,291,2020-08-15,2021-06-01
9066000,4166.0,252,2021-09-21,2022-05-30
9066000,495.0,79,2022-11-15,2023-02-01
9306200,292.0,22,1987-06-27,1987-07-18
9306200,212.0,18,1988-06-30,1988-07-17
9306200,32.0,24,1989-02-13,1989-03-08
9306200,72.0,10,1989-05-30,1989-06-08
9306200,535.0,33,1989-06-16,1989-07-18
9306200,17312.0,764,1990-01-24,1992-03-05
9306200,1322.0,101,1992-04-08,1992-07-17
9306200,159.0,82,1992-11-03,1993-01-23
9306200,5.0,5,1994-03-02,1994-03-06
9306200,205.0,38,1994-03-21,1994-05-04
9306200,12.0,7,1994-05-14,1994-05-20
9306200,108.0,12,1994-05-28,1994-06-08
9306200,560.0,34,1994-06-15,1994-07-18
9306200,36.0,33,1994-12-28,1995-01-29
9306200,95.0,12,1996-07-06,1996-07-17
9306200,19909.0,1341,2000-04-08,2004-03-04
9306200,4239.0,279,2004-03-20,2004-12-23
9306200,272.0,21,2006-06-28,2006-07-18
9306200,312.0,23,2007-06-26,2007-07-18
9306200,75.0,21,2010-02-22,2010-03-14
9306200,2.0,5,2012-04-20,2012-04-24
9306200,945.0,77,2012-05-02,2012-07-17
9306200,1448.0,133,2012-12-24,2013-05-20
9306200,1576.0,156,2013-05-29,2013-11-03
9306200,58.0,22,2017-03-02,2017-03-23
9306200,14276.0,730,2017-04-03,2019-04-02
9306200,517.0,72,2020-01-30,2020-04-10
9306200,8924.0,674,2020-05-26,2022-05-04
9306200,12.0,7,2022-05-14,2022-05-20
9306200,110.0,12,2022-05-27,2022-06-08
9306200,312.0,23,2022-06-26,2022-07-18
9037500,29.0,6,1983-04-17,1983-04-22
9037500,61.0,10,1983-04-29,1983-05-09
9037500,112.0,10,1983-05-15,1983-05-24
9037500,586.0,34,1984-04-08,1984-05-11
9037500,42.0,7,1986-05-29,1986-06-04
9037500,3376.0,180,1987-05-08,1987-11-06
9037500,72.0,8,1988-03-30,1988-04-07
9037500,64.0,7,1988-05-08,1988-05-14
9037500,5036.0,235,1988-07-31,1989-03-22
9037500,102.0,23,1989-05-27,1989-06-19
9037500,3432.0,279,1989-06-25,1990-03-30
9037500,990.0,109,1990-05-12,1990-09-07
9037500,111.0,9,1991-04-29,1991-05-08
9037500,1397.0,149,1991-11-13,1992-04-09
9037500,171.0,30,1992-05-21,1992-06-23
9037500,159.0,34,1992-07-23,1992-08-26
9037500,681.0,130,1992-12-20,1993-04-30
9037500,189.0,18,1994-03-30,1994-04-16
9037500,79.0,5,1994-04-29,1994-05-03
9037500,6738.0,328,1994-05-17,1995-04-14
9037500,160.0,12,1995-04-18,1995-04-29
9037500,663.0,116,1996-08-25,1996-12-18
9037500,12.0,6,1997-04-10,1997-04-17
9037500,347.0,57,1998-06-05,1998-07-31
9037500,138.0,15,1999-05-07,1999-05-24
9037500,17.0,6,1999-05-29,1999-06-03
9037500,32.0,7,2000-04-01,2000-04-07
9037500,946.0,93,2000-06-01,2000-09-01
9037500,3376.0,314,2001-05-16,2002-03-25
9037500,4651.0,237,2002-04-29,2002-12-23
9037500,19.0,26,2003-02-02,2003-02-27
9037500,1413.0,124,2004-05-14,2004-09-14
9037500,120.0,34,2006-06-20,2006-07-23
9037500,502.0,36,2008-04-07,2008-05-17
9037500,12.0,6,2010-03-26,2010-03-31
9037500,289.0,38,2010-05-09,2010-06-17
9037500,4385.0,334,2012-05-02,2013-04-01
9037500,358.0,23,2013-04-12,2013-05-11
9037500,7.0,9,2015-11-03,2015-11-12
9037500,97.0,13,2016-03-31,2016-04-13
9037500,193.0,21,2016-04-18,2016-05-15
9037500,2884.0,206,2016-09-15,2017-04-13
9037500,69.0,7,2017-04-29,2017-05-05
9037500,125.0,31,2017-09-08,2017-10-08
9037500,158.0,19,2018-03-23,2018-04-11
9037500,136.0,12,2018-04-16,2018-04-28
9037500,7351.0,342,2018-06-12,2019-06-01
9037500,3322.0,211,2019-10-09,2020-05-09
9037500,6161.0,263,2020-08-31,2021-05-21
9037500,70.0,33,2022-02-27,2022-04-03
9037500,290.0,19,2022-04-07,2022-05-02
9037500,48.0,6,2022-05-23,2022-05-28
9037500,183.0,46,2022-12-18,2023-02-01
9384000,3473.0,361,1990-02-23,1991-02-21
9384000,1078.0,361,1996-03-20,1997-03-18
9384000,10.0,11,1997-04-05,1997-04-18
9384000,54.0,30,1997-04-27,1997-05-30
9384000,1830.0,242,1997-08-03,1998-04-04
9384000,42.0,8,1998-04-19,1998-04-26
9384000,5107.0,447,1998-05-12,1999-08-02
9384000,3900.0,363,1999-11-29,2000-11-27
9384000,4748.0,385,2002-02-19,2003-03-20
9384000,17.0,16,2016-12-03,2016-12-22
9384000,11.0,12,2017-02-02,2017-02-14
9384000,9.0,5,2017-02-16,2017-02-22
9384000,42129.0,2082,2017-03-17,2022-12-07
9384000,422.0,54,2022-12-10,2023-02-01
10258000,46.0,18,1984-09-24,1984-10-12
10258000,122.0,33,1984-11-07,1984-12-15
10258000,19.0,6,1984-12-21,1984-12-26
10258000,118.0,33,1987-01-08,1987-02-13
10258000,0.0,12,1987-08-11,1987-08-22
10258000,78.0,29,1987-09-13,1987-10-13
10258000,127.0,27,1987-10-29,1987-11-28
10258000,34.0,10,1987-11-30,1987-12-13
10258000,18.0,5,1987-12-19,1987-12-23
10258000,21.0,9,1988-10-03,1988-10-12
10258000,125.0,38,1988-11-17,1988-12-28
10258000,100.0,32,1989-01-01,1989-02-03
10258000,152.0,55,1989-11-22,1990-01-18
10258000,587.0,51,1990-01-22,1990-03-17
10258000,20.0,9,1990-04-09,1990-04-19
10258000,12.0,80,1990-04-23,1990-07-18
10258000,1904.0,219,1990-07-20,1991-02-27
10258000,58.0,22,1994-12-12,1995-01-02
10258000,71.0,24,1996-12-01,1996-12-31
10258000,96.0,35,1997-11-28,1998-01-08
10258000,9645.0,675,1999-02-28,2001-01-10
10258000,1184.0,66,2001-01-12,2001-03-22
10258000,58.0,22,2001-09-21,2001-10-13
10258000,80.0,19,2001-11-05,2001-11-24
10258000,9510.0,440,2001-11-26,2003-02-11
10258000,434.0,89,2003-12-13,2004-03-14
10258000,366.0,201,2004-03-23,2004-10-19
10258000,56.0,7,2004-10-22,2004-10-30
10258000,82.0,19,2004-11-03,2004-11-25
10258000,60.0,14,2006-03-15,2006-03-28
10258000,9718.0,445,2006-12-02,2008-02-20
10258000,50.0,15,2008-11-30,2008-12-14
10258000,130.0,43,2008-12-20,2009-02-06
10258000,124.0,46,2009-11-30,2010-01-17
10258000,30.0,11,2012-09-30,2012-10-10
10258000,17923.0,800,2012-11-15,2015-01-30
10258000,58.0,17,2015-02-03,2015-02-19
10258000,412.0,123,2015-03-14,2015-07-19
10258000,263.0,78,2015-07-21,2015-10-13
10258000,383.0,90,2015-10-17,2016-01-21
10258000,49.0,12,2016-01-24,2016-02-07
10258000,2820.0,293,2016-03-21,2017-01-13
10258000,33.0,13,2017-09-30,2017-10-13
10258000,5211.0,423,2017-11-14,2019-01-24
10258000,16516.0,740,2021-01-20,2023-02-01
9510200,27.0,7,1984-06-29,1984-07-09
9510200,120.0,17,1984-07-23,1984-08-08
9510200,2832.0,276,1989-11-16,1990-08-28
9510200,768.0,60,1990-10-28,1990-12-29
9510200,596.0,44,1994-10-22,1994-12-11
9510200,4.0,5,1994-12-15,1994-12-20
9510200,9500.0,393,1995-12-25,1997-01-26
9510200,619.0,32,1997-01-29,1997-03-03
9510200,2138.0,149,1997-03-07,1997-08-06
9510200,4335.0,179,1997-08-08,1998-02-06
9510200,932.0,72,1999-01-20,1999-04-03
9510200,38.0,9,1999-04-28,1999-05-06
9510200,88.0,17,1999-06-20,1999-07-10
9510200,203.0,34,1999-07-22,1999-08-28
9510200,2390.0,129,1999-10-29,2000-03-05
9510200,67.0,11,2000-03-17,2000-03-31
9510200,621.0,79,2000-04-04,2000-06-23
9510200,1336.0,99,2000-06-26,2000-10-09
9510200,146.0,9,2000-10-13,2000-10-21
9510200,48.0,16,2001-12-15,2001-12-31
9510200,10532.0,403,2002-01-14,2003-02-25
9510200,82.0,22,2003-08-04,2003-08-28
9510200,726.0,49,2003-09-20,2003-11-12
9510200,332.0,24,2003-11-16,2003-12-09
9510200,1071.0,78,2003-12-15,2004-03-04
9510200,142.0,24,2004-03-10,2004-04-05
9510200,40.0,11,2004-06-25,2004-07-09
9510200,65.0,6,2004-07-18,2004-07-23
9510200,1143.0,95,2004-07-31,2004-11-19
9510200,1217.0,84,2005-12-17,2006-03-15
9510200,1606.0,125,2006-03-23,2006-07-29
9510200,10924.0,488,2006-08-02,2007-12-07
9510200,30.0,5,2007-12-14,2007-12-18
9510200,81.0,24,2009-07-31,2009-08-28
9510200,1636.0,122,2009-09-10,2010-01-19
9510200,4.0,6,2010-12-15,2010-12-22
9510200,36.0,13,2011-03-06,2011-03-20
9510200,35.0,8,2011-06-26,2011-07-03
9510200,1138.0,98,2011-07-28,2011-11-04
9510200,420.0,31,2011-11-10,2011-12-12
9510200,1758.0,136,2012-02-26,2012-07-14
9510200,531.0,32,2012-07-17,2012-08-21
9510200,281.0,18,2012-08-26,2012-09-14
9510200,635.0,48,2012-10-28,2012-12-18
9510200,1279.0,89,2015-09-29,2016-01-05
9510200,457.0,85,2016-04-02,2016-06-28
9510200,256.0,23,2016-07-04,2016-07-28
9510200,2577.0,129,2016-08-08,2016-12-21
9510200,77.0,7,2017-01-04,2017-01-11
9510200,5185.0,227,2017-12-20,2018-08-10
9510200,1364.0,51,2018-08-13,2018-10-06
9510200,33.0,8,2021-01-20,2021-01-28
9510200,3692.0,182,2021-02-04,2021-08-10
9510200,36.0,13,2022-03-06,2022-03-20
9510200,658.0,86,2022-03-30,2022-06-29
9510200,293.0,27,2022-07-01,2022-07-27
9510200,2890.0,147,2022-08-02,2022-12-31
9510200,59.0,6,2023-01-10,2023-01-15
9386950,4579.0,340,1989-11-14,1990-10-19
9386950,77.0,28,1991-10-19,1991-11-20
9386950,13.0,8,1995-12-28,1996-01-06
9386950,203.0,27,1996-01-10,1996-02-06
9386950,48.0,29,1996-03-11,1996-04-15
9386950,570.0,119,1996-05-17,1996-09-18
9386950,531.0,71,2000-01-13,2000-03-27
9386950,1220.0,90,2000-08-06,2000-11-10
9386950,4913.0,356,2001-09-23,2002-09-22
9386950,274.0,78,2003-10-06,2003-12-27
9386950,328.0,63,2003-12-31,2004-03-06
9386950,2021.0,134,2004-08-19,2005-01-03
9386950,4575.0,264,2005-11-12,2006-08-07
9386950,5.0,7,2007-02-07,2007-02-16
9386950,2706.0,178,2009-09-05,2010-03-02
9386950,942.0,157,2011-03-29,2011-09-04
9386950,541.0,103,2012-04-22,2012-08-03
9386950,33.0,8,2012-08-10,2012-08-17
9386950,5483.0,365,2012-09-15,2013-09-17
9386950,62.0,11,2013-09-19,2013-09-29
9386950,2712.0,183,2014-02-02,2014-08-08
9386950,320.0,67,2016-03-07,2016-05-16
9386950,1294.0,125,2016-08-08,2016-12-22
9386950,13.0,14,2017-08-04,2017-08-23
9386950,19349.0,882,2017-08-26,2020-01-30
9386950,24.0,20,2020-02-17,2020-03-10
9386950,4.0,5,2020-04-16,2020-04-21
9386950,4.0,5,2020-06-22,2020-06-28
9386950,8649.0,422,2020-07-02,2021-09-07
9386950,44.0,23,2021-09-11,2021-10-06
9386950,210.0,45,2021-12-10,2022-01-28
9386950,1064.0,114,2022-03-02,2022-06-27
9292500,460.0,39,1983-04-17,1983-05-27
9292500,213.0,24,1984-04-14,1984-05-09
9292500,362.0,71,1985-05-27,1985-08-06
9292500,89.0,52,1985-08-18,1985-10-12
9292500,2043.0,156,1988-11-08,1989-04-13
9292500,4622.0,319,1989-05-19,1990-04-02
9292500,778.0,177,1990-05-18,1990-11-13
9292500,12.0,6,1991-04-11,1991-04-18
9292500,681.0,38,1991-04-26,1991-06-02
9292500,726.0,130,1991-11-13,1992-03-24
9292500,6165.0,349,1992-05-15,1993-04-30
9292500,122.0,10,1993-05-05,1993-05-14
9292500,3432.0,227,1994-05-13,1994-12-25
9292500,4.0,5,1996-02-27,1996-03-02
9292500,26.0,6,1996-03-24,1996-03-30
9292500,171.0,27,1996-04-01,1996-05-05
9292500,1853.0,211,1996-10-04,1997-05-10
9292500,1734.0,163,2000-05-24,2000-11-04
9292500,7946.0,391,2001-10-13,2002-11-10
9292500,622.0,122,2003-11-20,2004-03-22
9292500,1210.0,160,2004-06-02,2004-11-11
9292500,12.0,6,2004-11-13,2004-11-18
9292500,587.0,116,2006-06-04,2006-10-04
9292500,8697.0,368,2007-05-15,2008-05-16
9292500,374.0,111,2009-12-26,2010-04-20
9292500,185.0,16,2010-04-29,2010-05-17
9292500,39.0,6,2011-05-11,2011-05-18
9292500,8350.0,355,2012-05-19,2013-05-12
9292500,6.0,5,2016-04-25,2016-05-02
9292500,5873.0,374,2018-04-13,2019-05-02
9292500,385.0,39,2020-03-21,2020-05-03
9292500,4225.0,211,2020-11-05,2021-06-07
9292500,28.0,15,2021-08-01,2021-08-17
9292500,230.0,24,2022-04-30,2022-05-24
9469500,5566.0,438,1989-09-20,1990-12-01
9469500,2906.0,286,1996-01-23,1996-11-04
9469500,8.0,11,1997-07-26,1997-08-07
9469500,81.0,44,1997-08-13,1997-09-26
9469500,929.0,150,1999-03-16,1999-08-12
9469500,6.0,8,1999-12-12,1999-12-19
9469500,5362.0,300,1999-12-25,2000-10-19
9469500,5243.0,301,2001-11-23,2002-09-19
9469500,646.0,111,2002-11-06,2003-02-24
9469500,1056.0,107,2003-08-08,2003-11-22
9469500,400.0,88,2003-12-20,2004-03-16
9469500,1453.0,143,2006-02-25,2006-07-30
9469500,1128.0,119,2009-09-26,2010-01-22
9469500,3333.0,319,2011-03-15,2012-03-13
9469500,6.0,8,2012-03-23,2012-03-30
9469500,5.0,7,2012-06-09,2012-06-15
9469500,12.0,17,2012-06-22,2012-07-09
9469500,3035.0,352,2012-07-14,2013-07-25
9469500,51.0,70,2014-04-01,2014-06-09
9469500,4.0,6,2014-06-17,2014-06-22
9469500,7.0,10,2016-12-01,2016-12-10
9469500,13752.0,756,2017-10-21,2020-03-02
9469500,17268.0,732,2020-08-23,2022-08-24
9510000,4992.0,397,1990-01-28,1991-02-28
9510000,10702.0,591,1996-07-23,1998-03-05
9510000,194.0,49,1999-02-15,1999-04-04
9510000,5388.0,303,1999-12-30,2000-10-27
9510000,1885.0,345,2002-03-06,2003-02-13
9510000,5924.0,348,2004-01-16,2004-12-28
9510000,8726.0,553,2006-07-24,2008-01-27
9510000,5509.0,365,2009-01-20,2010-01-19
9510000,12199.0,697,2011-03-01,2013-01-25
9510000,3745.0,367,2016-02-14,2017-02-14
9510000,3576.0,256,2018-01-20,2018-10-02
9510000,80.0,110,2021-04-05,2021-07-23
9510000,109.0,79,2022-10-29,2023-01-15
9326500,152.0,24,1983-03-26,1983-04-18
9326500,421.0,39,1984-03-10,1984-04-17
9326500,51.0,17,1985-03-18,1985-04-03
9326500,11.0,9,1986-08-26,1986-09-03
9326500,110.0,17,1987-03-29,1987-04-16
9326500,145.0,25,1987-05-03,1987-05-27
9326500,175.0,39,1989-02-07,1989-03-17
9326500,1642.0,127,1989-04-25,1989-08-29
9326500,318.0,123,1989-11-21,1990-03-25
9326500,163.0,30,1990-05-23,1990-06-21
9326500,4.0,5,1990-09-04,1990-09-08
9326500,21.0,9,1990-10-21,1990-10-29
9326500,4.0,6,1991-02-18,1991-02-23
9326500,409.0,42,1991-03-24,1991-05-08
9326500,51.0,17,1992-05-05,1992-05-21
9326500,25.0,18,1992-10-29,1992-11-16
9326500,144.0,30,1993-02-22,1993-03-23
9326500,18.0,11,1993-10-10,1993-10-20
9326500,36.0,9,1994-04-27,1994-05-05
9326500,2517.0,150,1994-05-28,1994-10-24
9326500,141.0,23,1996-05-09,1996-05-31
9326500,1155.0,99,1996-08-29,1996-12-05
9326500,550.0,29,1999-04-04,1999-05-02
9326500,486.0,81,2000-04-25,2000-07-14
9326500,1140.0,98,2000-07-31,2000-11-05
9326500,8186.0,367,2001-09-30,2002-10-06
9326500,399.0,65,2003-06-22,2003-08-25
9326500,1055.0,124,2003-11-05,2004-03-15
9326500,341.0,39,2004-09-27,2004-11-04
9326500,1730.0,137,2006-06-02,2006-10-16
9326500,3004.0,185,2007-04-07,2007-10-08
9326500,1137.0,107,2007-12-11,2008-03-26
9326500,1804.0,124,2008-10-06,2009-02-06
9326500,6.0,5,2009-04-19,2009-04-24
9326500,4185.0,219,2009-09-09,2010-04-15
9326500,4686.0,355,2012-04-18,2013-04-26
9326500,274.0,28,2015-04-17,2015-05-14
9326500,1251.0,124,2015-11-07,2016-03-09
9326500,861.0,104,2016-06-27,2016-10-08
9326500,527.0,92,2016-11-17,2017-02-17
9326500,10.0,13,2017-07-16,2017-07-28
9326500,5353.0,256,2018-03-16,2018-12-12
9326500,837.0,79,2019-01-16,2019-04-04
9326500,4610.0,242,2019-10-09,2020-06-26
9326500,9770.0,419,2020-08-05,2021-09-27
9326500,1294.0,112,2022-04-16,2022-08-05
9326500,1321.0,100,2022-10-25,2023-02-01
9505800,1542.0,157,1984-03-22,1984-08-31
9505800,16.0,5,1987-08-06,1987-08-10
9505800,511.0,42,1987-09-17,1987-10-28
9505800,221.0,29,1989-02-25,1989-03-25
9505800,1184.0,132,1989-04-06,1989-08-17
9505800,8706.0,499,1989-08-23,1991-01-10
9505800,101.0,15,1991-02-11,1991-02-27
9505800,433.0,35,1991-09-23,1991-10-28
9505800,165.0,16,1991-10-30,1991-11-14
9505800,7.0,8,1994-01-31,1994-02-07
9505800,1540.0,94,1994-08-31,1994-12-05
9505800,180.0,16,1995-09-12,1995-09-27
9505800,9993.0,481,1995-10-05,1997-01-30
9505800,41.0,10,1997-07-25,1997-08-04
9505800,137.0,11,1997-08-14,1997-08-25
9505800,123.0,11,1998-10-14,1998-10-24
9505800,824.0,76,1999-01-21,1999-04-06
9505800,955.0,83,2000-01-04,2000-03-28
9505800,47.0,11,2000-04-06,2000-04-18
9505800,79.0,25,2000-05-27,2000-06-21
9505800,1892.0,109,2000-06-28,2000-10-21
9505800,6583.0,316,2001-10-26,2002-09-10
9505800,3483.0,168,2002-09-13,2003-03-07
9505800,121.0,15,2003-07-29,2003-08-14
9505800,102.0,6,2003-08-20,2003-08-26
9505800,117.0,31,2004-01-26,2004-02-27
9505800,38.0,9,2004-03-25,2004-04-02
9505800,178.0,30,2004-06-10,2004-07-13
9505800,232.0,27,2004-07-22,2004-08-18
9505800,326.0,26,2004-08-24,2004-09-18
9505800,13409.0,585,2005-12-17,2007-08-03
9505800,891.0,64,2007-09-28,2007-11-30
9505800,35.0,11,2008-07-29,2008-08-09
9505800,1298.0,80,2008-09-22,2008-12-15
9505800,40.0,5,2008-12-21,2008-12-28
9505800,111.0,38,2009-04-14,2009-05-21
9505800,27.0,7,2009-08-04,2009-08-10
9505800,3278.0,152,2009-08-18,2010-01-19
9505800,16.0,5,2011-08-06,2011-08-10
9505800,217.0,16,2011-08-27,2011-09-11
9505800,102.0,9,2011-09-18,2011-09-26
9505800,149.0,23,2012-02-28,2012-03-21
9505800,55.0,25,2012-03-27,2012-04-25
9505800,145.0,25,2012-06-15,2012-07-12
9505800,9.0,5,2012-12-17,2012-12-22
9505800,169.0,32,2012-12-25,2013-01-25
9505800,33.0,9,2013-08-02,2013-08-10
9505800,68.0,16,2014-02-13,2014-02-28
9505800,1130.0,111,2014-03-16,2014-07-05
9505800,498.0,34,2014-07-11,2014-08-18
9505800,70.0,5,2015-09-30,2015-10-04
9505800,96.0,8,2015-10-10,2015-10-17
9505800,1710.0,143,2016-03-05,2016-08-05
9505800,214.0,13,2016-08-11,2016-08-23
9505800,503.0,47,2016-10-26,2016-12-16
9505800,5721.0,279,2017-11-16,2018-08-25
9505800,709.0,36,2018-08-28,2018-10-02
9505800,16.0,5,2019-07-28,2019-08-02
9505800,2272.0,102,2019-08-07,2019-11-19
9505800,33.0,9,2020-08-01,2020-08-09
9505800,3733.0,173,2020-09-05,2021-03-02
9505800,363.0,69,2021-05-02,2021-07-16
9505800,6.0,5,2022-05-24,2022-05-28
9505800,52.0,15,2022-06-04,2022-06-23
9505800,143.0,22,2022-07-03,2022-07-25
9253000,75.0,12,1983-04-13,1983-04-24
9253000,95.0,9,1983-05-15,1983-05-23
9253000,234.0,24,1984-03-24,1984-04-16
9253000,52.0,12,1986-05-14,1986-05-29
9253000,243.0,22,1987-04-01,1987-04-22
9253000,1518.0,111,1987-05-08,1987-08-26
9253000,184.0,28,1987-09-30,1987-10-28
9253000,69.0,17,1988-03-08,1988-03-25
9253000,102.0,14,1988-04-28,1988-05-13
9253000,2604.0,220,1988-07-30,1989-03-16
9253000,1708.0,122,1989-05-14,1989-09-12
9253000,1172.0,161,1989-11-13,1990-04-22
9253000,242.0,23,1990-05-02,1990-05-28
9253000,9.0,5,1990-10-04,1990-10-09
9253000,555.0,37,1991-04-04,1991-05-11
9253000,986.0,142,1991-10-19,1992-03-08
9253000,68.0,11,1992-05-17,1992-05-29
9253000,32.0,18,1993-02-15,1993-03-04
9253000,15.0,7,1994-05-24,1994-05-31
9253000,1772.0,165,1994-06-02,1994-11-14
9253000,10.0,35,1995-01-01,1995-02-08
9253000,15.0,10,1995-04-06,1995-04-16
9253000,105.0,10,1995-04-23,1995-05-02
9253000,1288.0,91,1996-08-31,1996-11-30
9253000,195.0,24,1998-05-24,1998-06-16
9253000,88.0,12,1999-04-15,1999-04-26
9253000,42.0,12,2001-04-17,2001-04-28
9253000,10226.0,560,2001-05-20,2003-02-05
9253000,3214.0,204,2003-08-27,2004-03-17
9253000,1008.0,79,2004-05-12,2004-07-29
9253000,195.0,69,2006-05-31,2006-08-10
9253000,1308.0,124,2007-05-21,2007-09-23
9253000,472.0,30,2008-03-18,2008-04-17
9253000,500.0,62,2010-02-09,2010-04-11
9253000,342.0,25,2010-04-25,2010-05-19
9253000,76.0,14,2010-10-10,2010-10-24
9253000,9259.0,378,2012-05-01,2013-05-13
9253000,12.0,7,2015-04-24,2015-04-30
9253000,28.0,5,2015-05-14,2015-05-18
9253000,1598.0,153,2016-09-13,2017-02-14
9253000,95.0,11,2017-04-27,2017-05-07
9253000,72.0,11,2017-05-19,2017-06-01
9253000,562.0,103,2017-06-19,2017-09-29
9253000,1081.0,68,2018-03-06,2018-05-15
9253000,5856.0,344,2018-05-28,2019-05-14
9253000,2748.0,161,2019-10-28,2020-04-05
9253000,75.0,11,2020-04-20,2020-04-30
9253000,42.0,7,2020-05-06,2020-05-12
9253000,7359.0,372,2020-08-10,2021-09-13
9253000,24.0,14,2021-09-24,2021-10-07
9253000,285.0,23,2022-04-17,2022-05-10
9402000,5459.0,366,1989-08-31,1990-09-16
9402000,37.0,13,1995-12-28,1996-01-09
9402000,4056.0,254,1996-01-22,1996-10-05
9402000,324.0,26,1996-10-11,1996-11-05
9402000,506.0,101,1999-03-09,1999-06-24
9402000,801.0,69,2000-01-26,2000-04-03
9402000,2289.0,172,2000-05-10,2000-10-30
9402000,6840.0,356,2001-10-27,2002-10-26
9402000,335.0,54,2003-07-14,2003-09-18
9402000,184.0,25,2003-09-21,2003-10-22
9402000,85.0,16,2003-10-31,2003-11-15
9402000,727.0,124,2003-11-30,2004-04-10
9402000,1979.0,151,2004-06-24,2004-11-26
9402000,3674.0,222,2005-12-31,2006-08-15
9402000,389.0,52,2006-12-27,2007-02-19
9402000,4.0,5,2007-04-15,2007-04-19
9402000,4.0,6,2007-04-27,2007-05-02
9402000,21.0,9,2007-07-23,2007-07-31
9402000,142.0,34,2007-11-03,2007-12-07
9402000,157.0,24,2008-12-03,2008-12-26
9402000,86.0,15,2009-01-10,2009-01-24
9402000,8.0,7,2009-08-04,2009-08-10
9402000,2661.0,154,2009-08-20,2010-01-25
9402000,398.0,40,2010-02-02,2010-03-14
9402000,4.0,5,2010-12-17,2010-12-21
9402000,4.0,5,2011-08-30,2011-09-03
9402000,171.0,27,2012-03-07,2012-04-05
9402000,1138.0,115,2012-04-11,2012-08-06
9402000,2843.0,208,2012-08-15,2013-03-21
9402000,873.0,110,2013-04-07,2013-07-25
9402000,150.0,18,2013-08-05,2013-08-22
9402000,746.0,120,2014-03-19,2014-07-19
9402000,72.0,15,2014-07-29,2014-08-16
9402000,4.0,6,2014-09-06,2014-09-14
9402000,55.0,15,2014-09-17,2014-10-01
9402000,75.0,22,2014-11-16,2014-12-07
9402000,72.0,25,2016-04-01,2016-04-25
9402000,4.0,5,2016-05-02,2016-05-06
9402000,16.0,5,2016-08-25,2016-08-29
9402000,210.0,73,2016-10-07,2016-12-25
9402000,11594.0,528,2017-09-11,2019-03-07
9402000,3410.0,200,2019-07-16,2020-02-08
9402000,18.0,8,2020-02-20,2020-02-27
9402000,7889.0,361,2020-08-16,2021-08-27
9402000,55.0,8,2021-08-29,2021-09-05
9402000,122.0,23,2021-12-08,2021-12-30
9402000,1365.0,139,2022-02-20,2022-07-13
9234500,164.0,84,1985-06-25,1985-09-18
9234500,4.0,5,1985-09-27,1985-10-01
9234500,14635.0,1048,1988-07-01,1991-06-13
9234500,6656.0,357,1992-06-08,1993-05-30
9234500,3027.0,194,1994-06-15,1994-12-25
9234500,48.0,19,2000-06-26,2000-07-14
9234500,772.0,109,2000-07-23,2000-11-08
9234500,19677.0,1197,2001-01-03,2004-05-10
9234500,869.0,101,2007-07-16,2007-10-24
9234500,187.0,32,2008-05-11,2008-06-13
9234500,408.0,41,2010-05-17,2010-06-26
9234500,42.0,17,2010-10-26,2010-11-11
9234500,7.0,8,2010-12-26,2011-01-02
9234500,1418.0,209,2012-11-11,2013-06-08
9234500,9.0,6,2013-09-21,2013-09-26
9234500,3995.0,250,2018-10-25,2019-07-01
9234500,238.0,52,2020-05-03,2020-06-23
9234500,7759.0,355,2020-10-07,2021-10-07
9234500,1489.0,211,2022-02-02,2022-10-25
9234500,737.0,88,2022-11-06,2023-02-01
9330000,16.0,8,1987-04-08,1987-04-17
9330000,20256.0,1078,1989-04-15,1992-03-29
9330000,253.0,292,1994-05-11,1995-02-26
9330000,2051.0,356,2000-03-27,2001-03-18
9330000,4592.0,361,2002-03-20,2003-03-19
9330000,29.0,13,2004-02-27,2004-03-13
9330000,64.0,18,2004-03-18,2004-04-05
9330000,16.0,8,2008-04-09,2008-04-18
9330000,3712.0,397,2009-03-07,2010-04-09
9330000,14.0,19,2017-04-22,2017-05-10
9330000,31237.0,1826,2018-02-02,2023-02-01
9418500,1017.0,247,1987-02-24,1987-10-31
9418500,11648.0,832,1989-11-01,1992-02-10
9418500,474.0,150,1996-07-12,1996-12-10
9418500,25.0,7,2000-02-26,2000-03-03
9418500,17516.0,921,2002-04-15,2004-10-26
9418500,2067.0,348,2007-05-07,2008-05-09
9418500,2.0,48,2008-05-22,2008-07-11
9418500,924.0,131,2008-10-16,2009-02-23
9418500,80.0,43,2009-12-11,2010-01-27
9418500,2.0,16,2015-01-06,2015-01-21
9418500,0.0,5,2015-01-28,2015-02-01
9418500,1724.0,244,2015-02-11,2015-10-16
9418500,8796.0,488,2018-01-16,2019-05-22
9418500,16358.0,799,2020-10-27,2023-01-05
9430500,87.0,19,1989-08-14,1989-09-03
9430500,229.0,26,1989-09-10,1989-10-05
9430500,1733.0,134,1989-10-27,1990-03-09
9430500,116.0,18,1990-04-11,1990-05-02
9430500,771.0,81,1990-05-11,1990-08-07
9430500,35.0,8,1990-08-30,1990-09-09
9430500,56.0,10,1990-09-13,1990-09-22
9430500,206.0,32,1994-07-31,1994-09-03
9430500,393.0,31,1994-09-16,1994-10-16
9430500,59.0,14,1995-09-04,1995-09-17
9430500,1778.0,127,1995-09-23,1996-02-01
9430500,3131.0,172,1996-03-01,1996-08-22
9430500,43.0,5,1996-09-07,1996-09-11
9430500,23.0,12,1996-10-05,1996-10-17
9430500,32.0,9,1997-01-16,1997-01-25
9430500,314.0,33,1997-08-19,1997-09-20
9430500,1026.0,109,1999-01-18,1999-05-18
9430500,186.0,27,1999-06-23,1999-07-19
9430500,1479.0,123,1999-11-18,2000-03-24
9430500,82.0,15,2000-04-08,2000-04-23
9430500,1986.0,161,2000-04-26,2000-10-11
9430500,16.0,5,2001-08-08,2001-08-12
9430500,70.0,15,2001-08-31,2001-09-14
9430500,6023.0,328,2001-09-22,2002-09-02
9430500,4.0,5,2002-11-06,2002-11-10
9430500,40.0,6,2002-11-26,2002-12-01
9430500,2655.0,132,2003-07-01,2003-11-13
9430500,30.0,7,2003-12-07,2003-12-13
9430500,23.0,5,2003-12-23,2003-12-27
9430500,21.0,5,2004-01-11,2004-01-15
9430500,285.0,27,2004-01-26,2004-02-21
9430500,43.0,6,2004-08-12,2004-08-17
9430500,667.0,55,2004-08-24,2004-10-22
9430500,9.0,5,2005-09-19,2005-09-23
9430500,3568.0,233,2005-11-24,2006-07-19
9430500,56.0,15,2007-11-09,2007-11-23
9430500,11.0,5,2009-02-05,2009-02-10
9430500,955.0,128,2009-02-18,2009-07-01
9430500,399.0,42,2009-07-11,2009-08-24
9430500,1699.0,116,2009-09-29,2010-01-27
9430500,5.0,5,2010-12-01,2010-12-06
9430500,118.0,33,2010-12-14,2011-01-17
9430500,2121.0,186,2011-02-02,2011-08-13
9430500,17.0,6,2011-10-23,2011-10-28
9430500,3239.0,194,2012-07-16,2013-01-26
9430500,148.0,16,2013-02-16,2013-03-03
9430500,7.0,6,2013-03-09,2013-03-14
9430500,1551.0,106,2013-03-26,2013-07-16
9430500,53.0,13,2014-02-17,2014-03-01
9430500,201.0,35,2014-03-12,2014-04-17
9430500,17.0,6,2016-03-28,2016-04-04
9430500,28.0,8,2016-07-24,2016-08-02
9430500,54.0,14,2016-08-21,2016-09-07
9430500,17.0,7,2016-09-22,2016-09-29
9430500,40.0,19,2016-11-13,2016-12-05
9430500,7469.0,478,2017-10-09,2019-02-15
9430500,9.0,5,2019-03-26,2019-03-31
9430500,40.0,11,2019-04-06,2019-04-18
9430500,94.0,19,2019-04-25,2019-05-13
9430500,3867.0,193,2019-05-19,2019-11-27
9430500,35.0,8,2020-07-16,2020-07-24
9430500,8662.0,354,2020-08-06,2021-07-29
9430500,603.0,67,2021-10-17,2022-01-12
9430500,3508.0,150,2022-01-22,2022-06-22
9361500,69.0,8,1983-05-16,1983-05-23
9361500,160.0,18,1984-04-24,1984-05-11
9361500,21.0,6,1987-04-23,1987-04-28
9361500,22.0,13,1989-06-06,1989-06-18
9361500,1923.0,278,1989-07-07,1990-04-17
9361500,16.0,9,1990-06-01,1990-06-09
9361500,278.0,78,1992-12-29,1993-03-17
9361500,364.0,94,1994-02-03,1994-05-11
9361500,1447.0,177,1994-05-22,1994-11-14
9361500,80.0,9,1995-05-08,1995-05-19
9361500,6140.0,407,1995-11-15,1996-12-28
9361500,643.0,159,1998-05-31,1998-11-05
9361500,48.0,29,2000-03-17,2000-04-18
9361500,2539.0,180,2000-05-16,2000-11-16
9361500,3196.0,199,2001-09-25,2002-04-11
9361500,4796.0,280,2002-04-22,2003-01-30
9361500,1049.0,100,2003-06-04,2003-09-11
9361500,7.0,10,2004-09-11,2004-09-21
9361500,2010.0,134,2006-05-14,2006-09-24
9361500,13.0,5,2007-05-27,2007-05-31
9361500,588.0,109,2008-11-17,2009-03-05
9361500,76.0,17,2009-04-10,2009-04-26
9361500,2614.0,231,2009-08-30,2010-04-17
9361500,108.0,18,2011-05-06,2011-05-24
9361500,17.0,23,2011-09-23,2011-10-15
9361500,9827.0,473,2012-05-14,2013-08-29
9361500,29.0,6,2014-04-29,2014-05-04
9361500,57.0,5,2014-05-13,2014-05-17
9361500,375.0,32,2016-04-15,2016-05-16
9361500,24.0,9,2017-04-29,2017-05-07
9361500,52.0,8,2017-05-18,2017-05-25
9361500,12214.0,550,2017-10-30,2019-05-13
9361500,122.0,14,2019-05-19,2019-06-01
9361500,4094.0,211,2019-10-16,2020-05-17
9361500,33.0,5,2020-05-24,2020-05-28
9361500,6227.0,358,2020-06-09,2021-06-03
9361500,140.0,18,2021-06-19,2021-07-06
9361500,642.0,68,2022-03-06,2022-05-16
9365000,155.0,32,1989-07-17,1989-08-17
9365000,224.0,55,1989-09-17,1989-11-14
9365000,1802.0,139,1989-12-02,1990-04-19
9365000,42.0,18,1994-03-13,1994-03-31
9365000,5246.0,367,1996-01-13,1997-02-17
9365000,10.0,14,1997-02-27,1997-03-14
9365000,8.0,6,1999-04-21,1999-04-28
9365000,160.0,29,2000-02-26,2000-03-25
9365000,1399.0,168,2000-06-13,2000-11-28
9365000,11915.0,662,2001-10-19,2003-09-16
9365000,843.0,139,2003-10-07,2004-02-23
9365000,589.0,116,2004-06-17,2004-10-10
9365000,118.0,31,2006-03-08,2006-04-07
9365000,1987.0,151,2006-05-08,2006-10-05
9365000,25.0,15,2007-05-29,2007-06-13
9365000,0.0,8,2007-07-09,2007-07-16
9365000,182.0,90,2008-11-20,2009-02-25
9365000,258.0,39,2009-03-26,2009-05-03
9365000,80.0,29,2009-06-04,2009-07-02
9365000,2577.0,206,2009-08-19,2010-03-12
9365000,11.0,6,2010-10-12,2010-10-17
9365000,60.0,36,2011-03-15,2011-04-20
9365000,268.0,50,2011-04-29,2011-06-17
9365000,914.0,99,2011-08-13,2011-11-24
9365000,12.0,7,2012-04-07,2012-04-13
9365000,9984.0,500,2012-05-08,2013-09-20
9365000,55.0,17,2014-04-17,2014-05-07
9365000,50.0,8,2014-05-14,2014-05-21
9365000,85.0,40,2014-07-04,2014-08-12
9365000,11.0,6,2014-09-21,2014-09-26
9365000,458.0,49,2016-04-13,2016-06-02
9365000,35.0,8,2017-05-01,2017-05-08
9365000,15.0,5,2017-05-21,2017-05-25
9365000,12150.0,565,2017-11-10,2019-06-03
9365000,7906.0,488,2019-09-30,2022-05-28
9365000,272.0,37,2022-06-02,2022-07-08
9310500,318.0,25,1983-03-31,1983-04-24
9310500,766.0,50,1984-03-20,1984-05-08
9310500,4.0,6,1986-09-05,1986-09-12
9310500,1484.0,115,1987-04-05,1987-07-28
9310500,1082.0,164,1987-10-30,1988-04-10
9310500,3746.0,232,1988-07-28,1989-03-16
9310500,11113.0,712,1989-04-16,1991-04-30
9310500,5219.0,353,1992-04-07,1993-03-25
9310500,3787.0,245,1994-04-25,1994-12-28
9310500,17.0,16,1995-01-25,1995-02-09
9310500,897.0,76,1996-09-07,1996-11-25
9310500,25.0,7,1999-04-18,1999-04-24
9310500,91.0,28,1999-12-27,2000-01-24
9310500,187.0,55,2000-05-04,2000-07-02
9310500,553.0,62,2000-09-04,2000-11-04
9310500,20.0,14,2001-05-15,2001-05-31
9310500,5494.0,301,2001-06-11,2002-04-26
9310500,2278.0,153,2002-05-14,2002-10-13
9310500,384.0,81,2003-07-04,2003-09-24
9310500,2256.0,154,2003-10-16,2004-03-17
9310500,13.0,14,2004-05-28,2004-06-13
9310500,87.0,16,2004-10-13,2004-10-28
9310500,2235.0,181,2007-04-18,2007-10-15
9310500,13.0,8,2008-03-25,2008-04-03
9310500,16.0,5,2008-04-08,2008-04-12
9310500,3250.0,167,2009-11-03,2010-04-18
9310500,2421.0,145,2012-04-23,2012-09-14
9310500,172.0,22,2015-04-20,2015-05-14
9310500,220.0,71,2016-01-30,2016-04-09
9310500,103.0,21,2016-09-17,2016-10-07
9310500,5921.0,395,2018-03-17,2019-04-19
9310500,2585.0,151,2019-11-23,2020-04-22
9310500,8451.0,339,2020-10-03,2021-09-06
9210500,12.0,6,1987-05-15,1987-05-20
9210500,316.0,65,1989-02-02,1989-04-07
9210500,9.0,9,1989-05-25,1989-06-03
9210500,29.0,39,1990-02-20,1990-03-31
9210500,153.0,33,1991-04-08,1991-05-14
9210500,835.0,149,1992-11-24,1993-04-22
9210500,176.0,44,1994-05-10,1994-06-25
9210500,262.0,148,1994-07-03,1994-11-28
9210500,4.0,5,1995-02-06,1995-02-10
9210500,23254.0,1108,2000-04-13,2003-04-29
9210500,6459.0,415,2003-05-06,2004-07-04
9210500,3790.0,367,2007-05-17,2008-05-17
9210500,1692.0,244,2008-06-21,2009-02-21
9210500,70.0,12,2010-05-05,2010-05-16
9210500,945.0,184,2012-11-07,2013-05-09
9210500,734.0,153,2013-06-08,2013-11-07
9210500,14.0,6,2018-04-30,2018-05-05
9210500,2662.0,348,2018-05-25,2019-05-13
9210500,26.0,5,2019-05-19,2019-05-24
9210500,20957.0,1037,2020-04-01,2023-02-01
9352900,1269.0,74,1983-03-15,1983-05-27
9352900,20.0,7,1983-09-23,1983-09-29
9352900,8.0,7,1983-11-07,1983-11-13
9352900,324.0,36,1984-04-09,1984-05-14
9352900,256.0,20,1985-08-26,1985-09-14
9352900,498.0,30,1987-03-31,1987-04-29
9352900,443.0,35,1987-09-16,1987-10-20
9352900,8.0,8,1988-03-30,1988-04-08
9352900,124.0,36,1988-11-01,1988-12-06
9352900,34.0,6,1989-05-18,1989-05-23
9352900,712.0,57,1989-06-02,1989-07-28
9352900,275.0,22,1989-09-01,1989-09-22
9352900,2265.0,127,1989-11-24,1990-03-30
9352900,814.0,52,1991-03-25,1991-05-15
9352900,2828.0,186,1991-10-05,1992-04-07
9352900,37.0,11,1992-07-12,1992-07-22
9352900,26.0,5,1992-09-16,1992-09-20
9352900,2728.0,223,1992-10-07,1993-05-17
9352900,617.0,33,1993-07-26,1993-08-27
9352900,70.0,12,1993-10-04,1993-10-16
9352900,819.0,91,1993-12-21,1994-03-21
9352900,9.0,6,1994-06-20,1994-06-25
9352900,632.0,50,1994-07-15,1994-09-04
9352900,70.0,13,1995-04-26,1995-05-09
9352900,52.0,8,1995-05-11,1995-05-22
9352900,534.0,37,1995-08-02,1995-09-11
9352900,1295.0,144,1995-10-17,1996-03-09
9352900,1046.0,46,1996-05-15,1996-06-29
9352900,320.0,28,1996-07-31,1996-08-27
9352900,33.0,18,1996-11-13,1996-11-30
9352900,4.0,6,1997-07-20,1997-07-25
9352900,530.0,44,1998-06-01,1998-07-14
9352900,2861.0,141,1999-10-12,2000-03-01
9352900,11.0,5,2000-03-22,2000-03-26
9352900,1566.0,94,2000-05-20,2000-08-21
9352900,4.0,5,2000-09-29,2000-10-06
9352900,33.0,5,2001-07-29,2001-08-02
9352900,2131.0,187,2001-09-13,2002-03-18
9352900,2879.0,124,2002-05-10,2002-09-10
9352900,1018.0,75,2003-06-05,2003-08-18
9352900,288.0,37,2003-10-02,2003-11-07
9352900,313.0,31,2004-08-07,2004-09-06
9352900,197.0,19,2005-07-24,2005-08-11
9352900,978.0,56,2006-05-15,2006-07-09
9352900,61.0,7,2007-05-27,2007-06-02
9352900,220.0,31,2007-06-26,2007-07-26
9352900,34.0,7,2007-09-15,2007-09-21
9352900,33.0,19,2007-12-02,2007-12-20
9352900,482.0,69,2008-03-05,2008-05-12
9352900,11.0,5,2008-08-28,2008-09-01
9352900,293.0,24,2008-09-21,2008-10-14
9352900,735.0,54,2009-07-27,2009-09-18
9352900,845.0,55,2010-02-27,2010-04-22
9352900,172.0,28,2010-07-01,2010-07-29
9352900,72.0,12,2011-05-16,2011-05-27
9352900,225.0,28,2011-08-19,2011-09-15
9352900,26.0,9,2012-03-21,2012-03-29
9352900,946.0,50,2012-05-22,2012-07-12
9352900,1911.0,165,2012-08-23,2013-02-03
9352900,439.0,43,2013-06-07,2013-07-19
9352900,33.0,5,2014-05-16,2014-05-20
9352900,82.0,19,2014-07-10,2014-07-28
9352900,9.0,5,2014-09-08,2014-09-12
9352900,23.0,8,2015-09-29,2015-10-06
9352900,772.0,52,2016-04-05,2016-05-30
9352900,33.0,8,2016-07-29,2016-08-06
9352900,33.0,5,2016-09-21,2016-09-25
9352900,105.0,34,2016-10-20,2016-11-22
9352900,21.0,6,2017-03-19,2017-03-24
9352900,423.0,32,2017-04-30,2017-05-31
9352900,506.0,32,2017-09-03,2017-10-04
9352900,7819.0,470,2017-10-15,2019-03-15
9352900,54.0,10,2019-04-16,2019-04-25
9352900,349.0,30,2019-05-06,2019-06-04
9352900,6720.0,275,2019-08-04,2020-05-04
9352900,464.0,58,2020-06-02,2020-07-30
9352900,6188.0,285,2020-08-11,2021-05-29
9352900,374.0,28,2021-09-11,2021-10-08
9352900,1197.0,96,2022-02-04,2022-05-10
9352900,214.0,26,2022-05-26,2022-06-20
9352900,30.0,5,2022-09-12,2022-09-16
9085000,709.0,52,1983-04-11,1983-06-01
9085000,256.0,33,1987-04-03,1987-05-05
9085000,88.0,23,1987-05-28,1987-06-24
9085000,661.0,47,1987-09-21,1987-11-06
9085000,651.0,116,1988-02-17,1988-06-18
9085000,768.0,79,1988-07-04,1988-09-20
9085000,2379.0,156,1988-10-06,1989-03-10
9085000,6.0,8,1989-08-11,1989-08-22
9085000,3911.0,222,1989-08-30,1990-04-08
9085000,2767.0,145,1990-05-13,1990-10-04
9085000,196.0,21,1991-04-21,1991-05-11
9085000,20.0,18,1991-08-27,1991-09-13
9085000,1619.0,176,1991-10-03,1992-04-09
9085000,811.0,89,1992-06-01,1992-08-28
9085000,710.0,163,1992-10-12,1993-03-25
9085000,203.0,28,1994-04-06,1994-05-09
9085000,40.0,5,1994-06-09,1994-06-13
9085000,1903.0,121,1994-06-25,1994-11-08
9085000,4.0,5,1994-11-21,1994-11-25
9085000,37.0,27,1994-12-30,1995-01-25
9085000,21.0,5,1999-05-18,1999-05-22
9085000,363.0,50,2000-06-07,2000-07-26
9085000,38.0,18,2000-08-07,2000-08-25
9085000,1387.0,137,2000-10-21,2001-03-07
9085000,54.0,14,2001-03-21,2001-04-03
9085000,960.0,66,2001-06-06,2001-08-10
9085000,180.0,22,2002-03-11,2002-04-01
9085000,3405.0,133,2002-05-23,2002-10-02
9085000,22.0,30,2002-11-30,2002-12-29
9085000,129.0,19,2003-04-09,2003-04-27
9085000,61.0,13,2003-05-10,2003-05-25
9085000,320.0,44,2003-07-29,2003-09-10
9085000,23.0,12,2003-11-09,2003-11-20
9085000,1105.0,117,2004-06-04,2004-09-28
9085000,74.0,18,2006-06-16,2006-07-03
9085000,165.0,26,2007-05-26,2007-06-22
9085000,117.0,27,2007-08-25,2007-09-20
9085000,41.0,19,2010-03-12,2010-03-30
9085000,17.0,7,2010-05-15,2010-05-21
9085000,5083.0,358,2012-05-28,2013-05-23
9085000,547.0,38,2016-04-23,2016-05-30
9085000,1757.0,154,2016-09-29,2017-03-20
9085000,1097.0,66,2017-03-31,2017-06-04
9085000,2748.0,254,2017-09-14,2018-05-30
9085000,8021.0,356,2018-06-01,2019-06-06
9085000,4942.0,230,2019-10-02,2020-05-27
9085000,8524.0,363,2020-06-09,2021-06-07
9085000,763.0,53,2021-06-23,2021-08-24
9085000,358.0,32,2021-09-11,2021-10-12
9085000,2029.0,130,2022-01-30,2022-06-09
9085000,7.0,6,2022-09-26,2022-10-01
9035700,116.0,12,1983-04-10,1983-04-21
9035700,326.0,22,1983-04-29,1983-05-24
9035700,870.0,43,1984-03-30,1984-05-11
9035700,201.0,15,1985-03-29,1985-04-12
9035700,50.0,5,1985-04-25,1985-04-29
9035700,235.0,35,1985-08-31,1985-10-05
9035700,272.0,18,1986-05-18,1986-06-04
9035700,63.0,13,1986-08-18,1986-08-30
9035700,922.0,73,1987-05-16,1987-07-31
9035700,130.0,24,1987-10-06,1987-11-01
9035700,51.0,6,1988-03-31,1988-04-06
9035700,4348.0,231,1988-07-31,1989-03-18
9035700,138.0,29,1989-05-16,1989-06-16
9035700,234.0,17,1989-07-18,1989-08-03
9035700,3886.0,206,1989-09-05,1990-03-29
9035700,193.0,20,1990-05-05,1990-05-30
9035700,294.0,32,1990-06-18,1990-07-19
9035700,17.0,6,1990-08-14,1990-08-20
9035700,13.0,5,1991-04-14,1991-04-18
9035700,127.0,7,1991-04-29,1991-05-07
9035700,25.0,8,1991-07-16,1991-07-24
9035700,3505.0,176,1991-10-16,1992-04-08
9035700,138.0,15,1992-05-14,1992-05-28
9035700,54.0,17,1992-06-06,1992-06-22
9035700,129.0,20,1992-08-03,1992-08-22
9035700,95.0,26,1992-10-23,1992-11-17
9035700,14.0,6,1993-02-24,1993-03-01
9035700,207.0,26,1993-03-09,1993-04-08
9035700,89.0,12,1993-04-15,1993-04-27
9035700,593.0,40,1993-08-08,1993-09-16
9035700,23.0,8,1994-03-12,1994-03-20
9035700,64.0,7,1994-04-09,1994-04-15
9035700,3970.0,290,1994-05-23,1995-03-23
9035700,99.0,8,1995-04-21,1995-04-28
9035700,10.0,10,1995-08-24,1995-09-05
9035700,11.0,8,1995-09-12,1995-09-19
9035700,159.0,14,1996-03-27,1996-04-09
9035700,60.0,6,1996-04-20,1996-04-25
9035700,1314.0,62,1996-07-30,1996-09-29
9035700,12.0,10,1996-11-16,1996-11-25
9035700,7.0,5,1997-01-31,1997-02-04
9035700,51.0,16,1997-02-10,1997-03-01
9035700,80.0,16,1997-03-07,1997-03-23
9035700,23.0,5,1997-04-14,1997-04-18
9035700,83.0,10,1997-07-27,1997-08-05
9035700,22.0,7,1998-03-19,1998-03-25
9035700,220.0,21,1998-06-05,1998-06-25
9035700,20.0,8,1998-07-06,1998-07-13
9035700,86.0,8,1999-05-06,1999-05-14
9035700,85.0,10,2000-03-28,2000-04-07
9035700,605.0,53,2000-05-29,2000-07-21
9035700,343.0,25,2000-08-02,2000-08-26
9035700,24.0,10,2001-03-12,2001-03-22
9035700,1368.0,69,2001-05-07,2001-07-15
9035700,682.0,146,2001-10-24,2002-03-24
9035700,3510.0,154,2002-04-23,2002-09-23
9035700,1026.0,132,2002-11-21,2003-04-02
9035700,36.0,13,2003-08-06,2003-08-19
9035700,591.0,105,2003-12-03,2004-03-17
9035700,1047.0,58,2004-05-03,2004-07-01
9035700,323.0,22,2005-07-21,2005-08-11
9035700,195.0,23,2005-09-10,2005-10-02
9035700,72.0,15,2006-05-28,2006-06-14
9035700,358.0,26,2006-06-16,2006-07-11
9035700,644.0,34,2008-04-03,2008-05-12
9035700,83.0,13,2009-07-21,2009-08-02
9035700,733.0,55,2009-08-24,2009-11-02
9035700,7.0,6,2009-11-05,2009-11-11
9035700,31.0,6,2010-03-24,2010-03-29
9035700,104.0,12,2010-05-08,2010-05-22
9035700,120.0,17,2010-05-26,2010-06-17
9035700,226.0,25,2010-07-01,2010-07-30
9035700,597.0,39,2010-09-18,2010-10-27
9035700,113.0,8,2011-04-28,2011-05-05
9035700,9.0,5,2012-02-25,2012-02-29
9035700,17.0,7,2012-03-10,2012-03-16
9035700,1676.0,77,2012-04-28,2012-07-14
9035700,29.0,13,2012-10-17,2012-10-31
9035700,11.0,5,2013-02-12,2013-02-16
9035700,14.0,6,2013-02-24,2013-03-01
9035700,40.0,11,2013-03-09,2013-03-20
9035700,50.0,8,2013-03-24,2013-03-31
9035700,184.0,11,2013-04-18,2013-04-28
9035700,138.0,18,2013-07-03,2013-07-20
9035700,249.0,20,2014-03-28,2014-04-18
9035700,32.0,10,2014-07-25,2014-08-03
9035700,34.0,13,2015-08-30,2015-09-11
9035700,822.0,80,2015-09-23,2015-12-15
9035700,717.0,99,2016-01-01,2016-04-10
9035700,52.0,5,2016-04-18,2016-04-22
9035700,48.0,5,2016-04-30,2016-05-04
9035700,657.0,48,2016-07-15,2016-08-31
9035700,3071.0,182,2016-09-30,2017-03-30
9035700,65.0,6,2017-04-29,2017-05-04
9035700,78.0,13,2017-07-08,2017-07-20
9035700,85.0,16,2017-09-19,2017-10-04
9035700,100.0,16,2018-03-19,2018-04-03
9035700,6788.0,324,2018-06-05,2019-04-25
9035700,71.0,10,2019-08-04,2019-08-13
9035700,6168.0,254,2019-08-25,2020-05-06
9035700,7009.0,298,2020-07-13,2021-05-13
9035700,13.0,5,2021-06-26,2021-06-30
9035700,84.0,15,2021-10-03,2021-10-17
9035700,33.0,9,2022-03-20,2022-03-28
9035700,61.0,7,2022-04-13,2022-04-19
9035700,23.0,12,2022-06-24,2022-07-05
9035700,568.0,80,2022-11-14,2023-02-01
9328500,171.0,47,1987-04-30,1987-06-15
9328500,12388.0,934,1989-04-09,1991-11-19
9328500,5.0,7,1991-11-22,1991-11-28
9328500,781.0,210,1994-06-06,1995-01-01
9328500,8215.0,475,2001-11-29,2003-03-22
9328500,10.0,7,2004-01-01,2004-01-07
9328500,65.0,42,2004-02-04,2004-03-17
9328500,10.0,11,2007-05-27,2007-06-10
9328500,54.0,21,2008-03-15,2008-04-07
9328500,154.0,54,2009-01-08,2009-03-04
9328500,17.0,7,2009-03-09,2009-03-15
9328500,13.0,15,2009-03-26,2009-04-11
9328500,193.0,57,2009-04-26,2009-06-22
9328500,2618.0,203,2009-10-29,2010-05-19
9328500,581.0,128,2010-07-16,2010-11-22
9328500,5418.0,465,2012-05-19,2013-09-19
9328500,91.0,28,2016-04-08,2016-05-05
9328500,17.0,23,2016-06-22,2016-07-14
9328500,349.0,137,2016-09-19,2017-02-03
9328500,9147.0,407,2018-03-14,2019-04-25
9328500,21893.0,1090,2020-02-01,2023-02-01
9251000,26.0,12,1983-04-28,1983-05-10
9251000,53.0,9,1983-05-19,1983-05-27
9251000,60.0,12,1984-03-13,1984-03-24
9251000,178.0,27,1987-04-09,1987-05-05
9251000,857.0,74,1987-05-24,1987-08-05
9251000,94.0,25,1988-09-06,1988-09-30
9251000,653.0,127,1988-10-24,1989-03-13
9251000,847.0,88,1989-06-01,1989-08-27
9251000,1019.0,140,1989-11-14,1990-04-19
9251000,11.0,5,1990-05-13,1990-05-19
9251000,4.0,5,1990-07-08,1990-07-13
9251000,278.0,23,1991-04-26,1991-05-18
9251000,27.0,10,1992-04-06,1992-04-15
9251000,47.0,8,1992-05-21,1992-05-30
9251000,208.0,44,1992-06-06,1992-07-19
9251000,13.0,14,1994-02-26,1994-03-15
9251000,342.0,28,1994-03-31,1994-04-27
9251000,16.0,5,1994-05-06,1994-05-10
9251000,5168.0,275,1994-05-26,1995-02-25
9251000,575.0,49,1995-03-22,1995-05-09
9251000,170.0,56,1996-09-25,1996-11-19
9251000,14.0,9,1998-06-10,1998-06-18
9251000,22.0,10,1999-04-20,1999-04-29
9251000,336.0,68,1999-11-21,2000-01-27
9251000,1552.0,135,2000-06-06,2000-10-23
9251000,1485.0,163,2000-10-31,2001-04-22
9251000,8847.0,509,2001-05-27,2002-12-28
9251000,9.0,7,2003-01-28,2003-02-03
9251000,103.0,31,2003-08-21,2003-09-25
9251000,510.0,113,2003-10-25,2004-03-05
9251000,1490.0,113,2004-05-18,2004-09-07
9251000,16.0,5,2006-06-05,2006-06-09
9251000,8.0,11,2006-06-28,2006-07-10
9251000,201.0,28,2007-05-28,2007-06-27
9251000,35.0,15,2007-08-06,2007-08-20
9251000,29.0,26,2007-08-28,2007-09-24
9251000,1102.0,124,2010-01-16,2010-05-23
9251000,159.0,24,2010-10-08,2010-10-31
9251000,60.0,18,2012-03-15,2012-04-05
9251000,8944.0,377,2012-05-06,2013-05-17
9251000,49.0,30,2013-07-14,2013-08-12
9251000,2193.0,154,2016-09-19,2017-02-19
9251000,790.0,66,2017-04-02,2017-06-06
9251000,753.0,93,2017-07-22,2017-10-22
9251000,8806.0,451,2018-03-07,2019-06-06
9251000,2727.0,191,2019-10-18,2020-05-20
9251000,9641.0,446,2020-08-12,2021-11-13
9251000,1571.0,100,2022-02-18,2022-06-01
9251000,4.0,6,2022-10-02,2022-10-07
9504500,110.0,24,1989-02-28,1989-03-25
9504500,780.0,55,1989-12-30,1990-02-22
9504500,140.0,11,1990-03-04,1990-03-14
9504500,210.0,13,1990-03-21,1990-04-04
9504500,1295.0,93,1990-04-10,1990-07-14
9504500,360.0,36,1990-07-24,1990-08-31
9504500,98.0,10,1990-09-07,1990-09-17
9504500,1447.0,100,1990-09-25,1991-01-03
9504500,427.0,27,1991-01-29,1991-02-27
9504500,648.0,75,1996-02-06,1996-04-24
9504500,1016.0,115,1996-05-15,1996-09-10
9504500,2190.0,128,1996-09-20,1997-01-25
9504500,110.0,37,1997-04-22,1997-06-05
9504500,4.0,6,1997-06-07,1997-06-12
9504500,446.0,60,1997-07-12,1997-09-13
9504500,488.0,74,1997-10-02,1997-12-22
9504500,86.0,7,1997-12-24,1997-12-30
9504500,49.0,17,1999-01-18,1999-02-05
9504500,390.0,53,1999-02-09,1999-04-05
9504500,975.0,69,1999-12-30,2000-03-08
9504500,2836.0,196,2000-04-07,2000-10-21
9504500,581.0,58,2000-11-24,2001-01-22
9504500,6089.0,261,2001-12-20,2002-09-10
9504500,4012.0,157,2002-09-13,2003-02-25
9504500,3226.0,152,2003-04-03,2003-09-06
9504500,3850.0,168,2003-09-08,2004-02-25
9504500,263.0,13,2004-03-21,2004-04-02
9504500,3838.0,189,2004-04-12,2004-10-27
9504500,26.0,5,2004-11-03,2004-11-07
9504500,373.0,47,2006-02-26,2006-04-18
9504500,11.0,5,2006-07-16,2006-07-21
9504500,32.0,7,2006-07-23,2006-07-29
9504500,28.0,5,2006-08-18,2006-08-22
9504500,187.0,29,2006-09-05,2006-10-08
9504500,5999.0,274,2006-10-29,2007-07-31
9504500,2952.0,111,2007-08-08,2007-11-30
9504500,81.0,5,2008-01-01,2008-01-05
9504500,21.0,9,2008-07-25,2008-08-03
9504500,9.0,5,2008-10-04,2008-10-09
9504500,4.0,5,2008-11-08,2008-11-13
9504500,23.0,12,2008-12-11,2008-12-24
9504500,350.0,62,2009-03-30,2009-06-07
9504500,2122.0,184,2009-06-11,2009-12-15
9504500,95.0,12,2009-12-17,2010-01-01
9504500,152.0,15,2010-01-04,2010-01-19
9504500,70.0,19,2010-08-31,2010-09-24
9504500,904.0,60,2012-01-24,2012-03-25
9504500,882.0,105,2012-03-30,2012-07-14
9504500,67.0,18,2012-08-04,2012-08-22
9504500,47.0,8,2012-08-29,2012-09-06
9504500,312.0,67,2012-09-13,2012-11-26
9504500,79.0,18,2012-11-29,2012-12-18
9504500,302.0,27,2012-12-22,2013-01-21
9504500,16.0,5,2013-04-06,2013-04-12
9504500,13.0,5,2013-08-01,2013-08-05
9504500,41.0,13,2013-08-11,2013-08-24
9504500,82.0,17,2014-01-22,2014-02-07
9504500,98.0,17,2014-02-13,2014-03-01
9504500,86.0,24,2014-03-13,2014-04-07
9504500,29.0,10,2016-03-09,2016-03-18
9504500,210.0,30,2018-01-16,2018-02-14
9504500,1297.0,146,2018-02-20,2018-07-18
9504500,142.0,21,2018-07-20,2018-08-13
9504500,461.0,37,2018-08-27,2018-10-02
9504500,684.0,85,2018-10-17,2019-01-14
9504500,145.0,20,2021-01-11,2021-01-31
9504500,2954.0,170,2021-02-02,2021-07-23
9504500,794.0,49,2021-08-01,2021-09-25
9504500,1349.0,74,2021-10-08,2021-12-23
9504500,58.0,6,2022-02-13,2022-02-19
9504500,18.0,5,2022-03-24,2022-03-28
9504500,1616.0,108,2022-04-04,2022-07-23
9504500,219.0,12,2022-08-30,2022-09-10
9504500,259.0,31,2022-09-28,2022-11-08
9504500,462.0,42,2022-11-12,2022-12-27
9355500,17.0,23,1989-03-02,1989-03-24
9355500,1046.0,106,1990-01-07,1990-04-22
9355500,2371.0,269,1996-04-11,1997-01-06
9355500,39.0,37,2000-08-05,2000-09-10
9355500,57.0,46,2000-09-21,2000-11-05
9355500,14.0,10,2002-01-12,2002-01-21
9355500,15787.0,797,2002-01-28,2004-04-03
9355500,1651.0,214,2004-06-11,2005-01-11
9355500,1780.0,153,2006-04-20,2006-10-05
9355500,15.0,21,2009-02-09,2009-03-01
9355500,218.0,45,2009-03-25,2009-05-08
9355500,1737.0,228,2009-08-29,2010-04-13
9355500,4.0,6,2011-04-14,2011-04-19
9355500,2629.0,276,2011-05-12,2012-04-10
9355500,10863.0,504,2012-05-06,2013-09-21
9355500,755.0,125,2014-05-15,2014-09-30
9355500,397.0,42,2016-04-22,2016-06-02
9355500,235.0,83,2016-11-06,2017-01-27
9355500,9532.0,486,2018-01-22,2019-05-30
9355500,10017.0,633,2019-10-06,2021-08-05
9355500,2969.0,278,2021-09-19,2022-07-08
9471000,87.0,12,1989-07-13,1989-07-27
9471000,6385.0,339,1989-07-29,1990-07-12
9471000,135.0,8,1990-07-25,1990-08-05
9471000,43.0,9,1990-08-24,1990-09-04
9471000,39.0,7,1990-09-07,1990-09-13
9471000,29.0,6,1990-09-24,1990-09-29
9471000,140.0,34,1990-11-29,1991-01-04
9471000,78.0,17,1991-07-23,1991-08-17
9471000,44.0,7,1991-08-19,1991-08-29
9471000,38.0,5,1991-09-01,1991-09-07
9471000,1299.0,92,1991-09-11,1991-12-17
9471000,2559.0,206,1994-01-25,1994-08-29
9471000,1690.0,69,1994-09-01,1994-11-09
9471000,97.0,16,1995-07-29,1995-08-16
9471000,78.0,16,1995-08-29,1995-09-14
9471000,12.0,7,1995-09-20,1995-09-26
9471000,2285.0,164,1996-01-21,1996-07-06
9471000,489.0,38,1996-07-16,1996-08-31
9471000,2068.0,115,1996-09-08,1997-01-05
9471000,7475.0,320,1997-01-16,1997-12-08
9471000,303.0,11,1997-12-10,1997-12-21
9471000,458.0,41,1997-12-26,1998-02-08
9471000,5189.0,236,1998-11-11,1999-07-06
9471000,154.0,7,1999-07-09,1999-07-16
9471000,112.0,7,1999-07-29,1999-08-08
9471000,63.0,13,1999-08-12,1999-08-27
9471000,6164.0,252,1999-10-09,2000-06-19
9471000,395.0,30,2000-07-03,2000-08-06
9471000,65.0,5,2000-08-13,2000-08-17
9471000,14.0,6,2000-09-01,2000-09-09
9471000,9.0,6,2000-09-12,2000-09-19
9471000,14.0,6,2000-09-21,2000-09-26
9471000,36.0,6,2000-10-02,2000-10-07
9471000,4.0,5,2002-04-23,2002-04-27
9471000,223.0,31,2002-06-18,2002-07-25
9471000,325.0,21,2002-08-08,2002-08-30
9471000,90.0,6,2002-09-02,2002-09-08
9471000,2869.0,298,2002-09-15,2003-07-20
9471000,474.0,25,2003-07-28,2003-08-25
9471000,510.0,24,2003-08-30,2003-09-22
9471000,141.0,9,2003-09-29,2003-10-08
9471000,281.0,31,2003-10-12,2003-11-12
9471000,536.0,74,2003-11-17,2004-02-08
9471000,14.0,9,2004-02-15,2004-02-26
9471000,58.0,6,2004-07-20,2004-07-26
9471000,43.0,6,2004-07-29,2004-08-04
9471000,410.0,34,2004-08-18,2004-09-24
9471000,80.0,19,2004-09-27,2004-10-15
9471000,70.0,13,2005-07-11,2005-07-23
9471000,4441.0,221,2005-12-15,2006-07-28
9471000,51.0,7,2006-08-27,2006-09-02
9471000,126.0,12,2007-07-09,2007-07-22
9471000,9.0,5,2009-06-21,2009-06-25
9471000,3588.0,170,2009-07-27,2010-01-19
9471000,915.0,130,2011-03-10,2011-07-23
9471000,310.0,21,2011-08-04,2011-08-31
9471000,93.0,7,2011-09-03,2011-09-12
9471000,588.0,80,2011-09-16,2011-12-11
9471000,201.0,81,2012-04-10,2012-07-05
9471000,70.0,5,2012-07-09,2012-07-15
9471000,2480.0,226,2012-11-12,2013-07-07
9471000,18.0,11,2013-12-15,2013-12-30
9471000,2126.0,177,2014-01-06,2014-07-09
9471000,8.0,7,2017-12-22,2017-12-30
9471000,406.0,46,2018-01-01,2018-02-18
9471000,84.0,18,2018-02-20,2018-03-09
9471000,167.0,15,2018-08-01,2018-08-22
9471000,1593.0,110,2018-08-26,2018-12-27
9471000,414.0,66,2018-12-31,2019-03-16
9471000,9.0,6,2019-06-21,2019-06-30
9471000,480.0,32,2019-07-02,2019-08-08
9471000,1794.0,92,2019-08-11,2019-11-19
9471000,70.0,52,2021-03-06,2021-04-27
9427520,8001.0,844,1989-11-27,1992-03-19
9427520,51.0,56,2001-01-18,2001-03-14
9427520,5.0,7,2001-03-21,2001-03-27
9427520,91.0,125,2001-05-24,2001-09-25
9427520,16578.0,1137,2001-10-16,2004-11-25
9427520,7182.0,606,2012-09-25,2014-05-23
9427520,30229.0,1607,2018-03-28,2023-01-17
9519800,5347.0,368,1989-08-06,1990-08-13
9519800,44.0,13,1994-08-25,1994-09-08
9519800,6205.0,401,1996-01-03,1997-02-15
9519800,509.0,52,1997-08-14,1997-10-04
9519800,233.0,74,1997-10-25,1998-01-08
9519800,2051.0,196,1999-02-10,1999-08-27
9519800,4270.0,268,2000-01-28,2000-10-23
9519800,10135.0,461,2001-12-02,2003-03-14
9519800,23.0,15,2003-09-29,2003-10-17
9519800,21.0,12,2003-10-22,2003-11-07
9519800,299.0,77,2004-01-15,2004-04-08
9519800,27.0,7,2004-08-22,2004-08-28
9519800,125.0,17,2004-09-09,2004-09-27
9519800,3147.0,207,2006-01-05,2006-08-01
9519800,14.0,13,2007-02-16,2007-03-01
9519800,19.0,23,2007-03-14,2007-04-05
9519800,126.0,82,2007-05-08,2007-07-29
9519800,8.0,10,2007-11-22,2007-12-01
9519800,2142.0,139,2009-08-30,2010-01-20
9519800,3783.0,382,2011-07-25,2012-08-23
9519800,95.0,20,2012-08-30,2012-09-22
9519800,1042.0,122,2012-09-24,2013-01-27
9519800,833.0,132,2014-04-05,2014-08-20
9519800,19.0,26,2016-04-09,2016-05-06
9519800,136.0,19,2016-07-15,2016-08-06
9519800,464.0,37,2016-08-09,2016-09-14
9519800,1151.0,97,2016-09-21,2016-12-30
9519800,8465.0,367,2017-10-03,2018-10-08
9519800,63.0,9,2018-10-11,2018-10-23
9519800,1527.0,105,2018-11-05,2019-02-19
9519800,227.0,33,2019-08-21,2019-09-24
9519800,257.0,44,2019-10-09,2019-11-21
9519800,7542.0,339,2020-08-28,2021-08-11
9519800,8.0,8,2021-12-15,2021-12-25
9519800,1612.0,166,2022-02-28,2022-08-20
9447000,3721.0,353,1989-12-25,1990-12-15
9447000,9.0,5,1996-10-22,1996-10-26
9447000,16.0,12,1996-11-02,1996-11-17
9447000,45.0,24,1996-12-10,1997-01-04
9447000,10.0,5,1997-01-21,1997-01-25
9447000,85.0,23,1997-02-05,1997-02-27
9447000,2481.0,331,1997-03-07,1998-02-04
9447000,16.0,9,1998-02-26,1998-03-06
9447000,12596.0,724,1998-12-20,2001-01-08
9447000,2516.0,239,2002-02-10,2002-10-09
9447000,660.0,49,2002-10-12,2002-12-02
9447000,138.0,15,2002-12-06,2002-12-22
9447000,203.0,25,2002-12-28,2003-01-22
9447000,88.0,15,2003-01-26,2003-02-09
9447000,8204.0,921,2011-05-11,2013-12-05
9447000,19.0,12,2014-03-11,2014-03-23
9447000,130.0,95,2014-03-30,2014-07-07
9447000,18.0,14,2014-07-18,2014-08-02
9447000,4.0,5,2014-08-09,2014-08-14
9447000,17266.0,811,2017-11-24,2020-02-25
9447000,132.0,17,2020-02-28,2020-03-16
9447000,19.0,6,2020-03-23,2020-03-28
9447000,15811.0,759,2020-08-22,2022-09-25
9513860,608.0,22,1983-01-01,1983-01-25
9513860,496.0,18,1983-02-12,1983-03-01
9513860,276.0,10,1983-03-08,1983-03-17
9513860,3087.0,112,1983-03-27,1983-07-28
9513860,606.0,22,1983-08-20,1983-09-17
9513860,1075.0,39,1983-10-10,1983-11-24
9513860,5183.0,188,1983-12-06,1984-06-29
9513860,193.0,7,1984-07-03,1984-07-10
9513860,551.0,20,1984-08-28,1984-09-22
9513860,1075.0,39,1984-10-14,1984-11-21
9513860,193.0,7,1984-11-27,1984-12-07
9513860,490.0,18,1984-12-31,1985-01-23
9513860,799.0,29,1985-02-06,1985-03-09
9513860,799.0,29,1985-03-21,1985-04-25
9513860,2067.0,75,1985-04-30,1985-07-13
9513860,193.0,7,1985-07-22,1985-07-28
9513860,413.0,15,1985-08-09,1985-08-30
9513860,717.0,26,1985-09-03,1985-10-06
9513860,882.0,32,1985-10-19,1985-11-28
9513860,1490.0,54,1985-12-02,1986-01-28
9513860,551.0,20,1986-02-18,1986-03-09
9513860,2729.0,99,1986-03-19,1986-06-30
9513860,248.0,9,1986-07-06,1986-07-14
9513860,413.0,15,1986-07-24,1986-08-07
9513860,165.0,6,1986-08-16,1986-08-21
9513860,799.0,29,1986-09-01,1986-10-07
9513860,1543.0,56,1986-10-14,1986-12-19
9513860,386.0,14,1986-12-22,1987-01-04
9513860,221.0,8,1987-01-10,1987-01-19
9513860,662.0,24,1987-01-22,1987-02-21
9513860,3500.0,127,1987-03-07,1987-07-25
9513860,248.0,9,1987-08-13,1987-08-21
9513860,1323.0,48,1987-08-28,1987-10-20
9513860,2620.0,95,1987-11-08,1988-03-01
9513860,1102.0,40,1988-03-05,1988-04-13
9513860,1654.0,60,1988-04-26,1988-06-27
9513860,524.0,19,1988-07-03,1988-07-27
9513860,303.0,11,1988-08-07,1988-08-17
9513860,1075.0,39,1988-09-02,1988-10-10
9513860,6995.0,254,1988-10-17,1989-07-25
9513860,276.0,10,1989-08-02,1989-08-13
9513860,3335.0,121,1989-08-20,1989-12-31
9513860,276.0,10,1990-01-05,1990-01-14
9513860,359.0,13,1990-01-20,1990-02-04
9513860,799.0,29,1990-02-07,1990-03-09
9513860,386.0,14,1990-03-15,1990-03-28
9513860,2260.0,82,1990-04-03,1990-07-05
9513860,413.0,15,1990-08-17,1990-09-01
9513860,220.0,8,1990-09-07,1990-09-14
9513860,1543.0,56,1990-09-24,1990-11-24
9513860,386.0,14,1990-11-28,1990-12-11
9513860,1848.0,67,1990-12-24,1991-03-13
9513860,4051.0,147,1991-03-30,1991-08-30
9513860,1378.0,50,1991-09-08,1991-10-29
9513860,276.0,10,1991-11-01,1991-11-13
9513860,717.0,26,1991-11-17,1991-12-17
9513860,248.0,9,1991-12-23,1992-01-02
9513860,690.0,25,1992-01-09,1992-02-06
9513860,358.0,13,1992-02-18,1992-03-01
9513860,303.0,11,1992-03-12,1992-03-25
9513860,882.0,32,1992-04-04,1992-05-08
9513860,193.0,7,1992-05-12,1992-05-18
9513860,965.0,35,1992-06-02,1992-07-09
9513860,386.0,14,1992-07-13,1992-07-28
9513860,1516.0,55,1992-08-26,1992-10-27
9513860,882.0,32,1992-10-30,1992-12-03
9513860,358.0,13,1992-12-15,1992-12-27
9513860,1847.0,67,1993-05-31,1993-08-05
9513860,276.0,10,1993-08-12,1993-08-24
9513860,1571.0,57,1993-09-03,1993-11-10
9513860,1931.0,70,1993-11-17,1994-02-03
9513860,689.0,25,1994-02-11,1994-03-11
9513860,2646.0,96,1994-03-28,1994-07-09
9513860,469.0,17,1994-07-21,1994-08-11
9513860,220.0,8,1994-08-22,1994-08-31
9513860,2370.0,86,1994-09-15,1994-12-22
9513860,579.0,21,1995-01-19,1995-02-12
9513860,882.0,32,1995-03-14,1995-04-14
9513860,3004.0,109,1995-04-22,1995-08-09
9513860,524.0,19,1995-08-26,1995-09-15
9513860,965.0,35,1995-09-21,1995-10-31
9513860,6341.0,230,1995-11-08,1996-07-08
9513860,606.0,22,1996-07-19,1996-08-13
9513860,4873.0,177,1996-09-19,1997-04-01
9513860,3307.0,120,1997-04-07,1997-08-06
9513860,606.0,22,1997-08-11,1997-09-09
9513860,1461.0,53,1997-09-14,1997-11-10
9513860,1213.0,44,1997-11-16,1998-01-09
9513860,608.0,22,1998-01-13,1998-02-03
9513860,358.0,13,1998-02-27,1998-03-13
9513860,193.0,7,1998-03-19,1998-03-25
9513860,2756.0,100,1998-04-04,1998-07-18
9513860,331.0,12,1998-07-26,1998-08-07
9513860,358.0,13,1998-08-19,1998-09-02
9513860,1047.0,38,1998-09-13,1998-10-24
9513860,689.0,25,1998-11-02,1998-12-01
9513860,2841.0,103,1998-12-09,1999-03-31
9513860,2480.0,90,1999-04-07,1999-07-06
9513860,138.0,5,1999-07-21,1999-07-27
9513860,413.0,15,1999-07-31,1999-08-19
9513860,165.0,6,1999-08-21,1999-08-26
9513860,193.0,7,1999-09-03,1999-09-11
9513860,4026.0,146,1999-09-26,2000-02-20
9513860,220.0,8,2000-02-26,2000-03-04
9513860,2784.0,101,2000-03-11,2000-06-23
9513860,937.0,34,2000-07-02,2000-08-05
9513860,276.0,10,2000-08-15,2000-08-26
9513860,1158.0,42,2000-09-02,2000-10-18
9513860,1592.0,58,2000-11-13,2001-01-11
9513860,827.0,30,2001-01-19,2001-02-25
9513860,661.0,24,2001-03-12,2001-04-04
9513860,2701.0,98,2001-04-12,2001-07-29
9513860,138.0,5,2001-08-01,2001-08-07
9513860,10061.0,365,2001-08-19,2002-09-06
9513860,910.0,33,2002-09-13,2002-10-17
9513860,1433.0,52,2002-10-25,2002-12-20
9513860,1407.0,51,2002-12-26,2003-02-24
9513860,937.0,34,2003-03-07,2003-04-14
9513860,2729.0,99,2003-04-17,2003-07-27
9513860,331.0,12,2003-08-04,2003-08-18
9513860,2618.0,95,2003-08-31,2003-12-11
9513860,966.0,35,2003-12-17,2004-01-24
9513860,1709.0,62,2004-01-27,2004-04-09
9513860,3252.0,118,2004-04-12,2004-08-13
9513860,1516.0,55,2004-08-21,2004-10-27
9513860,386.0,14,2004-11-02,2004-11-20
9513860,827.0,30,2004-11-27,2005-01-02
9513860,414.0,15,2005-01-07,2005-01-23
9513860,221.0,8,2005-02-01,2005-02-10
9513860,3445.0,125,2005-03-11,2005-07-20
9513860,5624.0,204,2005-08-15,2006-03-18
9513860,3390.0,123,2006-03-24,2006-07-29
9513860,276.0,10,2006-08-02,2006-08-11
9513860,138.0,5,2006-08-17,2006-08-21
9513860,193.0,7,2006-08-27,2006-09-02
9513860,634.0,23,2006-09-12,2006-10-08
9513860,2509.0,91,2006-10-11,2007-01-18
9513860,4520.0,164,2007-01-24,2007-07-23
9513860,1102.0,40,2007-08-07,2007-09-21
9513860,1819.0,66,2007-09-25,2007-12-06
9513860,1131.0,41,2007-12-10,2008-01-24
9513860,524.0,19,2008-01-30,2008-02-20
9513860,3721.0,135,2008-02-26,2008-07-13
9513860,386.0,14,2008-07-23,2008-08-05
9513860,331.0,12,2008-08-11,2008-08-29
9513860,2729.0,99,2008-09-03,2008-12-22
9513860,6224.0,226,2008-12-28,2009-09-04
9513860,3584.0,130,2009-09-07,2010-01-17
9513860,331.0,12,2010-01-25,2010-02-06
9513860,303.0,11,2010-02-09,2010-02-19
9513860,3638.0,132,2010-03-11,2010-07-22
9513860,220.0,8,2010-07-25,2010-08-05
9513860,386.0,14,2010-08-09,2010-08-24
9513860,2921.0,106,2010-08-27,2010-12-21
9513860,5431.0,197,2010-12-25,2011-08-03
9513860,2894.0,105,2011-08-06,2011-12-01
9513860,193.0,7,2011-12-07,2011-12-17
9513860,6313.0,229,2011-12-20,2012-08-19
9513860,358.0,13,2012-08-25,2012-09-06
9513860,2370.0,86,2012-09-15,2012-12-18
9513860,5507.0,200,2012-12-21,2013-07-24
9513860,744.0,27,2013-07-29,2013-08-28
9513860,8766.0,318,2013-09-13,2014-08-17
9513860,2563.0,93,2014-08-24,2014-12-16
9513860,938.0,34,2014-12-20,2015-01-29
9513860,634.0,23,2015-02-02,2015-02-27
9513860,1295.0,47,2015-03-05,2015-04-23
9513860,193.0,7,2015-04-29,2015-05-08
9513860,1240.0,45,2015-05-11,2015-07-02
9513860,854.0,31,2015-07-06,2015-08-10
9513860,1213.0,44,2015-08-14,2015-10-03
9513860,193.0,7,2015-10-09,2015-10-15
9513860,220.0,8,2015-10-24,2015-11-03
9513860,1378.0,50,2015-11-07,2016-01-03
9513860,2371.0,86,2016-01-11,2016-04-07
9513860,2866.0,104,2016-04-13,2016-07-31
9513860,303.0,11,2016-08-08,2016-08-18
9513860,2756.0,100,2016-08-29,2016-12-21
9513860,359.0,13,2017-01-04,2017-01-18
9513860,1378.0,50,2017-01-26,2017-03-26
9513860,3032.0,110,2017-03-30,2017-07-23
9513860,8931.0,324,2017-08-06,2018-07-11
9513860,331.0,12,2018-07-17,2018-07-30
9513860,248.0,9,2018-08-02,2018-08-14
9513860,1268.0,46,2018-08-17,2018-10-06
9513860,2095.0,76,2018-10-16,2019-01-12
9513860,442.0,16,2019-01-18,2019-02-02
9513860,276.0,10,2019-02-08,2019-02-20
9513860,2040.0,74,2019-02-25,2019-05-19
9513860,1847.0,67,2019-05-25,2019-08-03
9513860,1240.0,45,2019-08-06,2019-09-22
9513860,2040.0,74,2019-09-29,2019-12-23
9513860,1683.0,61,2019-12-30,2020-03-09
9513860,8153.0,296,2020-03-22,2021-01-22
9513860,4382.0,159,2021-02-01,2021-07-13
9513860,386.0,14,2021-07-28,2021-08-16
9513860,937.0,34,2021-08-21,2021-09-30
9513860,2095.0,76,2021-10-07,2021-12-28
9513860,5183.0,188,2022-01-03,2022-07-25
9513860,138.0,5,2022-08-02,2022-08-07
9513860,579.0,21,2022-08-27,2022-09-20
9513860,220.0,8,2022-09-26,2022-10-06
9513860,1323.0,48,2022-10-08,2022-12-02
9513860,496.0,18,2022-12-08,2022-12-27
9513860,663.0,24,2023-01-05,2023-02-01
9520500,5417.0,368,1989-08-09,1990-08-15
9520500,45.0,12,1994-08-28,1994-09-11
9520500,6268.0,401,1996-01-06,1997-02-18
9520500,512.0,53,1997-08-16,1997-10-07
9520500,264.0,75,1997-10-28,1998-01-11
9520500,2063.0,196,1999-02-12,1999-08-29
9520500,4277.0,271,2000-01-27,2000-10-26
9520500,10145.0,460,2001-12-05,2003-03-17
9520500,47.0,31,2003-10-02,2003-11-10
9520500,292.0,75,2004-01-18,2004-04-11
9520500,32.0,7,2004-08-25,2004-09-01
9520500,127.0,17,2004-09-11,2004-09-30
9520500,3095.0,206,2006-01-10,2006-08-04
9520500,17.0,13,2007-02-19,2007-03-04
9520500,24.0,26,2007-03-10,2007-04-07
9520500,123.0,81,2007-05-11,2007-08-01
9520500,10.0,11,2007-11-24,2007-12-04
9520500,2162.0,142,2009-08-30,2010-01-23
9520500,3791.0,384,2011-07-28,2012-08-26
9520500,84.0,12,2012-09-02,2012-09-15
9520500,5.0,7,2012-09-18,2012-09-25
9520500,1058.0,120,2012-09-27,2013-01-29
9520500,838.0,132,2014-04-07,2014-08-22
9520500,19.0,26,2016-04-12,2016-05-09
9520500,138.0,19,2016-07-18,2016-08-09
9520500,461.0,37,2016-08-12,2016-09-17
9520500,1158.0,98,2016-09-23,2017-01-02
9520500,8455.0,367,2017-10-06,2018-10-11
9520500,1520.0,106,2018-11-08,2019-02-22
9520500,217.0,33,2019-08-23,2019-09-27
9520500,253.0,43,2019-10-12,2019-11-23
9520500,25.0,11,2020-08-31,2020-09-13
9520500,7528.0,328,2020-09-16,2021-08-14
9520500,8.0,7,2021-12-18,2021-12-27
9520500,1578.0,166,2022-03-02,2022-08-22
9279000,239.0,20,1983-04-26,1983-05-20
9279000,335.0,21,1984-04-20,1984-05-10
9279000,3339.0,211,1988-09-14,1989-04-13
9279000,4752.0,324,1989-05-16,1990-04-04
9279000,45.0,18,1990-05-25,1990-06-11
9279000,7.0,9,1990-06-26,1990-07-04
9279000,410.0,33,1991-04-09,1991-05-17
9279000,7.0,9,1991-12-15,1991-12-23
9279000,6913.0,347,1992-05-07,1993-04-21
9279000,90.0,6,1993-05-06,1993-05-11
9279000,23.0,5,1994-04-26,1994-04-30
9279000,2836.0,179,1994-05-19,1994-11-13
9279000,68.0,6,1996-04-19,1996-04-24
9279000,808.0,160,1996-11-13,1997-04-26
9279000,100.0,16,2000-05-14,2000-05-29
9279000,472.0,179,2000-06-11,2000-12-09
9279000,88.0,20,2001-05-26,2001-06-14
9279000,3727.0,278,2001-07-05,2002-04-08
9279000,5787.0,312,2002-05-12,2003-03-25
9279000,76.0,24,2003-05-31,2003-06-23
9279000,767.0,123,2003-11-26,2004-03-30
9279000,1481.0,198,2004-05-15,2004-12-01
9279000,165.0,99,2005-12-23,2006-04-01
9279000,1156.0,146,2006-05-23,2006-10-17
9279000,6658.0,363,2007-05-10,2008-05-11
9279000,17.0,10,2009-04-05,2009-04-14
9279000,214.0,19,2010-04-02,2010-04-20
9279000,103.0,8,2010-04-30,2010-05-09
9279000,80.0,13,2011-04-27,2011-05-12
9279000,6014.0,357,2012-05-12,2013-05-05
9279000,310.0,27,2016-04-13,2016-05-14
9279000,766.0,57,2018-03-26,2018-05-22
9279000,6794.0,313,2018-06-15,2019-04-24
9279000,316.0,22,2019-05-01,2019-05-25
9279000,403.0,37,2020-03-31,2020-05-11
9279000,6317.0,327,2020-10-17,2021-09-11
9279000,473.0,36,2022-04-17,2022-05-24
9497800,4.0,5,1984-03-01,1984-03-06
9497800,4.0,5,1984-03-22,1984-03-26
9497800,1417.0,177,1984-04-05,1984-10-01
9497800,73.0,16,1987-10-12,1987-10-30
9497800,4312.0,301,1989-11-18,1990-09-18
9497800,50.0,15,1991-11-21,1991-12-05
9497800,4087.0,294,1995-12-07,1996-10-06
9497800,155.0,29,1996-12-12,1997-01-10
9497800,1508.0,114,1997-08-11,1997-12-06
9497800,105.0,17,1998-10-10,1998-10-30
9497800,224.0,29,1998-11-03,1998-12-02
9497800,1271.0,106,1998-12-21,1999-04-05
9497800,901.0,98,1999-04-16,1999-07-26
9497800,159.0,17,1999-07-30,1999-08-17
9497800,478.0,52,2000-01-16,2000-03-07
9497800,35.0,14,2000-07-23,2000-08-11
9497800,44.0,7,2000-08-22,2000-08-28
9497800,305.0,40,2000-09-03,2000-10-20
9497800,9345.0,442,2001-12-07,2003-02-25
9497800,7.0,5,2004-01-20,2004-01-24
9497800,19.0,6,2004-02-18,2004-02-23
9497800,37.0,14,2004-03-17,2004-03-31
9497800,1308.0,111,2004-07-14,2004-11-08
9497800,35.0,5,2004-11-14,2004-11-20
9497800,8094.0,357,2005-10-06,2006-10-08
9497800,1285.0,114,2006-10-11,2007-02-06
9497800,96.0,15,2007-03-08,2007-03-22
9497800,649.0,110,2007-04-03,2007-07-21
9497800,2673.0,158,2009-08-13,2010-01-19
9497800,1704.0,116,2011-08-14,2011-12-18
9497800,191.0,25,2012-02-24,2012-03-20
9497800,35.0,18,2012-03-27,2012-04-14
9497800,194.0,37,2014-01-25,2014-03-06
9497800,228.0,51,2014-03-09,2014-04-29
9497800,577.0,139,2014-05-02,2014-09-27
9497800,4092.0,292,2016-02-26,2016-12-21
9497800,28.0,8,2017-08-26,2017-09-02
9497800,12716.0,520,2017-09-08,2019-02-14
9497800,14.0,6,2019-08-28,2019-09-02
9497800,640.0,65,2019-09-10,2019-11-19
9497800,5921.0,299,2020-10-14,2021-08-17
9497800,562.0,32,2021-08-21,2021-09-23
9497800,2075.0,191,2022-02-01,2022-08-23
9497800,59.0,7,2022-08-31,2022-09-06
9379200,65.0,9,1990-02-04,1990-02-12
9379200,108.0,8,1990-02-19,1990-02-26
9379200,578.0,57,1990-03-07,1990-05-03
9379200,288.0,33,1990-05-11,1990-06-12
9379200,116.0,15,1990-06-20,1990-07-04
9379200,184.0,22,1990-07-24,1990-08-14
9379200,59.0,7,1990-08-28,1990-09-03
9379200,132.0,20,1994-04-07,1994-04-28
9379200,31.0,6,1994-05-06,1994-05-11
9379200,31.0,9,1994-07-28,1994-08-05
9379200,35.0,9,1996-01-27,1996-02-08
9379200,4525.0,268,1996-02-16,1996-11-24
9379200,206.0,12,1996-12-01,1996-12-12
9379200,111.0,9,1996-12-22,1996-12-30
9379200,292.0,16,1997-01-12,1997-01-27
9379200,115.0,10,1997-02-25,1997-03-06
9379200,88.0,10,1997-09-23,1997-10-03
9379200,239.0,26,1997-10-15,1997-11-12
9379200,59.0,10,1998-02-12,1998-02-23
9379200,228.0,41,1998-05-30,1998-07-09
9379200,76.0,9,1998-07-15,1998-07-23
9379200,134.0,20,1998-08-03,1998-08-22
9379200,55.0,15,1998-09-20,1998-10-05
9379200,73.0,10,1998-10-07,1998-10-16
9379200,650.0,58,1999-03-08,1999-05-09
9379200,43.0,15,1999-05-13,1999-05-31
9379200,47.0,7,1999-07-24,1999-07-30
9379200,29.0,10,2000-01-08,2000-01-18
9379200,131.0,15,2000-01-26,2000-02-11
9379200,143.0,15,2000-02-27,2000-03-14
9379200,56.0,6,2000-03-20,2000-03-25
9379200,1671.0,135,2000-04-14,2000-08-26
9379200,466.0,37,2000-09-05,2000-10-11
9379200,34.0,6,2000-10-19,2000-10-24
9379200,214.0,26,2000-11-12,2000-12-09
9379200,975.0,63,2000-12-13,2001-02-18
9379200,21564.0,925,2001-03-02,2003-10-04
9379200,3661.0,146,2003-10-11,2004-03-08
9379200,92.0,16,2004-03-19,2004-04-05
9379200,2730.0,131,2004-05-06,2004-09-19
9379200,358.0,22,2004-10-08,2004-10-29
9379200,99.0,9,2004-11-30,2004-12-08
9379200,608.0,48,2006-02-10,2006-03-29
9379200,919.0,92,2006-04-04,2006-07-05
9379200,77.0,13,2006-07-17,2006-08-02
9379200,13.0,5,2006-08-08,2006-08-12
9379200,201.0,25,2006-08-20,2006-09-16
9379200,63.0,13,2006-09-24,2006-10-06
9379200,69.0,11,2006-11-04,2006-11-14
9379200,950.0,73,2006-11-27,2007-02-09
9379200,117.0,17,2007-03-04,2007-03-23
9379200,213.0,31,2007-03-31,2007-05-02
9379200,145.0,11,2007-06-02,2007-06-12
9379200,644.0,38,2007-06-18,2007-07-28
9379200,547.0,38,2007-08-13,2007-09-24
9379200,1295.0,63,2007-10-01,2007-12-02
9379200,457.0,25,2007-12-14,2008-01-07
9379200,305.0,15,2008-01-14,2008-01-28
9379200,290.0,20,2008-02-03,2008-02-23
9379200,164.0,18,2008-04-28,2008-05-15
9379200,73.0,6,2008-05-31,2008-06-05
9379200,464.0,31,2008-06-12,2008-07-12
9379200,167.0,16,2008-07-21,2008-08-08
9379200,170.0,16,2008-08-14,2008-09-01
9379200,500.0,30,2008-09-07,2008-10-06
9379200,1093.0,67,2008-10-12,2008-12-24
9379200,85.0,6,2009-01-09,2009-01-14
9379200,70.0,6,2009-02-14,2009-02-19
9379200,35.0,11,2009-03-18,2009-03-31
9379200,89.0,11,2009-04-03,2009-04-13
9379200,57.0,14,2009-12-09,2009-12-22
9379200,79.0,19,2009-12-31,2010-01-20
9379200,97.0,9,2010-01-28,2010-02-05
9379200,45.0,5,2010-02-24,2010-02-28
9379200,38.0,5,2012-02-06,2012-02-10
9379200,14.0,6,2012-05-02,2012-05-09
9379200,34.0,10,2012-06-11,2012-06-20
9379200,10.0,7,2012-06-27,2012-07-06
9379200,11.0,5,2012-07-11,2012-07-15
9379200,49.0,10,2012-08-12,2012-08-21
9379200,34.0,6,2012-09-07,2012-09-12
9379200,103.0,14,2012-10-02,2012-10-15
9379200,389.0,51,2012-10-25,2012-12-15
9379200,345.0,34,2012-12-23,2013-01-25
9379200,255.0,19,2013-02-13,2013-03-03
9379200,77.0,5,2013-03-26,2013-03-30
9379200,52.0,5,2013-10-06,2013-10-10
9379200,10.0,7,2013-10-22,2013-10-29
9379200,44.0,7,2014-09-05,2014-09-11
9379200,279.0,44,2014-10-17,2014-12-04
9379200,30.0,8,2014-12-27,2015-01-04
9379200,135.0,14,2015-02-17,2015-03-02
9379200,36.0,6,2017-01-29,2017-02-03
9379200,13.0,8,2017-09-10,2017-09-18
9379200,5.0,7,2017-10-11,2017-10-19
9379200,32.0,10,2017-11-16,2017-11-28
9379200,201.0,35,2017-12-04,2018-01-08
9379200,7258.0,363,2018-01-18,2019-02-03
9379200,91.0,5,2019-02-10,2019-02-14
9379200,207.0,9,2019-02-21,2019-03-01
9379200,150.0,19,2019-03-26,2019-04-16
9379200,862.0,75,2019-08-29,2019-11-20
9379200,42.0,8,2019-11-29,2019-12-06
9379200,41.0,6,2019-12-21,2019-12-26
9379200,164.0,15,2020-01-02,2020-01-16
9379200,9.0,5,2020-03-04,2020-03-08
9379200,108.0,25,2020-06-29,2020-07-25
9379200,79.0,25,2020-08-02,2020-08-26
9379200,63.0,9,2020-09-02,2020-09-11
9379200,38.0,9,2020-09-13,2020-09-21
9379200,64.0,21,2020-10-02,2020-10-23
9379200,398.0,55,2020-11-28,2021-01-31
9379200,9.0,5,2021-03-15,2021-03-19
9379200,140.0,31,2021-05-20,2021-06-21
9379200,60.0,8,2021-07-11,2021-07-18
9379200,32.0,10,2021-08-23,2021-09-01
9379200,150.0,22,2021-09-07,2021-09-28
9379200,65.0,12,2021-11-14,2021-11-25
9379200,50.0,11,2022-02-06,2022-02-17
9379200,59.0,7,2022-03-09,2022-03-15
9379200,135.0,34,2022-04-26,2022-05-29
9379200,30.0,7,2022-07-21,2022-07-27
9304200,240.0,48,1990-03-07,1990-04-23
9304200,103.0,37,1990-05-22,1990-06-27
9304200,4491.0,368,1994-04-16,1995-05-21
9304200,280.0,53,1999-12-04,2000-01-25
9304200,2791.0,307,2000-05-31,2001-04-03
9304200,234.0,66,2001-06-08,2001-08-12
9304200,288.0,74,2001-09-26,2001-12-14
9304200,588.0,70,2002-02-08,2002-04-18
9304200,6623.0,329,2002-05-11,2003-04-07
9304200,127.0,37,2003-08-13,2003-09-18
9304200,2021.0,152,2003-10-27,2004-03-27
9304200,2304.0,159,2004-05-20,2004-10-25
9304200,1273.0,133,2006-05-30,2006-10-09
9304200,3612.0,173,2007-05-16,2007-11-04
9304200,547.0,54,2008-03-25,2008-05-17
9304200,7.0,10,2008-12-14,2008-12-23
9304200,62.0,35,2009-01-04,2009-02-07
9304200,368.0,39,2009-04-04,2009-05-12
9304200,3307.0,232,2009-11-05,2010-06-24
9304200,765.0,82,2010-09-19,2010-12-09
9304200,9117.0,466,2012-05-13,2013-09-25
9304200,438.0,39,2016-04-18,2016-05-26
9304200,3194.0,192,2016-10-09,2017-04-20
9304200,354.0,37,2017-05-02,2017-06-07
9304200,9908.0,658,2017-06-28,2019-05-09
9304200,1177.0,139,2019-12-25,2020-05-14
9304200,7893.0,367,2020-09-09,2021-09-10
9304200,31.0,12,2022-05-19,2022-05-31
9498500,20.0,10,1989-04-07,1989-04-17
9498500,13.0,18,1989-04-26,1989-05-13
9498500,6072.0,379,1989-07-17,1990-08-01
9498500,4.0,6,1991-11-08,1991-11-14
9498500,41.0,16,1993-09-01,1993-09-22
9498500,209.0,29,1994-07-31,1994-08-28
9498500,403.0,44,1995-08-16,1995-09-29
9498500,5542.0,348,1995-10-02,1996-09-24
9498500,60.0,15,1996-10-22,1996-11-06
9498500,694.0,79,1997-07-29,1997-10-17
9498500,34.0,17,1997-11-29,1997-12-19
9498500,25.0,10,1997-12-25,1998-01-04
9498500,73.0,15,1998-01-24,1998-02-07
9498500,472.0,45,1998-09-21,1998-11-04
9498500,2430.0,181,1999-01-21,1999-07-24
9498500,5473.0,315,1999-12-01,2000-10-14
9498500,6208.0,309,2001-11-05,2002-09-12
9498500,300.0,52,2002-12-24,2003-02-13
9498500,127.0,14,2003-08-10,2003-08-23
9498500,61.0,23,2004-02-15,2004-03-13
9498500,547.0,78,2004-08-06,2004-10-29
9498500,23.0,12,2005-10-14,2005-10-26
9498500,1570.0,123,2005-12-03,2006-04-06
9498500,649.0,110,2006-04-11,2006-07-29
9498500,164.0,38,2007-01-04,2007-02-11
9498500,17.0,10,2007-03-01,2007-03-10
9498500,294.0,29,2007-11-02,2007-11-30
9498500,3098.0,158,2009-08-15,2010-01-20
9498500,755.0,58,2010-10-30,2010-12-29
9498500,17.0,5,2011-01-08,2011-01-12
9498500,50.0,9,2011-02-11,2011-02-19
9498500,58.0,13,2011-03-08,2011-03-20
9498500,19.0,6,2011-04-03,2011-04-08
9498500,11.0,5,2011-07-01,2011-07-06
9498500,310.0,37,2011-07-09,2011-08-15
9498500,226.0,47,2011-11-15,2012-01-07
9498500,447.0,54,2012-02-05,2012-03-29
9498500,468.0,43,2012-10-20,2012-12-01
9498500,40.0,11,2013-01-15,2013-01-25
9498500,27.0,10,2014-02-20,2014-03-01
9498500,788.0,114,2014-03-20,2014-07-17
9498500,1130.0,154,2016-03-15,2016-08-24
9498500,1238.0,92,2016-09-04,2016-12-09
9498500,25.0,7,2017-04-03,2017-04-09
9498500,53.0,56,2017-05-14,2017-07-10
9498500,39.0,10,2017-08-01,2017-08-10
9498500,9975.0,410,2017-09-14,2018-11-01
9498500,527.0,62,2018-12-05,2019-02-04
9498500,1200.0,87,2019-08-29,2019-11-28
9498500,8603.0,372,2020-07-22,2021-08-03
9498500,14.0,9,2021-12-13,2021-12-24
9498500,1380.0,149,2022-02-14,2022-07-20
9119000,155.0,28,1983-04-26,1983-05-23
9119000,493.0,77,1988-03-14,1988-06-02
9119000,1524.0,159,1988-10-20,1989-03-29
9119000,2193.0,171,1994-04-07,1994-09-24
9119000,2355.0,224,1996-08-10,1997-03-26
9119000,109.0,29,2000-05-31,2000-06-30
9119000,16.0,19,2001-06-29,2001-07-17
9119000,12.0,17,2001-07-25,2001-08-10
9119000,511.0,108,2001-09-13,2002-01-01
9119000,9373.0,456,2002-01-13,2003-04-15
9119000,18.0,8,2003-04-17,2003-04-25
9119000,6.0,5,2003-05-05,2003-05-11
9119000,947.0,98,2003-06-04,2003-09-09
9119000,2219.0,264,2004-05-26,2005-02-16
9119000,300.0,80,2005-07-18,2005-10-08
9119000,707.0,66,2006-05-20,2006-07-25
9119000,16.0,9,2007-05-23,2007-05-31
9119000,180.0,26,2008-03-25,2008-04-22
9119000,338.0,79,2009-09-10,2009-11-27
9119000,578.0,70,2010-02-17,2010-04-28
9119000,22.0,7,2010-04-30,2010-05-09
9119000,16.0,8,2010-05-12,2010-05-19
9119000,8.0,11,2011-10-09,2011-10-20
9119000,22.0,18,2011-12-27,2012-01-13
9119000,239.0,63,2012-02-02,2012-04-05
9119000,9190.0,504,2012-04-23,2013-09-15
9119000,742.0,108,2016-11-27,2017-03-21
9119000,10298.0,425,2018-03-28,2019-05-26
9119000,19578.0,1226,2019-09-25,2023-02-01
9118450,112.0,17,1983-05-02,1983-05-23
9118450,176.0,31,1984-03-26,1984-04-29
9118450,38.0,5,1984-05-06,1984-05-10
9118450,1178.0,149,1992-12-12,1993-05-15
9118450,35.0,8,1994-03-24,1994-03-31
9118450,23.0,8,1994-04-06,1994-04-13
9118450,4.0,5,1994-07-08,1994-07-13
9118450,117.0,97,1994-07-19,1994-10-27
9118450,7.0,9,1994-11-04,1994-11-14
9118450,2649.0,313,1996-05-13,1997-03-27
9118450,35.0,11,2002-03-12,2002-03-25
9118450,9898.0,388,2002-03-31,2003-04-25
9118450,5366.0,326,2003-04-28,2004-03-29
9118450,774.0,205,2004-05-31,2004-12-26
9118450,239.0,36,2005-03-26,2005-05-02
9118450,5.0,7,2009-10-28,2009-11-03
9118450,29.0,39,2009-11-13,2009-12-22
9118450,339.0,102,2009-12-25,2010-04-12
9118450,35.0,5,2010-04-14,2010-04-20
9118450,2728.0,301,2010-05-25,2011-03-28
9118450,71.0,41,2011-05-24,2011-07-10
9118450,4.0,5,2011-07-14,2011-07-18
9118450,978.0,175,2011-09-27,2012-03-25
9118450,9404.0,510,2012-05-03,2013-09-30
9118450,268.0,39,2017-04-15,2017-05-29
9118450,31.0,9,2018-04-18,2018-04-28
9118450,8731.0,390,2018-05-01,2019-05-31
9118450,19251.0,1096,2020-01-23,2023-02-01
9064000,745.0,42,1983-04-17,1983-05-28
9064000,391.0,28,1984-04-20,1984-05-19
9064000,58.0,9,1987-04-18,1987-04-26
9064000,108.0,38,1987-05-26,1987-07-02
9064000,4.0,6,1987-07-23,1987-07-28
9064000,2682.0,246,1987-08-24,1988-04-27
9064000,6853.0,350,1988-05-03,1989-04-17
9064000,2829.0,326,1989-05-20,1990-04-11
9064000,2606.0,175,1990-05-17,1990-11-07
9064000,210.0,17,1991-04-20,1991-05-08
9064000,46.0,9,1991-05-16,1991-05-25
9064000,1857.0,158,1991-11-07,1992-04-12
9064000,1080.0,120,1992-05-19,1992-09-17
9064000,269.0,28,1993-04-13,1993-05-12
9064000,4.0,5,1994-06-09,1994-06-13
9064000,4377.0,311,1994-07-03,1995-05-14
9064000,258.0,72,2001-06-14,2001-08-24
9064000,7182.0,361,2002-05-15,2003-05-13
9064000,125.0,51,2004-02-04,2004-03-27
9064000,287.0,56,2004-05-28,2004-07-22
9064000,25.0,27,2006-09-11,2006-10-08
9064000,898.0,111,2007-05-23,2007-09-11
9064000,388.0,23,2008-04-26,2008-05-18
9064000,35.0,5,2010-05-13,2010-05-17
9064000,194.0,22,2011-04-28,2011-05-22
9064000,3038.0,223,2012-05-17,2013-02-22
9064000,16.0,8,2013-03-03,2013-03-10
9064000,792.0,59,2013-03-19,2013-05-18
9064000,70.0,5,2014-05-13,2014-05-17
9064000,3104.0,190,2016-10-06,2017-04-13
9064000,1816.0,264,2017-07-29,2018-04-19
9064000,8621.0,358,2018-05-15,2019-05-13
9064000,2777.0,172,2019-11-23,2020-05-15
9064000,10284.0,521,2020-09-12,2022-02-22
9064000,132.0,24,2022-03-28,2022-04-25
9064000,183.0,23,2022-05-17,2022-06-08
9172500,31.0,39,1988-05-31,1988-07-09
9172500,4979.0,327,1989-05-30,1990-04-21
9172500,584.0,118,1990-06-08,1990-10-03
9172500,27.0,14,1991-05-01,1991-05-14
9172500,978.0,103,1992-10-29,1993-02-11
9172500,26.0,15,1993-08-28,1993-09-11
9172500,2501.0,216,1993-10-15,1994-05-22
9172500,3985.0,319,1994-07-15,1995-05-31
9172500,4452.0,383,1995-12-05,1997-01-02
9172500,45.0,29,1997-01-05,1997-02-02
9172500,63.0,29,1997-02-08,1997-03-10
9172500,13.0,5,1997-03-14,1997-03-19
9172500,15.0,7,1997-03-23,1997-03-31
9172500,66.0,20,1998-04-15,1998-05-04
9172500,447.0,81,1998-08-12,1998-10-31
9172500,916.0,92,2000-08-10,2000-11-09
9172500,50.0,19,2001-04-08,2001-04-27
9172500,138.0,32,2002-03-09,2002-04-10
9172500,3302.0,153,2002-05-15,2002-10-14
9172500,174.0,35,2003-07-23,2003-08-27
9172500,54.0,27,2004-08-20,2004-09-15
9172500,811.0,78,2006-05-26,2006-08-11
9172500,676.0,124,2008-11-02,2009-03-09
9172500,57.0,45,2009-09-17,2009-11-02
9172500,17.0,6,2010-03-11,2010-03-17
9172500,7.0,6,2010-04-01,2010-04-07
9172500,8894.0,464,2012-05-14,2013-08-20
9172500,145.0,21,2016-05-04,2016-05-24
9172500,196.0,35,2017-04-26,2017-05-30
9172500,12988.0,574,2017-11-11,2019-06-07
9172500,13361.0,678,2019-10-04,2021-08-14
9172500,424.0,83,2021-09-12,2021-12-04
9172500,1669.0,167,2022-02-03,2022-07-22
9390500,8394.0,404,1989-11-22,1991-01-10
9390500,159.0,7,1991-01-29,1991-02-04
9390500,35.0,15,1996-03-09,1996-03-24
9390500,120.0,51,1996-05-09,1996-06-28
9390500,16.0,9,1996-07-23,1996-08-01
9390500,597.0,33,1996-08-09,1996-09-11
9390500,738.0,45,1996-09-16,1996-11-02
9390500,1439.0,85,1996-11-04,1997-01-30
9390500,219.0,13,1997-02-22,1997-03-06
9390500,6152.0,328,1997-03-27,1998-03-10
9390500,16.0,9,1998-07-24,1998-08-02
9390500,117.0,7,1998-10-17,1998-10-25
9390500,142.0,8,1998-11-02,1998-11-11
9390500,240.0,15,1998-11-14,1998-11-28
9390500,4440.0,236,1998-12-04,1999-08-09
9390500,247.0,14,1999-08-13,1999-08-31
9390500,112.0,7,1999-09-04,1999-09-11
9390500,8040.0,395,1999-09-18,2000-11-01
9390500,167.0,8,2000-11-08,2000-11-15
9390500,506.0,31,2000-12-01,2000-12-31
9390500,139.0,7,2001-01-16,2001-01-22
9390500,7887.0,375,2002-01-27,2003-02-19
9390500,270.0,12,2003-02-21,2003-03-06
9390500,240.0,84,2003-04-03,2003-06-29
9390500,355.0,25,2003-07-14,2003-08-14
9390500,147.0,8,2003-08-30,2003-09-08
9390500,2413.0,146,2003-09-12,2004-02-15
9390500,76.0,7,2004-02-29,2004-03-07
9390500,248.0,12,2004-03-23,2004-04-07
9390500,414.0,92,2004-04-13,2004-07-15
9390500,2520.0,154,2004-07-17,2004-12-28
9390500,36.0,16,2006-03-09,2006-03-25
9390500,161.0,64,2006-04-27,2006-06-29
9390500,108.0,14,2006-07-28,2006-08-13
9390500,196.0,11,2006-08-19,2006-08-31
9390500,424.0,26,2006-09-10,2006-10-05
9390500,1806.0,107,2006-10-18,2007-02-05
9390500,326.0,16,2007-03-04,2007-03-22
9390500,2154.0,127,2007-03-28,2007-08-04
9390500,1850.0,111,2007-08-09,2007-12-07
9390500,205.0,13,2007-12-12,2007-12-28
9390500,131.0,7,2008-01-09,2008-01-17
9390500,676.0,39,2009-12-17,2010-02-03
9390500,1306.0,158,2011-03-08,2011-08-13
9390500,6994.0,339,2011-08-15,2012-07-28
9390500,228.0,12,2012-08-11,2012-08-26
9390500,2443.0,145,2012-08-29,2013-01-24
9390500,254.0,14,2013-02-11,2013-02-28
9390500,82.0,39,2013-05-22,2013-06-29
9390500,35.0,15,2014-03-10,2014-03-25
9390500,161.0,64,2014-04-27,2014-06-29
9390500,200.0,20,2014-07-24,2014-08-18
9390500,395.0,23,2014-08-22,2014-09-16
9390500,100.0,6,2014-09-20,2014-09-26
9390500,472.0,28,2014-10-01,2014-11-06
9390500,36.0,16,2016-03-08,2016-03-24
9390500,26.0,22,2016-06-07,2016-06-28
9390500,16.0,8,2016-07-23,2016-08-01
9390500,1415.0,87,2016-09-16,2016-12-21
9390500,84.0,5,2016-12-25,2016-12-30
9390500,135.0,8,2017-01-25,2017-02-01
9390500,46.0,13,2017-03-09,2017-03-22
9390500,35.0,25,2017-06-05,2017-06-29
9390500,12.0,6,2017-07-27,2017-08-02
9390500,10997.0,509,2017-09-14,2019-02-26
9390500,15.0,7,2019-07-24,2019-07-31
9390500,605.0,37,2019-10-26,2019-12-07
9390500,557.0,33,2019-12-11,2020-01-16
9390500,310.0,19,2020-01-30,2020-02-21
9390500,11.0,5,2020-03-25,2020-03-31
9390500,9.0,12,2020-06-17,2020-06-28
9390500,12.0,7,2020-07-26,2020-08-01
9390500,6645.0,314,2020-09-17,2021-07-29
9390500,363.0,16,2021-07-31,2021-08-16
9390500,7451.0,323,2021-08-20,2022-07-28
9390500,154.0,10,2022-07-31,2022-08-10
9390500,350.0,21,2022-08-28,2022-09-21
9390500,100.0,6,2022-09-28,2022-10-03
9390500,311.0,19,2022-10-12,2022-11-02
9390500,332.0,21,2022-11-12,2022-12-02
9224700,5523.0,284,1988-07-25,1989-06-02
9224700,942.0,117,1989-06-08,1989-10-02
9224700,4542.0,329,1989-11-10,1990-10-26
9224700,3151.0,214,1990-10-30,1991-06-01
9224700,3889.0,289,1992-06-02,1993-03-18
9224700,3492.0,163,1994-05-22,1994-10-31
9224700,617.0,73,1996-09-21,1996-12-05
9224700,270.0,42,2000-04-18,2000-05-29
9224700,2359.0,124,2000-06-11,2000-10-12
9224700,153.0,36,2001-02-28,2001-04-15
9224700,43.0,16,2001-04-29,2001-05-14
9224700,737.0,51,2001-06-08,2001-07-28
9224700,4317.0,225,2001-09-24,2002-05-21
9224700,3362.0,162,2002-05-30,2002-11-08
9224700,232.0,92,2002-12-07,2003-03-09
9224700,32.0,10,2003-06-16,2003-06-26
9224700,1211.0,128,2003-11-16,2004-03-27
9224700,39.0,26,2004-08-24,2004-09-19
9224700,80.0,20,2004-10-10,2004-11-02
9224700,56.0,13,2005-11-04,2005-11-16
9224700,671.0,84,2006-06-09,2006-08-31
9224700,1156.0,106,2007-06-10,2007-09-23
9224700,27.0,24,2008-02-02,2008-02-27
9224700,20.0,7,2008-03-04,2008-03-13
9224700,985.0,76,2008-03-24,2008-06-07
9224700,25.0,8,2009-04-16,2009-04-23
9224700,128.0,41,2010-03-11,2010-04-20
9224700,262.0,41,2010-04-26,2010-06-05
9224700,158.0,29,2010-10-17,2010-11-15
9224700,42.0,11,2012-05-30,2012-06-10
9224700,110.0,53,2012-06-13,2012-08-07
9224700,1529.0,185,2012-10-02,2013-04-06
9224700,212.0,26,2013-04-27,2013-05-22
9224700,274.0,45,2016-08-31,2016-10-15
9224700,7398.0,417,2018-04-06,2019-06-10
9224700,2972.0,227,2019-10-14,2020-06-03
9224700,8350.0,382,2020-08-08,2021-08-24
9224700,1760.0,96,2022-03-10,2022-06-15
9224700,976.0,77,2022-11-17,2023-02-01
9492400,36.0,12,1984-03-15,1984-03-26
9492400,29.0,16,1985-09-04,1985-09-19
9492400,20.0,7,1987-04-01,1987-04-07
9492400,25.0,7,1987-10-19,1987-10-25
9492400,46.0,28,1988-12-24,1989-01-20
9492400,6143.0,365,1989-05-11,1990-05-10
9492400,435.0,61,1992-10-25,1992-12-24
9492400,1324.0,79,1993-08-01,1993-10-18
9492400,141.0,36,1994-02-07,1994-03-14
9492400,5144.0,356,1995-08-03,1996-08-25
9492400,4.0,5,1996-08-29,1996-09-02
9492400,1870.0,116,1997-07-28,1997-11-20
9492400,22.0,14,1998-01-27,1998-02-10
9492400,19.0,6,1998-03-11,1998-03-16
9492400,1263.0,79,1998-08-20,1998-11-06
9492400,1737.0,137,1999-02-10,1999-06-27
9492400,6521.0,283,1999-11-20,2000-08-28
9492400,5382.0,262,2001-11-06,2002-07-25
9492400,776.0,57,2003-07-19,2003-09-13
9492400,59.0,22,2004-01-20,2004-02-10
9492400,52.0,18,2004-02-22,2004-03-11
9492400,57.0,25,2004-07-25,2004-08-18
9492400,88.0,14,2005-08-02,2005-08-15
9492400,2049.0,144,2005-12-08,2006-06-22
9492400,83.0,34,2006-06-24,2006-07-27
9492400,361.0,55,2006-12-29,2007-02-21
9492400,356.0,83,2007-05-10,2007-07-31
9492400,878.0,73,2007-09-22,2007-12-03
9492400,50.0,11,2008-12-02,2008-12-12
9492400,2701.0,225,2009-08-16,2010-03-31
9492400,1785.0,147,2010-10-16,2011-03-11
9492400,742.0,118,2011-04-30,2011-08-25
9492400,36.0,13,2012-03-18,2012-03-30
9492400,286.0,80,2012-11-08,2013-01-26
9492400,16.0,8,2014-02-24,2014-03-04
9492400,1827.0,114,2014-03-28,2014-07-19
9492400,151.0,27,2015-04-13,2015-05-09
9492400,1902.0,126,2016-03-31,2016-08-03
9492400,128.0,55,2016-09-14,2016-11-07
9492400,1542.0,117,2017-04-08,2017-08-02
9492400,9091.0,415,2017-08-27,2018-10-15
9492400,1721.0,126,2019-08-04,2019-12-07
9492400,6032.0,365,2020-07-19,2021-07-18
9492400,78.0,17,2021-12-13,2021-12-29
9492400,403.0,37,2022-03-07,2022-04-12
9035500,36.0,6,1983-02-09,1983-02-14
9035500,124.0,13,1983-03-01,1983-03-13
9035500,280.0,16,1983-04-05,1983-04-20
9035500,342.0,21,1983-04-29,1983-05-24
9035500,60.0,8,1984-03-05,1984-03-12
9035500,901.0,41,1984-04-01,1984-05-11
9035500,83.0,10,1985-03-04,1985-03-13
9035500,280.0,13,1985-03-31,1985-04-12
9035500,233.0,39,1985-08-27,1985-10-05
9035500,60.0,8,1986-02-07,1986-02-14
9035500,173.0,16,1986-02-26,1986-03-13
9035500,298.0,17,1986-05-18,1986-06-04
9035500,129.0,13,1986-08-16,1986-08-28
9035500,39.0,7,1987-01-20,1987-01-26
9035500,85.0,10,1987-02-05,1987-02-14
9035500,190.0,17,1987-02-25,1987-03-13
9035500,282.0,12,1987-03-25,1987-04-05
9035500,828.0,72,1987-05-16,1987-07-30
9035500,132.0,27,1987-10-05,1987-10-31
9035500,60.0,8,1988-03-05,1988-03-12
9035500,50.0,5,1988-05-22,1988-05-27
9035500,120.0,14,1988-07-30,1988-08-13
9035500,4184.0,215,1988-08-17,1989-03-19
9035500,58.0,6,1989-05-27,1989-06-03
9035500,85.0,13,1989-07-20,1989-08-01
9035500,4061.0,201,1989-09-09,1990-03-28
9035500,157.0,15,1990-05-05,1990-05-26
9035500,245.0,25,1990-06-23,1990-07-17
9035500,28.0,5,1991-02-10,1991-02-14
9035500,109.0,12,1991-03-02,1991-03-13
9035500,116.0,5,1991-03-30,1991-04-03
9035500,97.0,6,1991-04-13,1991-04-18
9035500,115.0,7,1991-04-29,1991-05-07
9035500,54.0,11,1991-07-15,1991-07-25
9035500,4202.0,186,1991-10-06,1992-04-08
9035500,52.0,11,1992-05-14,1992-05-27
9035500,115.0,17,1992-06-05,1992-06-21
9035500,138.0,19,1992-08-02,1992-08-20
9035500,753.0,112,1992-10-12,1993-02-14
9035500,269.0,21,1993-02-21,1993-03-13
9035500,332.0,14,1993-03-23,1993-04-09
9035500,64.0,8,1993-04-17,1993-04-25
9035500,680.0,40,1993-08-06,1993-09-14
9035500,194.0,34,1993-12-10,1994-01-26
9035500,147.0,14,1994-02-01,1994-02-14
9035500,249.0,20,1994-02-22,1994-03-13
9035500,419.0,19,1994-03-25,1994-04-15
9035500,1828.0,108,1994-05-22,1994-09-06
9035500,2481.0,143,1994-11-01,1995-03-23
9035500,109.0,5,1995-04-01,1995-04-05
9035500,111.0,9,1995-04-20,1995-04-28
9035500,23.0,8,1995-08-24,1995-08-31
9035500,70.0,9,1996-03-04,1996-03-12
9035500,167.0,8,1996-04-01,1996-04-08
9035500,65.0,5,1996-04-20,1996-04-24
9035500,1298.0,64,1996-07-26,1996-09-27
9035500,21.0,5,1996-12-25,1996-12-29
9035500,697.0,60,1997-01-04,1997-03-23
9035500,101.0,8,1997-04-10,1997-04-17
9035500,77.0,8,1997-07-29,1997-08-05
9035500,30.0,6,1998-01-21,1998-01-26
9035500,85.0,10,1998-02-05,1998-02-14
9035500,173.0,16,1998-02-26,1998-03-13
9035500,209.0,19,1998-06-06,1998-06-24
9035500,30.0,6,1999-01-21,1999-01-26
9035500,85.0,10,1999-02-05,1999-02-14
9035500,173.0,16,1999-02-26,1999-03-13
9035500,57.0,5,1999-05-06,1999-05-11
9035500,39.0,7,2000-01-20,2000-01-26
9035500,116.0,12,2000-02-03,2000-02-14
9035500,677.0,38,2000-02-23,2000-04-06
9035500,99.0,8,2000-05-15,2000-05-24
9035500,566.0,47,2000-06-04,2000-07-20
9035500,253.0,22,2000-08-02,2000-08-23
9035500,32.0,6,2001-01-06,2001-01-11
9035500,74.0,10,2001-01-17,2001-01-26
9035500,131.0,13,2001-02-02,2001-02-14
9035500,319.0,23,2001-02-21,2001-03-22
9035500,1358.0,69,2001-05-06,2001-07-14
9035500,1891.0,159,2001-10-17,2002-03-24
9035500,3273.0,147,2002-04-23,2002-09-19
9035500,1812.0,128,2002-11-28,2003-04-12
9035500,41.0,6,2003-05-06,2003-05-12
9035500,32.0,11,2003-08-06,2003-08-17
9035500,1584.0,131,2003-11-08,2004-03-18
9035500,934.0,53,2004-05-09,2004-06-30
9035500,323.0,22,2005-07-20,2005-08-10
9035500,179.0,25,2005-09-07,2005-10-01
9035500,45.0,11,2006-05-29,2006-06-08
9035500,324.0,23,2006-06-18,2006-07-10
9035500,96.0,11,2007-03-03,2007-03-13
9035500,566.0,30,2008-04-07,2008-05-12
9035500,28.0,5,2009-02-10,2009-02-14
9035500,15.0,7,2009-06-09,2009-06-15
9035500,126.0,15,2009-07-18,2009-08-02
9035500,782.0,49,2009-08-25,2009-10-12
9035500,4.0,5,2009-11-08,2009-11-12
9035500,47.0,7,2010-02-08,2010-02-14
9035500,140.0,14,2010-02-28,2010-03-13
9035500,74.0,5,2010-05-09,2010-05-15
9035500,102.0,10,2010-05-26,2010-06-05
9035500,13.0,5,2010-06-12,2010-06-17
9035500,325.0,31,2010-06-29,2010-07-30
9035500,848.0,42,2010-09-15,2010-10-27
9035500,49.0,7,2011-03-07,2011-03-13
9035500,116.0,9,2011-04-27,2011-05-05
9035500,17.0,10,2011-08-31,2011-09-09
9035500,21.0,5,2012-01-22,2012-01-26
9035500,72.0,9,2012-02-06,2012-02-14
9035500,155.0,15,2012-02-27,2012-03-12
9035500,1545.0,71,2012-05-01,2012-07-11
9035500,1068.0,123,2012-10-27,2013-03-31
9035500,189.0,11,2013-04-18,2013-04-28
9035500,70.0,13,2013-07-07,2013-07-19
9035500,49.0,7,2014-03-07,2014-03-13
9035500,229.0,13,2014-04-04,2014-04-18
9035500,82.0,5,2014-05-13,2014-05-17
9035500,44.0,10,2014-07-24,2014-08-02
9035500,28.0,5,2015-03-09,2015-03-13
9035500,39.0,6,2015-05-30,2015-06-06
9035500,4230.0,249,2015-08-10,2016-04-22
9035500,693.0,47,2016-07-12,2016-08-27
9035500,3110.0,182,2016-09-30,2017-03-30
9035500,80.0,6,2017-04-29,2017-05-04
9035500,67.0,11,2017-07-09,2017-07-19
9035500,33.0,15,2017-09-20,2017-10-04
9035500,28.0,5,2018-02-10,2018-02-14
9035500,96.0,11,2018-03-03,2018-03-13
9035500,177.0,8,2018-03-30,2018-04-07
9035500,3777.0,159,2018-06-05,2018-11-25
9035500,1698.0,118,2018-12-17,2019-04-22
9035500,154.0,14,2019-08-02,2019-08-15
9035500,6232.0,251,2019-08-28,2020-05-06
9035500,6663.0,299,2020-07-01,2021-05-05
9035500,179.0,21,2021-09-28,2021-10-18
9035500,71.0,20,2022-06-17,2022-07-06
9035500,421.0,68,2022-11-23,2023-02-01
9505350,40.0,5,1983-07-27,1983-07-31
9505350,75.0,13,1983-08-12,1983-08-27
9505350,126.0,15,1983-09-02,1983-09-21
9505350,1273.0,133,1984-03-03,1984-07-23
9505350,173.0,23,1984-08-28,1984-09-24
9505350,99.0,12,1984-10-05,1984-10-19
9505350,25.0,11,1984-10-22,1984-11-04
9505350,4.0,5,1984-11-11,1984-11-16
9505350,26.0,6,1984-11-27,1984-12-03
9505350,54.0,14,1985-06-30,1985-07-15
9505350,131.0,23,1985-08-04,1985-08-27
9505350,49.0,7,1985-09-02,1985-09-09
9505350,192.0,23,1985-09-13,1985-10-09
9505350,78.0,17,1985-10-13,1985-11-02
9505350,69.0,14,1986-02-23,1986-03-08
9505350,144.0,14,1986-06-14,1986-06-28
9505350,38.0,5,1986-07-10,1986-07-14
9505350,55.0,9,1986-07-25,1986-08-02
9505350,28.0,5,1986-08-16,1986-08-21
9505350,131.0,16,1986-09-03,1986-09-21
9505350,118.0,25,1987-06-23,1987-07-19
9505350,50.0,8,1987-08-14,1987-08-21
9505350,196.0,25,1987-08-29,1987-09-26
9505350,166.0,23,1987-09-29,1987-10-27
9505350,34.0,6,1988-07-14,1988-07-21
9505350,52.0,8,1988-08-08,1988-08-16
9505350,302.0,36,1988-09-02,1988-10-12
9505350,59.0,17,1988-10-16,1988-11-04
9505350,143.0,25,1988-11-27,1988-12-24
9505350,31.0,6,1988-12-27,1989-01-03
9505350,393.0,31,1989-02-22,1989-03-25
9505350,1736.0,112,1989-04-01,1989-07-27
9505350,3355.0,171,1989-08-01,1990-02-01
9505350,79.0,5,1990-02-15,1990-02-20
9505350,145.0,12,1990-03-02,1990-03-13
9505350,1356.0,93,1990-03-27,1990-07-05
9505350,96.0,15,1990-07-25,1990-08-11
9505350,46.0,10,1990-08-19,1990-08-29
9505350,50.0,5,1990-09-09,1990-09-13
9505350,234.0,36,1990-09-23,1990-11-05
9505350,4.0,5,1990-11-12,1990-11-17
9505350,90.0,16,1990-11-28,1990-12-15
9505350,33.0,8,1990-12-18,1990-12-27
9505350,286.0,22,1991-01-17,1991-02-07
9505350,191.0,15,1991-02-13,1991-02-27
9505350,228.0,35,1991-06-16,1991-07-25
9505350,127.0,23,1991-08-01,1991-08-31
9505350,114.0,12,1991-09-08,1991-09-20
9505350,235.0,31,1991-09-23,1991-10-29
9505350,117.0,17,1992-10-07,1992-10-26
9505350,24.0,6,1992-11-27,1992-12-02
9505350,71.0,11,1993-07-09,1993-07-22
9505350,150.0,25,1993-07-24,1993-08-26
9505350,374.0,54,1993-09-01,1993-11-05
9505350,82.0,14,1994-01-21,1994-02-05
9505350,92.0,12,1994-03-11,1994-03-24
9505350,11.0,5,1994-04-02,1994-04-06
9505350,251.0,37,1994-06-14,1994-07-22
9505350,75.0,13,1994-07-24,1994-08-10
9505350,30.0,7,1994-08-20,1994-08-29
9505350,283.0,43,1994-09-14,1994-11-05
9505350,123.0,21,1994-11-28,1994-12-22
9505350,111.0,19,1995-07-24,1995-08-13
9505350,167.0,22,1995-08-29,1995-09-25
9505350,206.0,32,1995-09-30,1995-11-05
9505350,4.0,5,1995-11-12,1995-11-17
9505350,4752.0,223,1995-11-28,1996-07-11
9505350,245.0,11,1996-07-16,1996-07-27
9505350,440.0,32,1996-07-29,1996-09-04
9505350,1174.0,98,1996-09-20,1997-01-05
9505350,82.0,6,1997-01-07,1997-01-12
9505350,50.0,8,1997-03-24,1997-03-31
9505350,585.0,63,1997-05-28,1997-08-08
9505350,101.0,12,1997-09-20,1997-10-05
9505350,67.0,11,1997-10-12,1997-10-24
9505350,11.0,9,1997-10-26,1997-11-05
9505350,32.0,7,1997-11-28,1997-12-06
9505350,75.0,12,1998-07-26,1998-08-09
9505350,43.0,9,1998-08-18,1998-08-30
9505350,293.0,37,1998-09-15,1998-10-24
9505350,322.0,35,1998-12-30,1999-02-04
9505350,579.0,41,1999-02-16,1999-04-01
9505350,774.0,78,1999-04-18,1999-07-10
9505350,59.0,10,1999-08-01,1999-08-14
9505350,70.0,9,1999-09-03,1999-09-13
9505350,227.0,37,1999-09-27,1999-11-05
9505350,4.0,5,1999-11-12,1999-11-17
9505350,1026.0,94,1999-11-28,2000-03-04
9505350,807.0,76,2000-04-04,2000-06-21
9505350,492.0,36,2000-06-26,2000-08-03
9505350,99.0,9,2000-08-11,2000-08-22
9505350,535.0,48,2000-09-01,2000-10-26
9505350,238.0,44,2000-11-27,2001-01-11
9505350,286.0,37,2001-06-10,2001-07-22
9505350,294.0,42,2001-08-17,2001-10-05
9505350,587.0,65,2001-10-11,2001-12-21
9505350,40.0,5,2001-12-23,2001-12-29
9505350,5718.0,242,2002-01-02,2002-09-06
9505350,817.0,50,2002-09-13,2002-11-07
9505350,126.0,15,2002-11-13,2002-11-28
9505350,691.0,66,2002-12-02,2003-02-12
9505350,733.0,62,2003-05-27,2003-07-29
9505350,301.0,18,2003-08-02,2003-08-23
9505350,21.0,5,2003-08-29,2003-09-04
9505350,511.0,58,2003-09-13,2003-11-11
9505350,36.0,9,2003-11-17,2003-11-26
9505350,510.0,50,2003-11-28,2004-01-23
9505350,103.0,11,2004-02-05,2004-02-18
9505350,95.0,16,2004-03-17,2004-04-01
9505350,16.0,5,2004-05-03,2004-05-07
9505350,859.0,61,2004-05-13,2004-07-13
9505350,486.0,28,2004-07-20,2004-08-20
9505350,1032.0,60,2004-08-22,2004-10-26
9505350,76.0,11,2005-07-06,2005-07-16
9505350,33.0,8,2005-08-17,2005-08-27
9505350,422.0,60,2005-08-30,2005-11-05
9505350,4048.0,220,2005-11-28,2006-07-09
9505350,333.0,19,2006-07-12,2006-08-03
9505350,449.0,30,2006-08-07,2006-09-12
9505350,354.0,21,2006-09-16,2006-10-08
9505350,1417.0,109,2006-10-11,2007-02-03
9505350,3302.0,150,2007-02-08,2007-07-10
9505350,185.0,10,2007-07-12,2007-07-23
9505350,371.0,21,2007-08-08,2007-08-29
9505350,1337.0,84,2007-09-04,2007-11-29
9505350,300.0,34,2008-06-06,2008-07-13
9505350,95.0,16,2008-07-23,2008-08-08
9505350,19.0,6,2008-08-20,2008-08-28
9505350,1127.0,97,2008-09-02,2008-12-15
9505350,47.0,14,2009-04-23,2009-05-08
9505350,624.0,60,2009-05-14,2009-07-22
9505350,1032.0,44,2009-07-24,2009-09-08
9505350,1706.0,85,2009-09-12,2009-12-06
9505350,110.0,21,2010-06-25,2010-07-18
9505350,351.0,50,2010-08-04,2010-10-03
9505350,81.0,11,2010-10-09,2010-10-19
9505350,11.0,9,2010-10-26,2010-11-05
9505350,4.0,5,2010-11-12,2010-11-17
9505350,103.0,17,2010-11-29,2010-12-15
9505350,280.0,36,2011-06-10,2011-07-20
9505350,58.0,9,2011-07-24,2011-08-03
9505350,404.0,32,2011-08-06,2011-09-10
9505350,134.0,17,2011-09-17,2011-10-04
9505350,131.0,23,2011-10-08,2011-11-02
9505350,61.0,14,2012-03-07,2012-03-20
9505350,705.0,54,2012-05-21,2012-07-13
9505350,83.0,14,2012-08-04,2012-08-20
9505350,265.0,42,2012-09-19,2012-11-04
9505350,4.0,5,2012-11-11,2012-11-16
9505350,95.0,17,2012-11-27,2012-12-13
9505350,374.0,38,2013-05-31,2013-07-09
9505350,120.0,20,2013-07-30,2013-08-22
9505350,36.0,6,2013-09-02,2013-09-07
9505350,157.0,28,2013-10-04,2013-11-05
9505350,18.0,5,2014-02-03,2014-02-09
9505350,156.0,17,2014-02-12,2014-02-28
9505350,1933.0,139,2014-03-10,2014-08-02
9505350,115.0,7,2014-08-04,2014-08-10
9505350,356.0,53,2014-08-29,2014-11-05
9505350,4.0,5,2014-11-12,2014-11-17
9505350,67.0,11,2014-11-28,2014-12-12
9505350,105.0,17,2015-02-04,2015-02-22
9505350,56.0,10,2015-08-14,2015-08-23
9505350,269.0,34,2015-09-04,2015-10-19
9505350,7.0,6,2015-10-26,2015-11-02
9505350,36.0,13,2016-03-24,2016-04-10
9505350,6.0,5,2016-04-23,2016-04-27
9505350,389.0,32,2016-05-26,2016-06-28
9505350,135.0,24,2016-07-04,2016-07-31
9505350,50.0,9,2016-08-13,2016-08-22
9505350,162.0,18,2016-09-04,2016-09-22
9505350,422.0,54,2016-09-30,2016-11-30
9505350,71.0,11,2016-12-07,2016-12-21
9505350,182.0,25,2017-06-13,2017-07-07
9505350,46.0,6,2017-07-13,2017-07-18
9505350,65.0,12,2017-08-07,2017-08-23
9505350,2989.0,163,2017-08-26,2018-02-14
9505350,2972.0,139,2018-02-16,2018-07-06
9505350,440.0,22,2018-07-18,2018-08-13
9505350,126.0,9,2018-08-24,2018-09-02
9505350,494.0,28,2018-09-04,2018-10-06
9505350,53.0,16,2018-10-18,2018-11-05
9505350,4.0,5,2018-11-12,2018-11-17
9505350,617.0,43,2018-11-22,2019-01-08
9505350,231.0,36,2019-06-15,2019-07-22
9505350,834.0,57,2019-07-24,2019-09-25
9505350,1243.0,59,2019-09-27,2019-12-01
9505350,122.0,24,2020-06-24,2020-07-21
9505350,2065.0,112,2020-07-23,2020-11-15
9505350,1169.0,62,2020-11-19,2021-01-21
9505350,47.0,8,2021-02-15,2021-02-24
9505350,101.0,12,2021-02-28,2021-03-11
9505350,1498.0,101,2021-03-30,2021-07-16
9505350,82.0,5,2021-07-18,2021-07-22
9505350,45.0,8,2021-08-02,2021-08-09
9505350,33.0,9,2021-08-21,2021-08-30
9505350,150.0,19,2021-09-04,2021-09-25
9505350,4.0,5,2021-11-12,2021-11-17
9505350,76.0,14,2021-11-28,2021-12-13
9505350,508.0,47,2022-05-19,2022-07-11
9505350,21.0,6,2022-07-17,2022-07-23
9505350,45.0,8,2022-07-31,2022-08-08
9505350,138.0,18,2022-08-30,2022-09-20
9505350,54.0,7,2022-09-26,2022-10-06
9505350,91.0,18,2022-10-09,2022-11-02
9035900,360.0,29,1983-05-04,1983-06-01
9035900,278.0,23,1984-04-28,1984-05-20
9035900,3749.0,210,1987-05-20,1987-12-15
9035900,4539.0,231,1988-08-22,1989-04-10
9035900,3888.0,310,1989-06-02,1990-04-08
9035900,1506.0,138,1990-05-17,1990-10-02
9035900,1729.0,173,1991-10-25,1992-04-15
9035900,265.0,45,1992-05-30,1992-07-14
9035900,65.0,42,1992-08-03,1992-09-14
9035900,387.0,39,1993-04-07,1993-05-16
9035900,18.0,6,1994-04-17,1994-04-22
9035900,5955.0,339,1994-05-27,1995-05-09
9035900,1905.0,216,1996-09-22,1997-04-28
9035900,591.0,81,1998-06-05,1998-08-25
9035900,1014.0,119,2000-06-11,2000-10-09
9035900,3064.0,310,2001-05-30,2002-04-06
9035900,7641.0,355,2002-05-15,2003-05-07
9035900,9.0,6,2003-05-10,2003-05-15
9035900,2460.0,152,2004-05-26,2004-10-24
9035900,7.0,9,2005-09-16,2005-09-25
9035900,21.0,12,2005-09-29,2005-10-13
9035900,151.0,37,2006-06-27,2006-08-03
9035900,466.0,30,2008-04-28,2008-05-28
9035900,259.0,71,2009-10-13,2009-12-24
9035900,199.0,35,2010-05-24,2010-06-29
9035900,19.0,6,2011-05-20,2011-05-26
9035900,5448.0,361,2012-05-18,2013-05-15
9035900,80.0,10,2014-05-11,2014-05-20
9035900,920.0,54,2016-04-06,2016-05-29
9035900,1303.0,149,2016-12-13,2017-05-12
9035900,166.0,24,2018-04-18,2018-05-16
9035900,7354.0,325,2018-07-16,2019-06-05
9035900,3138.0,175,2019-11-29,2020-05-25
9035900,5180.0,241,2020-10-04,2021-06-03
9035900,214.0,26,2022-04-11,2022-05-06
9035900,25.0,14,2023-01-16,2023-02-01
9511300,3330.0,225,1989-08-31,1990-04-13
9511300,7279.0,395,1996-01-19,1997-02-18
9511300,929.0,150,1997-08-19,1998-01-18
9511300,263.0,55,1999-02-19,1999-04-16
9511300,766.0,92,2000-01-01,2000-04-02
9511300,71.0,24,2000-05-29,2000-06-23
9511300,1042.0,119,2000-06-25,2000-10-27
9511300,39.0,22,2001-10-24,2001-11-18
9511300,10829.0,458,2001-12-07,2003-03-12
9511300,4965.0,464,2003-06-12,2004-09-23
9511300,0.0,7,2006-01-26,2006-02-01
9511300,13210.0,665,2006-02-07,2007-12-06
9511300,33.0,10,2009-09-19,2009-09-29
9511300,1486.0,142,2012-03-05,2012-07-24
9511300,1811.0,121,2012-09-24,2013-01-25
9511300,158.0,44,2014-04-17,2014-05-30
9511300,41.0,17,2014-07-28,2014-08-18
9511300,447.0,72,2016-04-03,2016-06-24
9511300,252.0,59,2016-07-22,2016-09-20
9511300,369.0,83,2016-09-29,2016-12-21
9511300,6748.0,405,2017-12-24,2019-02-06
9511300,2998.0,214,2020-12-22,2021-07-27
9511300,164.0,33,2021-11-19,2021-12-23
9511300,1587.0,140,2022-04-14,2022-10-04
9114500,775.0,53,1983-04-18,1983-06-09
9114500,193.0,31,1984-03-22,1984-04-23
9114500,64.0,14,1984-04-28,1984-05-15
9114500,183.0,24,1987-04-14,1987-05-07
9114500,288.0,50,1987-10-11,1987-11-30
9114500,31.0,22,1988-03-24,1988-04-16
9114500,29.0,19,1988-05-23,1988-06-11
9114500,6.0,8,1988-09-07,1988-09-15
9114500,1439.0,135,1988-11-03,1989-03-18
9114500,26.0,16,1989-07-25,1989-08-09
9114500,34.0,27,1989-09-17,1989-10-13
9114500,1213.0,179,1989-10-19,1990-04-15
9114500,1441.0,140,1990-05-17,1990-10-03
9114500,129.0,23,1991-04-25,1991-05-19
9114500,1420.0,166,1991-10-30,1992-04-12
9114500,52.0,15,1992-05-30,1992-06-13
9114500,1010.0,93,1994-08-03,1994-11-03
9114500,895.0,103,1996-09-10,1996-12-21
9114500,128.0,51,1997-02-02,1997-03-24
9114500,237.0,47,1998-09-05,1998-10-21
9114500,182.0,66,2000-06-14,2000-08-25
9114500,708.0,81,2001-06-04,2001-08-23
9114500,5513.0,297,2002-05-13,2003-03-05
9114500,92.0,19,2003-08-24,2003-09-11
9114500,644.0,123,2004-06-09,2004-10-09
9114500,31.0,42,2006-06-13,2006-07-24
9114500,3091.0,297,2007-05-21,2008-05-07
9114500,50.0,15,2009-10-04,2009-10-18
9114500,385.0,63,2010-03-06,2010-05-16
9114500,6327.0,372,2012-05-16,2013-05-23
9114500,443.0,46,2016-04-15,2016-05-30
9114500,21.0,12,2016-08-26,2016-09-06
9114500,2075.0,151,2016-10-21,2017-03-20
9114500,9944.0,442,2018-03-19,2019-06-03
9114500,23007.0,1121,2019-10-13,2023-02-01
9169500,19.0,26,1989-07-10,1989-08-04
9169500,858.0,96,1990-01-22,1990-04-29
9169500,1797.0,171,1994-08-04,1995-01-21
9169500,36.0,12,1995-05-12,1995-05-23
9169500,6188.0,363,1996-01-07,1997-01-04
9169500,1379.0,105,1998-08-12,1998-11-24
9169500,198.0,21,1999-04-09,1999-04-30
9169500,2050.0,171,1999-11-04,2000-05-03
9169500,4927.0,353,2000-05-21,2001-05-13
9169500,526.0,85,2001-06-01,2001-08-24
9169500,7081.0,381,2001-10-05,2002-10-20
9169500,4.0,5,2003-03-12,2003-03-16
9169500,6.0,8,2003-04-22,2003-04-29
9169500,785.0,109,2003-05-25,2003-09-10
9169500,233.0,48,2004-08-14,2004-09-30
9169500,56.0,20,2006-03-26,2006-04-16
9169500,1900.0,114,2006-05-10,2006-08-31
9169500,235.0,31,2007-05-13,2007-06-12
9169500,5.0,7,2007-08-05,2007-08-11
9169500,7.0,10,2007-09-11,2007-09-20
9169500,20.0,14,2008-10-20,2008-11-02
9169500,416.0,93,2008-11-24,2009-02-25
9169500,276.0,30,2009-04-08,2009-05-07
9169500,1583.0,217,2009-08-21,2010-03-25
9169500,105.0,23,2011-05-05,2011-05-27
9169500,115.0,34,2011-09-01,2011-10-04
9169500,8981.0,459,2012-05-13,2013-08-14
9169500,168.0,23,2014-05-02,2014-05-24
9169500,52.0,11,2016-04-29,2016-05-09
9169500,14.0,9,2017-10-02,2017-10-10
9169500,9760.0,537,2017-10-26,2019-04-20
9169500,18.0,5,2019-05-24,2019-05-28
9169500,11431.0,656,2019-09-21,2021-08-03
9169500,23.0,15,2021-10-11,2021-10-25
9169500,467.0,52,2022-02-26,2022-04-20
9169500,128.0,15,2022-04-27,2022-05-11
9169500,289.0,42,2022-05-28,2022-07-09
9065500,1019.0,77,1983-01-01,1983-03-19
9065500,290.0,23,1983-04-12,1983-05-09
9065500,321.0,16,1983-05-17,1983-06-01
9065500,71.0,14,1983-10-03,1983-10-16
9065500,34.0,6,1984-02-26,1984-03-02
9065500,1364.0,71,1984-03-10,1984-05-20
9065500,62.0,8,1985-02-24,1985-03-03
9065500,603.0,38,1985-03-10,1985-04-16
9065500,554.0,50,1985-06-02,1985-07-21
9065500,702.0,46,1985-08-23,1985-10-08
9065500,437.0,31,1986-01-21,1986-02-26
9065500,171.0,21,1986-05-26,1986-06-15
9065500,149.0,20,1986-08-10,1986-08-29
9065500,119.0,13,1987-03-14,1987-03-26
9065500,23.0,11,1987-04-08,1987-04-18
9065500,1648.0,72,1987-05-23,1987-08-02
9065500,317.0,36,1987-09-28,1987-11-02
9065500,34.0,6,1988-02-26,1988-03-02
9065500,501.0,32,1988-03-10,1988-04-10
9065500,7.0,6,1988-06-25,1988-06-30
9065500,3182.0,222,1988-07-12,1989-03-03
9065500,692.0,62,1989-05-29,1989-07-29
9065500,2481.0,194,1989-09-10,1990-03-22
9065500,410.0,54,1990-05-20,1990-07-12
9065500,5.0,7,1990-08-13,1990-08-19
9065500,260.0,26,1991-07-02,1991-07-27
9065500,3634.0,171,1991-10-13,1992-03-31
9065500,800.0,90,1992-05-25,1992-08-22
9065500,37.0,11,1992-10-23,1992-11-02
9065500,119.0,13,1993-03-14,1993-03-26
9065500,95.0,16,1993-04-19,1993-05-04
9065500,824.0,46,1993-08-01,1993-09-15
9065500,49.0,5,1994-01-30,1994-02-03
9065500,75.0,6,1994-02-09,1994-02-14
9065500,411.0,29,1994-02-20,1994-03-22
9065500,1725.0,88,1994-05-30,1994-08-25
9065500,1175.0,80,1994-12-28,1995-03-22
9065500,235.0,31,1995-04-23,1995-05-25
9065500,299.0,28,1995-08-10,1995-09-06
9065500,21.0,5,1996-02-27,1996-03-02
9065500,317.0,26,1996-03-12,1996-04-09
9065500,60.0,12,1996-04-23,1996-05-05
9065500,1329.0,63,1996-07-27,1996-09-27
9065500,49.0,5,1997-01-30,1997-02-03
9065500,75.0,6,1997-02-09,1997-02-14
9065500,359.0,30,1997-02-21,1997-03-26
9065500,36.0,6,1997-04-17,1997-04-22
9065500,18.0,5,1997-05-04,1997-05-08
9065500,185.0,20,1997-07-21,1997-08-09
9065500,49.0,5,1998-01-30,1998-02-03
9065500,75.0,6,1998-02-09,1998-02-14
9065500,470.0,32,1998-02-21,1998-03-27
9065500,631.0,49,1998-06-02,1998-07-20
9065500,60.0,6,1999-03-16,1999-03-21
9065500,3285.0,157,1999-11-04,2000-04-08
9065500,6.0,8,2000-06-16,2000-06-23
9065500,224.0,20,2000-08-02,2000-08-21
9065500,75.0,6,2001-02-09,2001-02-14
9065500,389.0,31,2001-02-21,2001-03-26
9065500,16.0,8,2001-07-07,2001-07-14
9065500,454.0,57,2001-10-17,2001-12-13
9065500,679.0,56,2002-01-14,2002-03-26
9065500,1551.0,76,2002-05-25,2002-08-08
9065500,125.0,18,2002-08-28,2002-09-14
9065500,1398.0,108,2002-12-09,2003-03-26
9065500,63.0,9,2003-05-11,2003-05-19
9065500,11.0,5,2003-08-06,2003-08-10
9065500,2898.0,145,2003-10-29,2004-03-21
9065500,466.0,33,2004-05-29,2004-06-30
9065500,73.0,17,2004-08-10,2004-08-26
9065500,101.0,12,2005-03-15,2005-03-26
9065500,277.0,19,2005-04-02,2005-04-20
9065500,206.0,18,2005-07-21,2005-08-07
9065500,29.0,13,2005-09-16,2005-09-29
9065500,21.0,5,2007-02-27,2007-03-03
9065500,111.0,22,2007-07-15,2007-08-05
9065500,47.0,7,2008-02-25,2008-03-02
9065500,1823.0,81,2008-03-09,2008-05-28
9065500,47.0,7,2009-02-25,2009-03-03
9065500,39.0,10,2009-04-15,2009-04-24
9065500,352.0,31,2009-08-25,2009-09-24
9065500,656.0,40,2010-02-21,2010-04-03
9065500,52.0,5,2010-05-16,2010-05-20
9065500,652.0,44,2010-09-15,2010-10-28
9065500,62.0,8,2011-02-24,2011-03-03
9065500,167.0,12,2011-03-11,2011-03-22
9065500,314.0,23,2011-05-07,2011-05-29
9065500,219.0,22,2011-08-20,2011-09-10
9065500,1603.0,138,2011-11-07,2012-03-23
9065500,1414.0,63,2012-05-18,2012-07-19
9065500,318.0,28,2013-02-23,2013-03-26
9065500,330.0,25,2013-04-21,2013-05-15
9065500,62.0,8,2014-02-24,2014-03-03
9065500,200.0,17,2014-03-10,2014-03-26
9065500,22.0,7,2014-04-08,2014-04-14
9065500,213.0,21,2014-05-01,2014-05-24
9065500,101.0,11,2015-03-15,2015-03-25
9065500,106.0,31,2015-10-07,2015-11-06
9065500,31.0,12,2016-05-04,2016-05-18
9065500,2166.0,155,2016-10-04,2017-03-16
9065500,138.0,12,2017-05-21,2017-06-01
9065500,201.0,28,2017-09-07,2017-10-04
9065500,75.0,6,2018-02-09,2018-02-14
9065500,1134.0,70,2018-02-20,2018-04-30
9065500,2144.0,140,2018-06-06,2018-10-24
9065500,57.0,5,2019-02-10,2019-02-14
9065500,1607.0,100,2019-02-22,2019-06-05
9065500,11.0,5,2019-08-08,2019-08-12
9065500,6609.0,267,2019-08-30,2020-05-22
9065500,7650.0,309,2020-07-21,2021-05-25
9065500,3973.0,270,2021-08-26,2022-05-28
9065500,88.0,13,2022-09-25,2022-10-07
9065500,1646.0,91,2022-11-03,2023-02-01
9499000,163.0,29,1984-02-26,1984-03-25
9499000,62.0,15,1984-04-10,1984-04-26
9499000,573.0,77,1984-07-02,1984-09-24
9499000,7.0,9,1988-04-05,1988-04-14
9499000,46.0,19,1989-09-27,1989-10-17
9499000,1450.0,140,1989-10-20,1990-03-10
9499000,97.0,9,1990-03-20,1990-03-28
9499000,163.0,16,1990-04-09,1990-04-24
9499000,527.0,70,1990-05-06,1990-07-15
9499000,29.0,6,1990-07-28,1990-08-05
9499000,19.0,6,1991-02-22,1991-02-27
9499000,265.0,29,1991-10-01,1991-10-31
9499000,17.0,7,1991-11-29,1991-12-06
9499000,49.0,14,1993-09-23,1993-10-06
9499000,5537.0,342,1995-09-24,1996-09-04
9499000,102.0,13,1996-12-20,1997-01-01
9499000,466.0,44,1997-07-25,1997-09-11
9499000,65.0,6,1997-09-21,1997-09-26
9499000,69.0,8,1997-10-13,1997-10-20
9499000,91.0,18,1997-11-06,1997-11-28
9499000,26.0,5,1997-12-17,1997-12-21
9499000,20.0,7,1998-12-19,1998-12-28
9499000,804.0,85,1999-01-01,1999-04-02
9499000,245.0,51,1999-05-02,1999-06-25
9499000,16.0,5,1999-12-20,1999-12-24
9499000,530.0,54,2000-01-12,2000-03-05
9499000,176.0,30,2000-07-23,2000-08-23
9499000,872.0,49,2000-09-02,2000-10-21
9499000,9884.0,448,2001-12-01,2003-02-25
9499000,215.0,34,2003-07-15,2003-08-26
9499000,29.0,6,2003-09-19,2003-09-26
9499000,38.0,8,2003-10-28,2003-11-06
9499000,17.0,7,2004-01-16,2004-01-22
9499000,73.0,23,2004-01-29,2004-02-21
9499000,169.0,18,2004-03-15,2004-04-01
9499000,25.0,11,2004-04-28,2004-05-12
9499000,11.0,5,2004-05-15,2004-05-19
9499000,57.0,24,2004-06-21,2004-07-16
9499000,905.0,60,2004-07-19,2004-09-18
9499000,256.0,20,2004-09-26,2004-10-18
9499000,5681.0,289,2005-10-23,2006-08-12
9499000,28.0,11,2006-12-08,2006-12-22
9499000,62.0,14,2006-12-26,2007-01-11
9499000,23.0,6,2007-01-23,2007-01-28
9499000,161.0,23,2007-02-28,2007-03-22
9499000,143.0,15,2007-03-31,2007-04-17
9499000,1187.0,95,2007-04-19,2007-07-25
9499000,293.0,34,2007-08-12,2007-09-17
9499000,12.0,7,2007-10-21,2007-10-29
9499000,17.0,10,2007-11-01,2007-11-13
9499000,33.0,8,2007-11-23,2007-11-30
9499000,2877.0,148,2009-08-24,2010-01-19
9499000,1763.0,113,2011-08-22,2011-12-18
9499000,5784.0,325,2012-01-20,2012-12-18
9499000,313.0,33,2012-12-24,2013-01-25
9499000,33.0,9,2013-08-20,2013-08-29
9499000,182.0,31,2014-01-28,2014-03-01
9499000,939.0,117,2014-03-09,2014-07-12
9499000,387.0,32,2014-07-16,2014-08-18
9499000,43.0,5,2014-09-01,2014-09-05
9499000,21.0,6,2015-04-03,2015-04-09
9499000,302.0,40,2016-03-01,2016-04-09
9499000,98.0,20,2016-04-15,2016-05-07
9499000,378.0,70,2016-05-21,2016-08-01
9499000,86.0,7,2016-08-16,2016-08-24
9499000,336.0,32,2016-08-31,2016-10-03
9499000,596.0,61,2016-10-09,2016-12-16
9499000,6386.0,295,2017-11-03,2018-08-25
9499000,874.0,35,2018-08-28,2018-10-02
9499000,21.0,6,2018-12-18,2018-12-25
9499000,55.0,9,2018-12-31,2019-01-09
9499000,73.0,16,2019-09-07,2019-09-22
9499000,668.0,53,2019-09-29,2019-11-20
9499000,8090.0,323,2020-09-04,2021-07-30
9499000,301.0,15,2021-08-01,2021-08-17
9499000,18.0,5,2022-03-25,2022-03-29
9499000,708.0,108,2022-04-04,2022-07-27
9299500,336.0,42,1983-04-13,1983-05-29
9299500,127.0,20,1984-04-15,1984-05-08
9299500,2900.0,189,1988-10-12,1989-04-20
9299500,28.0,5,1989-04-23,1989-04-27
9299500,3305.0,318,1989-05-15,1990-03-29
9299500,488.0,123,1990-05-17,1990-09-20
9299500,147.0,38,1990-09-22,1990-11-03
9299500,172.0,22,1991-04-26,1991-05-22
9299500,29.0,39,1992-02-02,1992-03-11
9299500,382.0,109,1992-05-22,1992-09-11
9299500,2833.0,210,1992-09-29,1993-04-29
9299500,97.0,9,1993-05-05,1993-05-13
9299500,92.0,33,1994-09-10,1994-10-16
9299500,52.0,8,1995-05-13,1995-05-21
9299500,124.0,33,1997-03-13,1997-04-17
9299500,6262.0,371,2001-10-31,2002-11-08
9299500,957.0,134,2003-11-09,2004-03-21
9299500,64.0,34,2004-08-23,2004-10-02
9299500,4693.0,356,2007-05-26,2008-05-16
9299500,85.0,19,2010-03-23,2010-04-15
9299500,37.0,10,2011-04-30,2011-05-12
9299500,58.0,12,2011-05-17,2011-05-31
9299500,11943.0,556,2012-05-13,2013-11-19
9299500,474.0,85,2014-05-29,2014-08-24
9299500,173.0,26,2016-04-16,2016-05-19
9299500,14.0,9,2018-03-29,2018-04-09
9299500,6651.0,370,2018-04-18,2019-05-02
9299500,1153.0,173,2019-11-20,2020-05-13
9299500,18569.0,979,2020-05-28,2023-02-01
9386030,573.0,126,1990-05-13,1990-09-21
9386030,415.0,74,1990-09-23,1990-12-15
9386030,69.0,16,1990-12-17,1991-01-08
9386030,147.0,41,1991-01-30,1991-03-11
9386030,5.0,7,1996-08-24,1996-08-31
9386030,12.0,13,1996-11-13,1996-11-25
9386030,350.0,89,1996-12-01,1997-03-07
9386030,36.0,9,1997-03-10,1997-03-22
9386030,2610.0,359,1997-03-24,1998-03-31
9386030,2908.0,261,1998-04-04,1998-12-30
9386030,2540.0,221,1999-01-03,1999-08-15
9386030,27.0,7,1999-09-04,1999-09-11
9386030,6181.0,415,1999-09-17,2000-11-12
9386030,72.0,12,2000-11-26,2000-12-07
9386030,393.0,41,2000-12-19,2001-01-29
9386030,633.0,128,2001-02-22,2001-07-10
9386030,54.0,20,2001-07-12,2001-08-03
9386030,9.0,5,2001-08-06,2001-08-12
9386030,84.0,25,2001-08-15,2001-09-16
9386030,14.0,16,2002-02-05,2002-02-24
9386030,740.0,144,2002-03-01,2002-07-26
9386030,391.0,41,2002-07-29,2002-09-10
9386030,2142.0,200,2002-09-12,2003-04-03
9386030,7.0,6,2017-03-16,2017-03-21
9386030,45.0,45,2017-04-04,2017-05-20
9386030,13.0,8,2017-07-03,2017-07-11
9386030,42757.0,1978,2017-08-10,2023-02-01
9291000,16.0,8,1989-04-11,1989-04-18
9291000,10483.0,1008,1989-05-29,1992-04-14
9291000,8201.0,370,1992-05-19,1993-05-23
9291000,63.0,50,1994-10-11,1994-11-29
9291000,170.0,26,1997-04-19,1997-05-14
9291000,17018.0,1051,2002-05-10,2005-05-09
9291000,468.0,130,2006-06-02,2006-10-10
9291000,4009.0,349,2007-06-14,2008-05-27
9291000,34.0,17,2009-04-16,2009-05-02
9291000,237.0,31,2010-05-02,2010-06-01
9291000,740.0,133,2013-01-07,2013-05-19
9291000,8756.0,390,2018-05-13,2019-06-06
9291000,46.0,19,2020-04-23,2020-05-11
9291000,7.0,9,2020-06-07,2020-06-15
9291000,12950.0,798,2020-11-26,2023-02-01
9126000,844.0,60,1983-03-31,1983-05-29
9126000,20.0,8,1983-09-27,1983-10-04
9126000,55.0,25,1983-10-22,1983-11-15
9126000,579.0,64,1984-03-08,1984-05-12
9126000,167.0,21,1987-03-29,1987-04-18
9126000,698.0,47,1987-09-23,1987-11-08
9126000,67.0,11,1988-03-19,1988-03-29
9126000,207.0,33,1988-08-01,1988-09-02
9126000,610.0,74,1989-06-03,1989-08-17
9126000,379.0,48,1989-09-04,1989-10-21
9126000,1012.0,139,1989-11-15,1990-04-02
9126000,21.0,6,1991-04-03,1991-04-08
9126000,350.0,32,1991-04-18,1991-05-19
9126000,1869.0,158,1991-10-14,1992-03-19
9126000,3164.0,176,1992-10-01,1993-03-25
9126000,25.0,7,1993-04-23,1993-04-29
9126000,356.0,30,1993-07-31,1993-08-29
9126000,10.0,7,1994-03-03,1994-03-09
9126000,885.0,56,1994-07-23,1994-09-16
9126000,374.0,34,1996-05-29,1996-07-01
9126000,694.0,45,1996-08-08,1996-09-21
9126000,156.0,37,1998-06-08,1998-07-14
9126000,422.0,77,1999-11-09,2000-01-24
9126000,1094.0,108,2000-06-05,2000-09-30
9126000,7.0,9,2001-10-05,2001-10-13
9126000,113.0,44,2002-02-02,2002-03-17
9126000,2990.0,123,2002-05-16,2002-09-15
9126000,387.0,35,2003-07-18,2003-08-21
9126000,35.0,14,2004-06-15,2004-06-29
9126000,58.0,16,2004-07-06,2004-07-21
9126000,42.0,17,2004-08-21,2004-09-06
9126000,45.0,15,2005-04-07,2005-04-21
9126000,140.0,15,2006-05-29,2006-06-12
9126000,57.0,11,2007-05-26,2007-06-05
9126000,40.0,11,2008-03-17,2008-03-27
9126000,28.0,12,2008-04-30,2008-05-11
9126000,2480.0,176,2008-09-07,2009-03-02
9126000,44.0,10,2009-04-04,2009-04-13
9126000,1097.0,89,2009-08-18,2009-11-14
9126000,580.0,69,2010-01-25,2010-04-03
9126000,312.0,36,2010-07-01,2010-08-05
9126000,30.0,8,2010-09-19,2010-09-26
9126000,81.0,14,2011-05-15,2011-05-28
9126000,19.0,12,2012-03-25,2012-04-05
9126000,17.0,6,2012-04-21,2012-04-26
9126000,3921.0,265,2012-05-13,2013-02-01
9126000,1385.0,103,2013-04-19,2013-07-30
9126000,734.0,66,2016-03-23,2016-05-27
9126000,498.0,128,2016-11-15,2017-03-23
9126000,57.0,14,2017-04-09,2017-04-22
9126000,69.0,11,2017-04-30,2017-05-10
9126000,83.0,13,2017-05-20,2017-06-01
9126000,9213.0,484,2018-02-02,2019-06-06
9126000,23679.0,1213,2019-09-10,2023-02-01
9188500,148.0,12,1983-05-16,1983-05-27
9188500,280.0,19,1984-05-04,1984-05-22
9188500,1068.0,130,1985-05-23,1985-10-03
9188500,278.0,21,1987-03-31,1987-04-20
9188500,7425.0,303,1988-06-02,1989-03-31
9188500,82.0,17,1989-05-29,1989-06-14
9188500,55.0,12,1989-06-25,1989-07-06
9188500,228.0,66,1989-07-23,1989-09-26
9188500,365.0,115,1989-12-14,1990-04-07
9188500,1903.0,150,1990-05-20,1990-10-16
9188500,18.0,6,1991-04-05,1991-04-13
9188500,705.0,36,1991-04-15,1991-05-20
9188500,2889.0,290,1991-12-10,1992-09-30
9188500,212.0,31,1994-04-06,1994-05-06
9188500,12.0,6,1994-05-25,1994-05-30
9188500,2868.0,188,1994-06-05,1994-12-09
9188500,185.0,20,1995-04-30,1995-05-19
9188500,1006.0,91,1996-10-03,1997-01-02
9188500,300.0,21,1999-04-08,1999-04-28
9188500,901.0,111,2000-01-03,2000-04-22
9188500,138.0,31,2000-06-13,2000-07-13
9188500,12509.0,562,2000-09-20,2002-04-05
9188500,1997.0,247,2002-06-10,2003-02-13
9188500,4054.0,317,2003-05-12,2004-03-29
9188500,325.0,21,2004-05-21,2004-06-10
9188500,10.0,8,2004-06-16,2004-06-23
9188500,2858.0,197,2006-05-31,2006-12-13
9188500,1638.0,112,2007-05-24,2007-09-12
9188500,465.0,38,2008-04-13,2008-05-21
9188500,38.0,56,2010-02-14,2010-04-14
9188500,162.0,20,2010-05-09,2010-05-28
9188500,1323.0,176,2010-10-17,2011-04-10
9188500,3946.0,214,2012-09-26,2013-05-17
9188500,0.0,8,2013-09-13,2013-09-20
9188500,150.0,18,2016-04-23,2016-05-10
9188500,55.0,10,2016-05-27,2016-06-05
9188500,15.0,8,2016-07-14,2016-07-21
9188500,0.0,5,2016-07-28,2016-08-01
9188500,655.0,79,2016-08-15,2016-11-01
9188500,58.0,27,2018-04-11,2018-05-08
9188500,4817.0,249,2018-09-29,2019-06-04
9188500,522.0,32,2020-03-31,2020-05-01
9188500,3184.0,208,2020-10-28,2021-05-24
9188500,20.0,22,2021-07-07,2021-07-28
9188500,0.0,6,2021-08-03,2021-08-08
9188500,555.0,42,2022-04-21,2022-06-03
9342500,327.0,34,1983-04-16,1983-05-19
9342500,38.0,9,1987-04-24,1987-05-02
9342500,4.0,5,1989-02-15,1989-02-19
9342500,12.0,16,1989-02-25,1989-03-12
9342500,16.0,22,1996-06-07,1996-06-28
9342500,12.0,16,1996-09-06,1996-09-21
9342500,22.0,10,2002-03-26,2002-04-04
9342500,13820.0,671,2002-04-23,2004-03-27
9342500,2323.0,198,2004-05-19,2004-12-10
9342500,18.0,20,2004-12-16,2005-01-05
9342500,164.0,28,2005-04-12,2005-05-09
9342500,542.0,67,2005-07-30,2005-10-04
9342500,1885.0,130,2006-03-31,2006-08-07
9342500,123.0,35,2007-05-04,2007-06-07
9342500,130.0,41,2007-06-30,2007-08-09
9342500,1077.0,137,2007-11-11,2008-03-29
9342500,3385.0,211,2008-09-20,2009-05-04
9342500,222.0,53,2009-05-19,2009-07-10
9342500,4344.0,261,2009-08-08,2010-04-25
9342500,6881.0,627,2010-05-28,2012-04-05
9342500,11563.0,500,2012-04-25,2013-09-06
9342500,1751.0,166,2014-05-07,2014-11-10
9342500,4.0,5,2014-12-12,2014-12-16
9342500,127.0,51,2015-01-06,2015-02-25
9342500,276.0,27,2015-05-01,2015-05-27
9342500,66.0,30,2015-09-23,2015-10-25
9342500,865.0,45,2016-04-06,2016-05-20
9342500,519.0,113,2016-10-25,2017-02-14
9342500,482.0,39,2018-03-20,2018-04-30
9342500,4498.0,349,2018-05-10,2019-04-26
9342500,4195.0,206,2019-10-07,2020-04-29
9342500,14.0,19,2020-07-10,2020-07-28
9342500,1398.0,121,2020-08-09,2020-12-07
9342500,282.0,45,2021-03-13,2021-04-26
9342500,45.0,12,2021-10-02,2021-10-13
9342500,721.0,62,2022-02-20,2022-04-22
9474000,314.0,52,1989-08-14,1989-10-07
9474000,4027.0,284,1989-10-13,1990-07-25
9474000,150.0,15,1990-07-29,1990-08-13
9474000,177.0,25,1990-08-22,1990-09-17
9474000,339.0,66,1990-09-25,1990-12-02
9474000,8.0,8,1994-09-29,1994-10-09
9474000,50.0,12,1996-01-19,1996-01-30
9474000,3304.0,275,1996-02-05,1996-11-09
9474000,912.0,73,1997-07-16,1997-09-28
9474000,1302.0,153,1999-03-08,1999-08-09
9474000,5469.0,306,1999-12-03,2000-10-13
9474000,5542.0,299,2001-11-25,2002-09-21
9474000,1366.0,129,2002-10-18,2003-02-26
9474000,39.0,6,2003-07-22,2003-07-27
9474000,2442.0,216,2003-08-03,2004-03-20
9474000,10.0,7,2004-10-07,2004-10-16
9474000,2023.0,176,2006-01-27,2006-07-28
9474000,2056.0,171,2009-08-02,2010-01-21
9474000,1804.0,205,2011-02-21,2011-09-18
9474000,2357.0,184,2011-09-22,2012-03-31
9474000,23.0,12,2012-06-27,2012-07-09
9474000,99.0,8,2012-07-26,2012-08-02
9474000,212.0,17,2012-08-08,2012-08-27
9474000,68.0,9,2012-08-31,2012-09-09
9474000,2296.0,140,2012-09-19,2013-02-11
9474000,13.0,8,2013-02-13,2013-02-20
9474000,557.0,135,2013-02-27,2013-07-14
9474000,40.0,8,2013-07-25,2013-08-01
9474000,20.0,8,2013-08-14,2013-08-25
9474000,65.0,89,2014-04-02,2014-07-01
9474000,8.0,7,2014-07-07,2014-07-15
9474000,4893.0,295,2017-11-11,2018-09-03
9474000,3693.0,156,2018-09-05,2019-02-14
9474000,919.0,72,2019-07-16,2019-09-27
9474000,1161.0,53,2019-10-03,2019-11-24
9474000,7364.0,310,2020-09-14,2021-07-27
9474000,286.0,14,2021-08-01,2021-08-14
9474000,215.0,11,2021-08-24,2021-09-04
9474000,6451.0,321,2021-09-08,2022-08-08
9288180,36425.0,2123,1987-06-05,1993-03-28
9288180,8326.0,721,2002-03-31,2004-03-24
9288180,4.0,5,2004-04-16,2004-04-21
9288180,626.0,209,2004-05-21,2004-12-15
9288180,336.0,99,2007-12-16,2008-03-23
9288180,157.0,61,2010-04-04,2010-06-04
9288180,201.0,62,2013-03-21,2013-05-21
9288180,2302.0,357,2018-04-21,2019-04-14
9288180,13845.0,730,2021-02-02,2023-02-01
9404450,20972.0,1117,1990-02-07,1993-03-10
9404450,38.0,12,1997-02-22,1997-03-05
9404450,81.0,21,1997-03-28,1997-04-19
9404450,60.0,49,1997-04-26,1997-06-13
9404450,7.0,9,1997-07-11,1997-07-19
9404450,7.0,9,1997-08-17,1997-08-25
9404450,18.0,21,1997-09-26,1997-10-19
9404450,54.0,21,1997-11-21,1997-12-11
9404450,126.0,38,1998-01-24,1998-03-05
9404450,5642.0,391,2000-03-01,2001-04-11
9404450,156.0,56,2001-04-19,2001-06-13
9404450,15.0,21,2001-06-29,2001-07-19
9404450,10.0,14,2001-08-12,2001-08-25
9404450,24.0,29,2001-09-18,2001-10-19
9404450,25162.0,1107,2001-10-28,2004-11-10
9404450,99.0,25,2008-02-27,2008-03-26
9404450,70.0,23,2009-02-02,2009-02-28
9404450,12.0,6,2009-03-19,2009-03-26
9404450,233.0,108,2009-03-28,2009-07-19
9404450,17.0,23,2009-08-03,2009-08-25
9404450,28.0,35,2009-09-12,2009-10-19
9404450,1290.0,160,2009-10-22,2010-04-03
9404450,437.0,221,2013-05-05,2013-12-11
9404450,6287.0,663,2014-03-29,2016-01-23
9404450,10397.0,647,2021-04-26,2023-02-01
9180000,309.0,75,1989-06-01,1989-08-14
9180000,11.0,15,1989-10-11,1989-10-25
9180000,2010.0,161,1989-11-27,1990-05-06
9180000,171.0,37,1990-06-18,1990-07-24
9180000,117.0,43,1990-08-15,1990-09-26
9180000,35.0,15,1994-05-02,1994-05-16
9180000,2392.0,181,1994-08-07,1995-02-03
9180000,5287.0,348,1995-12-28,1996-12-10
9180000,266.0,64,1998-09-12,1998-11-14
9180000,139.0,27,1999-04-06,1999-05-02
9180000,3262.0,354,2000-05-29,2001-05-17
9180000,4.0,5,2001-08-02,2001-08-06
9180000,6178.0,364,2001-11-01,2002-10-30
9180000,5.0,7,2003-04-25,2003-05-01
9180000,12.0,6,2003-05-17,2003-05-22
9180000,5.0,7,2003-06-11,2003-06-17
9180000,506.0,55,2003-07-19,2003-09-11
9180000,10.0,14,2004-03-05,2004-03-19
9180000,266.0,44,2004-08-19,2004-10-01
9180000,1603.0,111,2006-05-12,2006-08-30
9180000,67.0,15,2007-05-25,2007-06-08
9180000,434.0,112,2008-11-14,2009-03-14
9180000,209.0,45,2009-03-25,2009-05-08
9180000,1837.0,214,2009-08-31,2010-04-01
9180000,131.0,23,2011-05-07,2011-05-29
9180000,8197.0,461,2012-05-12,2013-08-18
9180000,11.0,5,2014-05-19,2014-05-23
9180000,46.0,9,2017-05-03,2017-05-11
9180000,15.0,14,2017-09-27,2017-10-10
9180000,12570.0,555,2017-10-26,2019-05-31
9180000,14543.0,802,2019-10-03,2021-12-27
9180000,1480.0,176,2022-02-04,2022-08-01
9337000,14.0,6,1985-03-26,1985-04-01
9337000,77.0,12,1985-04-05,1985-04-16
9337000,20856.0,1069,1989-04-28,1992-04-03
9337000,192.0,242,1994-05-13,1995-01-11
9337000,105.0,53,1995-01-17,1995-03-15
9337000,6181.0,368,1996-04-14,1997-04-16
9337000,3347.0,339,2000-04-14,2001-03-20
9337000,12344.0,726,2002-04-04,2004-04-01
9337000,20.0,10,2008-03-30,2008-04-11
9337000,82.0,45,2008-04-18,2008-06-04
9337000,9.0,12,2008-10-07,2008-10-22
9337000,5268.0,505,2008-10-28,2010-04-03
9337000,8511.0,395,2018-03-18,2019-04-18
9337000,15.0,10,2020-04-12,2020-04-26
9337000,6641.0,684,2021-03-16,2023-02-01
9306222,307.0,23,1987-07-04,1987-07-26
9306222,246.0,20,1988-07-06,1988-07-25
9306222,26.0,12,1989-02-27,1989-03-10
9306222,71.0,11,1989-06-04,1989-06-14
9306222,577.0,35,1989-06-22,1989-07-26
9306222,18924.0,871,1990-01-27,1992-07-25
9306222,223.0,82,1992-11-06,1993-01-26
9306222,20.0,11,1994-02-27,1994-03-09
9306222,210.0,34,1994-03-23,1994-04-28
9306222,4.0,6,1994-05-05,1994-05-10
9306222,23.0,8,1994-05-18,1994-05-25
9306222,122.0,14,1994-06-01,1994-06-14
9306222,627.0,37,1994-06-20,1994-07-26
9306222,139.0,37,1994-12-26,1995-01-31
9306222,127.0,14,1996-07-12,1996-07-25
9306222,325.0,24,1999-04-04,1999-04-27
9306222,20597.0,1344,2000-04-19,2004-03-07
9306222,4289.0,278,2004-03-22,2004-12-24
9306222,327.0,24,2006-07-03,2006-07-26
9306222,348.0,25,2007-07-02,2007-07-26
9306222,16.0,8,2008-02-27,2008-03-09
9306222,107.0,30,2010-02-16,2010-03-17
9306222,980.0,82,2012-05-04,2012-07-25
9306222,1429.0,137,2012-12-29,2013-05-25
9306222,1691.0,158,2013-06-01,2013-11-06
9306222,77.0,28,2017-02-27,2017-03-26
9306222,14500.0,729,2017-04-07,2019-04-05
9306222,28.0,5,2019-07-22,2019-07-26
9306222,531.0,65,2020-02-01,2020-04-05
9306222,13.0,5,2020-05-20,2020-05-24
9306222,9290.0,678,2020-05-30,2022-05-10
9306222,184.0,25,2022-05-17,2022-06-14
9306222,388.0,27,2022-06-30,2022-07-26
9266500,90.0,13,1983-04-13,1983-04-28
9266500,170.0,13,1983-05-13,1983-05-25
9266500,28.0,8,1984-04-13,1984-04-21
9266500,220.0,14,1984-04-26,1984-05-09
9266500,21.0,5,1987-06-02,1987-06-06
9266500,9680.0,646,1988-06-08,1990-04-06
9266500,53.0,26,1990-10-01,1990-10-27
9266500,18.0,5,1991-04-11,1991-04-15
9266500,821.0,146,1991-11-09,1992-04-02
9266500,211.0,29,1992-05-29,1992-06-27
9266500,24.0,6,1992-06-30,1992-07-06
9266500,2319.0,195,1992-10-05,1993-04-21
9266500,580.0,76,1994-07-27,1994-10-11
9266500,16.0,5,1995-05-13,1995-05-18
9266500,189.0,22,1997-04-05,1997-05-02
9266500,151.0,13,1999-05-11,1999-05-23
9266500,36.0,23,2000-07-06,2000-08-01
9266500,336.0,49,2000-08-08,2000-09-27
9266500,6899.0,369,2001-09-23,2002-10-04
9266500,44.0,7,2003-05-17,2003-05-23
9266500,3493.0,184,2003-09-29,2004-03-30
9266500,18.0,5,2006-05-30,2006-06-03
9266500,583.0,94,2006-06-13,2006-09-14
9266500,21.0,6,2007-05-12,2007-05-17
9266500,15.0,7,2007-05-24,2007-05-30
9266500,44.0,13,2007-06-07,2007-06-21
9266500,1304.0,95,2007-07-02,2007-10-05
9266500,14.0,19,2008-02-09,2008-02-28
9266500,613.0,48,2008-03-24,2008-05-15
9266500,644.0,170,2009-11-06,2010-04-26
9266500,702.0,33,2010-04-30,2010-06-01
9266500,83.0,27,2010-10-12,2010-11-08
9266500,745.0,41,2011-04-26,2011-06-05
9266500,50.0,8,2012-04-24,2012-05-03
9266500,11051.0,510,2012-05-06,2013-09-30
9266500,393.0,40,2014-04-18,2014-05-29
9266500,29.0,13,2014-06-22,2014-07-08
9266500,130.0,28,2014-07-10,2014-08-08
9266500,6.0,5,2015-06-04,2015-06-10
9266500,6.0,8,2016-02-02,2016-02-10
9266500,22.0,30,2016-02-21,2016-03-23
9266500,43.0,12,2016-03-27,2016-04-08
9266500,39.0,6,2016-04-19,2016-04-28
9266500,47.0,34,2016-08-18,2016-09-21
9266500,5505.0,334,2018-05-19,2019-04-17
9266500,3615.0,221,2019-09-26,2020-05-03
9266500,9203.0,444,2020-05-28,2021-08-18
9266500,202.0,26,2022-04-19,2022-05-15
9266500,26.0,5,2022-05-24,2022-05-28
9266500,256.0,30,2022-06-04,2022-07-09
9266500,1298.0,140,2022-09-15,2023-02-01
10259300,70.0,23,1984-04-11,1984-05-05
10259300,13.0,6,1988-12-27,1989-01-02
10259300,26.0,5,1989-01-08,1989-01-15
10259300,30.0,8,1989-02-28,1989-03-09
10259300,282.0,59,1989-05-05,1989-07-10
10259300,310.0,41,1989-07-13,1989-08-26
10259300,48.0,9,1989-09-11,1989-09-23
10259300,2462.0,174,1989-09-29,1990-03-31
10259300,5546.0,279,1990-05-20,1991-02-27
10259300,313.0,61,1997-03-11,1997-05-17
10259300,6.0,5,1997-06-17,1997-06-21
10259300,13.0,5,1999-02-09,1999-02-14
10259300,1491.0,135,1999-02-18,1999-07-04
10259300,49.0,14,1999-07-11,1999-07-25
10259300,36.0,12,1999-07-29,1999-08-10
10259300,140.0,21,1999-08-24,1999-09-15
10259300,54.0,7,1999-09-21,1999-09-27
10259300,1678.0,141,1999-10-07,2000-03-08
10259300,4870.0,269,2000-05-28,2001-03-04
10259300,14.0,6,2001-08-30,2001-09-06
10259300,11254.0,508,2001-09-10,2003-02-11
10259300,127.0,23,2003-10-19,2003-11-11
10259300,426.0,52,2004-01-03,2004-02-25
10259300,28.0,8,2004-07-27,2004-08-03
10259300,97.0,26,2004-08-10,2004-09-09
10259300,365.0,35,2004-09-15,2004-10-19
10259300,19.0,6,2006-02-23,2006-03-03
10259300,7567.0,381,2007-01-03,2008-01-26
10259300,21.0,6,2008-11-20,2008-11-25
10259300,40.0,11,2008-12-04,2008-12-14
10259300,90.0,30,2009-11-01,2009-12-06
10259300,175.0,26,2012-02-28,2012-03-28
10259300,21.0,5,2012-04-05,2012-04-09
10259300,2843.0,236,2012-12-25,2013-08-31
10259300,8568.0,439,2013-09-03,2014-12-02
10259300,63.0,10,2015-02-13,2015-02-22
10259300,817.0,76,2015-03-25,2015-06-12
10259300,460.0,52,2015-06-16,2015-08-17
10259300,423.0,48,2015-08-20,2015-10-14
10259300,41.0,9,2015-10-26,2015-11-03
10259300,375.0,47,2015-11-18,2016-01-05
10259300,785.0,90,2016-03-14,2016-06-14
10259300,76.0,14,2016-07-08,2016-07-26
10259300,408.0,57,2016-07-30,2016-09-28
10259300,1288.0,113,2018-02-23,2018-06-18
10259300,39.0,26,2018-06-22,2018-07-22
10259300,51.0,10,2018-10-02,2018-10-11
10259300,4261.0,314,2021-02-09,2021-12-28
10259300,3539.0,250,2021-12-30,2022-09-13
10259300,124.0,20,2022-09-16,2022-10-11
10259300,23.0,5,2022-10-24,2022-10-28
10259300,8.0,7,2022-11-29,2022-12-07
10259300,96.0,14,2022-12-15,2022-12-28
9512800,371.0,43,1989-12-01,1990-01-22
9512800,353.0,25,1990-01-27,1990-02-22
9512800,215.0,17,1990-02-26,1990-03-16
9512800,60.0,8,1990-04-15,1990-04-24
9512800,453.0,66,1990-04-28,1990-07-06
9512800,69.0,8,1990-07-27,1990-08-06
9512800,34.0,6,1990-08-25,1990-08-30
9512800,26.0,5,1990-09-10,1990-09-14
9512800,27.0,8,1990-12-27,1991-01-03
9512800,321.0,46,1991-01-10,1991-02-27
9512800,14.0,6,1996-03-05,1996-03-12
9512800,12.0,7,1996-03-17,1996-03-24
9512800,41.0,13,1996-04-04,1996-04-16
9512800,294.0,62,1996-05-06,1996-07-15
9512800,606.0,45,1996-07-19,1996-09-10
9512800,1918.0,115,1996-09-17,1997-01-18
9512800,1560.0,68,1997-01-20,1997-04-02
9512800,2898.0,137,1997-04-12,1997-09-03
9512800,1820.0,88,1997-09-19,1997-12-27
9512800,266.0,18,1998-01-16,1998-02-03
9512800,58.0,23,1999-02-23,1999-03-21
9512800,17.0,7,1999-04-14,1999-04-21
9512800,23.0,12,1999-05-06,1999-05-17
9512800,38.0,8,1999-05-25,1999-06-01
9512800,172.0,38,1999-06-11,1999-07-30
9512800,71.0,7,1999-08-10,1999-08-17
9512800,70.0,13,1999-08-27,1999-09-12
9512800,7.0,6,1999-12-18,1999-12-25
9512800,673.0,58,2000-01-06,2000-03-05
9512800,91.0,8,2000-03-19,2000-03-28
9512800,643.0,75,2000-04-02,2000-06-18
9512800,443.0,35,2000-06-27,2000-08-06
9512800,80.0,6,2000-08-11,2000-08-18
9512800,417.0,36,2000-09-03,2000-10-11
9512800,72.0,8,2000-10-14,2000-10-21
9512800,5236.0,229,2002-01-20,2002-09-06
9512800,4194.0,156,2002-09-14,2003-02-25
9512800,96.0,8,2003-03-08,2003-03-16
9512800,173.0,16,2003-03-23,2003-04-11
9512800,97.0,29,2003-04-19,2003-05-17
9512800,78.0,13,2003-07-11,2003-07-23
9512800,91.0,14,2003-08-05,2003-08-26
9512800,17.0,6,2003-09-01,2003-09-06
9512800,205.0,47,2003-09-21,2003-11-11
9512800,1994.0,129,2003-11-19,2004-04-01
9512800,3329.0,183,2004-04-10,2004-10-27
9512800,179.0,15,2004-11-02,2004-11-21
9512800,50.0,12,2006-06-13,2006-06-27
9512800,28.0,5,2006-07-01,2006-07-05
9512800,356.0,30,2006-07-11,2006-08-16
9512800,7090.0,318,2006-08-19,2007-07-22
9512800,2969.0,117,2007-08-05,2007-12-07
9512800,1040.0,43,2007-12-11,2008-01-26
9512800,80.0,16,2008-04-01,2008-04-16
9512800,184.0,18,2008-07-16,2008-08-08
9512800,228.0,28,2008-08-13,2008-09-19
9512800,1162.0,88,2008-09-21,2009-01-01
9512800,169.0,15,2009-01-07,2009-01-22
9512800,59.0,11,2009-02-02,2009-02-16
9512800,182.0,25,2009-03-17,2009-04-10
9512800,92.0,33,2009-04-19,2009-05-21
9512800,173.0,36,2009-05-28,2009-07-02
9512800,2570.0,143,2009-07-09,2009-12-13
9512800,798.0,34,2009-12-17,2010-01-19
9512800,24.0,6,2011-07-15,2011-07-23
9512800,9.0,6,2011-07-25,2011-08-01
9512800,20.0,7,2011-08-14,2011-08-21
9512800,6.0,8,2011-10-25,2011-11-03
9512800,99.0,12,2011-11-20,2011-12-01
9512800,43.0,6,2011-12-07,2011-12-12
9512800,3438.0,224,2011-12-24,2012-08-17
9512800,202.0,13,2012-08-26,2012-09-10
9512800,1507.0,89,2012-09-15,2012-12-13
9512800,560.0,34,2012-12-22,2013-01-25
9512800,79.0,14,2013-03-29,2013-04-11
9512800,102.0,19,2013-07-31,2013-08-24
9512800,222.0,50,2016-02-20,2016-04-20
9512800,151.0,40,2016-05-13,2016-06-29
9512800,169.0,14,2016-07-06,2016-07-23
9512800,66.0,7,2016-07-25,2016-07-31
9512800,80.0,10,2016-08-14,2016-08-24
9512800,100.0,14,2016-09-06,2016-09-20
9512800,20.0,10,2016-10-04,2016-10-16
9512800,16.0,9,2016-10-22,2016-11-02
9512800,192.0,36,2016-11-08,2016-12-21
9512800,2204.0,156,2018-02-04,2018-07-13
9512800,345.0,18,2018-07-23,2018-08-15
9512800,74.0,5,2018-08-18,2018-08-23
9512800,688.0,34,2018-08-29,2018-10-01
9512800,590.0,71,2018-10-19,2019-01-05
9512800,28.0,5,2019-01-28,2019-02-02
9512800,1623.0,141,2021-02-08,2021-06-30
9512800,147.0,8,2021-08-04,2021-08-11
9512800,130.0,8,2021-08-22,2021-08-29
9512800,252.0,18,2021-09-06,2021-09-25
9512800,4202.0,257,2021-10-09,2022-07-19
9512800,266.0,17,2022-08-31,2022-09-21
9512800,96.0,15,2022-09-27,2022-10-14
9512800,23.0,12,2022-10-23,2022-11-03
9512800,11.0,5,2022-12-08,2022-12-13
9512800,19.0,9,2022-12-16,2022-12-27
9419000,5.0,21,1987-03-04,1987-03-24
9419000,13268.0,844,1989-10-18,1992-02-11
9419000,4.0,5,1996-10-22,1996-10-27
9419000,36.0,45,1996-10-29,1996-12-17
9419000,51.0,16,2000-02-05,2000-02-21
9419000,14260.0,735,2002-02-23,2004-03-03
9419000,2749.0,208,2004-03-24,2004-10-21
9419000,831.0,207,2007-02-25,2007-09-24
9419000,1169.0,142,2007-09-28,2008-02-22
9419000,2242.0,337,2008-03-15,2009-02-18
9419000,0.0,8,2009-07-25,2009-08-05
9419000,0.0,5,2009-08-19,2009-08-23
9419000,659.0,137,2009-09-04,2010-01-19
9419000,62.0,25,2014-03-05,2014-03-29
9419000,13.0,11,2014-05-26,2014-06-05
9419000,25.0,41,2014-06-25,2014-08-06
9419000,0.0,10,2014-08-09,2014-08-18
9419000,8.0,13,2014-08-24,2014-09-07
9419000,1821.0,291,2014-12-15,2015-10-17
9419000,7368.0,404,2018-01-23,2019-03-03
9419000,561.0,54,2019-04-01,2019-05-25
9419000,60.0,17,2019-06-06,2019-06-24
9419000,152.0,28,2020-02-15,2020-03-14
9419000,15859.0,734,2020-12-26,2023-01-07
9415000,26.0,9,1989-02-07,1989-02-16
9415000,11021.0,729,1989-03-16,1991-03-24
9415000,74.0,24,1991-04-11,1991-05-06
9415000,885.0,136,1991-09-27,1992-02-12
9415000,4.0,5,1994-11-23,1994-11-30
9415000,9.0,5,1996-04-04,1996-04-08
9415000,1808.0,234,1996-04-22,1996-12-28
9415000,723.0,64,1999-12-26,2000-03-02
9415000,8.0,7,2000-05-24,2000-05-31
9415000,121.0,45,2000-07-11,2000-08-29
9415000,348.0,52,2000-09-04,2000-10-27
9415000,60.0,14,2001-12-21,2002-01-08
9415000,9011.0,400,2002-01-19,2003-03-02
9415000,9.0,5,2003-08-20,2003-08-26
9415000,851.0,116,2003-09-10,2004-01-08
9415000,27.0,7,2004-02-17,2004-02-23
9415000,6.0,5,2006-03-05,2006-03-10
9415000,6625.0,333,2007-02-10,2008-01-14
9415000,80.0,66,2008-05-03,2008-07-16
9415000,2171.0,175,2008-07-26,2009-01-23
9415000,9.0,9,2009-03-26,2009-04-04
9415000,10.0,10,2009-04-10,2009-04-20
9415000,1508.0,144,2009-09-09,2010-02-06
9415000,1604.0,189,2012-02-27,2012-09-10
9415000,3740.0,311,2012-10-25,2013-09-09
9415000,2579.0,218,2014-02-15,2014-09-26
9415000,6.0,5,2015-02-25,2015-03-01
9415000,144.0,37,2016-03-01,2016-04-09
9415000,7494.0,381,2018-01-14,2019-02-03
9415000,8448.0,356,2021-01-02,2021-12-30
9415000,38.0,8,2022-01-07,2022-01-15
9415000,2496.0,190,2022-01-17,2022-07-27
9415000,80.0,9,2022-08-04,2022-08-12
9444500,4.0,5,1989-04-12,1989-04-17
9444500,7.0,6,1989-08-06,1989-08-14
9444500,483.0,47,1989-08-18,1989-10-08
9444500,4620.0,331,1989-10-16,1990-09-26
9444500,9.0,5,1990-11-17,1990-11-21
9444500,70.0,13,1996-01-21,1996-02-03
9444500,3246.0,219,1996-02-09,1996-09-17
9444500,392.0,32,1996-09-25,1996-10-29
9444500,181.0,25,1997-01-16,1997-02-13
9444500,10.0,7,1997-02-20,1997-03-01
9444500,38.0,8,1997-03-04,1997-03-11
9444500,50.0,15,1997-08-10,1997-08-26
9444500,77.0,18,1997-09-05,1997-09-23
9444500,29.0,9,1998-02-16,1998-02-26
9444500,16.0,5,1998-03-12,1998-03-16
9444500,200.0,36,1999-03-07,1999-04-11
9444500,37.0,37,1999-04-18,1999-05-25
9444500,4343.0,266,2000-01-20,2000-10-12
9444500,5047.0,284,2001-11-21,2002-09-10
9444500,13.0,5,2002-10-04,2002-10-10
9444500,577.0,83,2002-10-22,2003-01-25
9444500,250.0,31,2003-08-13,2003-09-17
9444500,361.0,53,2003-09-19,2003-11-11
9444500,102.0,32,2003-11-26,2004-01-04
9444500,426.0,37,2004-01-25,2004-03-01
9444500,1427.0,153,2006-02-01,2006-07-06
9444500,34.0,16,2009-03-26,2009-04-14
9444500,297.0,43,2009-07-14,2009-08-27
9444500,2271.0,136,2009-09-06,2010-01-21
9444500,4.0,5,2010-12-12,2010-12-16
9444500,92.0,18,2011-01-06,2011-01-23
9444500,129.0,16,2011-02-04,2011-02-19
9444500,1219.0,162,2011-02-27,2011-08-18
9444500,9.0,6,2011-09-02,2011-09-08
9444500,36.0,13,2011-10-05,2011-10-21
9444500,188.0,44,2011-10-27,2011-12-11
9444500,34.0,8,2011-12-26,2012-01-02
9444500,13.0,6,2012-01-09,2012-01-14
9444500,103.0,21,2012-07-24,2012-08-16
9444500,1729.0,157,2012-08-18,2013-01-28
9444500,31.0,23,2013-06-14,2013-07-07
9444500,17.0,6,2016-07-31,2016-08-05
9444500,109.0,15,2016-08-21,2016-09-06
9444500,154.0,14,2016-09-19,2016-10-03
9444500,663.0,73,2016-10-09,2016-12-24
9444500,759.0,120,2017-03-21,2017-07-19
9444500,34.0,6,2017-07-25,2017-07-31
9444500,100.0,10,2017-08-28,2017-09-09
9444500,13266.0,552,2017-09-11,2019-03-20
9444500,3667.0,222,2019-04-14,2019-12-01
9444500,262.0,32,2019-12-17,2020-01-19
9444500,48.0,16,2020-01-26,2020-02-11
9444500,23.0,25,2020-05-20,2020-06-13
9444500,9351.0,396,2020-07-02,2021-08-16
9444500,135.0,11,2021-08-20,2021-08-30
9444500,68.0,13,2021-09-14,2021-09-27
9444500,1401.0,81,2021-10-07,2021-12-31
9444500,4398.0,219,2022-01-02,2022-08-14
9497980,1090.0,207,1984-02-28,1984-09-24
9497980,296.0,44,1984-10-07,1984-11-22
9497980,21.0,9,1987-08-17,1987-08-27
9497980,291.0,34,1987-09-25,1987-10-29
9497980,26.0,5,1987-11-09,1987-11-13
9497980,873.0,72,1989-10-12,1990-01-02
9497980,5236.0,325,1990-01-06,1990-12-15
9497980,25.0,7,1991-11-04,1991-11-14
9497980,52.0,14,1991-11-20,1991-12-03
9497980,27.0,7,1993-08-15,1993-08-25
9497980,16.0,5,1994-11-28,1994-12-02
9497980,232.0,27,1995-10-08,1995-11-05
9497980,10133.0,423,1995-11-07,1997-01-12
9497980,142.0,31,1997-07-23,1997-08-24
9497980,991.0,95,1997-08-31,1997-12-06
9497980,207.0,9,1997-12-12,1997-12-20
9497980,12.0,6,1998-01-29,1998-02-03
9497980,174.0,34,1998-10-27,1998-12-01
9497980,4432.0,210,1998-12-10,1999-07-14
9497980,942.0,41,1999-07-18,1999-08-30
9497980,229.0,9,1999-09-06,1999-09-14
9497980,213.0,14,1999-09-28,1999-10-11
9497980,333.0,65,1999-10-21,1999-12-24
9497980,889.0,66,2000-01-01,2000-03-06
9497980,24.0,9,2000-07-20,2000-07-31
9497980,13.0,5,2000-08-17,2000-08-23
9497980,162.0,18,2000-09-17,2000-10-05
9497980,48.0,5,2000-10-15,2000-10-19
9497980,9454.0,400,2002-01-18,2003-02-25
9497980,318.0,41,2003-09-28,2003-11-11
9497980,73.0,20,2003-11-17,2003-12-07
9497980,760.0,86,2004-01-02,2004-04-02
9497980,2913.0,211,2004-04-12,2004-11-21
9497980,2733.0,154,2005-10-12,2006-03-24
9497980,4983.0,190,2006-03-26,2006-10-08
9497980,2983.0,112,2006-10-10,2007-02-04
9497980,13.0,5,2007-02-07,2007-02-11
9497980,2420.0,144,2007-02-25,2007-07-25
9497980,1065.0,42,2007-08-10,2007-09-24
9497980,1700.0,63,2007-09-26,2007-11-29
9497980,269.0,47,2009-07-21,2009-09-08
9497980,2443.0,130,2009-09-11,2010-01-19
9497980,23.0,8,2011-07-21,2011-08-01
9497980,63.0,19,2011-08-06,2011-08-27
9497980,748.0,86,2011-09-13,2011-12-11
9497980,3045.0,189,2012-01-08,2012-07-24
9497980,3649.0,137,2012-07-27,2012-12-13
9497980,37.0,10,2013-08-14,2013-08-25
9497980,45.0,15,2014-02-12,2014-02-28
9497980,17.0,10,2014-03-17,2014-03-30
9497980,7.0,6,2014-04-07,2014-04-12
9497980,9.0,5,2015-08-18,2015-08-23
9497980,47.0,7,2015-09-28,2015-10-04
9497980,152.0,18,2015-10-11,2015-11-03
9497980,32.0,7,2015-11-09,2015-11-15
9497980,32.0,11,2015-11-28,2015-12-08
9497980,8.0,8,2016-03-05,2016-03-15
9497980,13.0,5,2016-04-03,2016-04-07
9497980,1961.0,157,2016-07-11,2016-12-21
9497980,5409.0,285,2017-10-31,2018-08-26
9497980,901.0,35,2018-08-28,2018-10-06
9497980,2192.0,82,2018-10-10,2019-01-05
9497980,71.0,10,2019-01-23,2019-02-02
9497980,227.0,34,2019-10-16,2019-11-18
9497980,503.0,80,2020-11-03,2021-01-24
9497980,3869.0,164,2021-02-04,2021-07-21
9497980,60.0,5,2021-08-05,2021-08-09
9497980,708.0,131,2022-03-08,2022-07-29
9497980,583.0,83,2022-09-01,2022-12-02
9497980,42.0,7,2022-12-15,2022-12-22
9346400,18.0,8,1983-05-18,1983-05-25
9346400,19.0,9,1989-03-02,1989-03-10
9346400,4.0,5,1989-07-25,1989-07-29
9346400,40.0,12,1990-03-04,1990-03-15
9346400,517.0,120,1996-05-30,1996-09-26
9346400,11.0,15,2000-08-20,2000-09-03
9346400,14166.0,753,2002-03-11,2004-04-03
9346400,2296.0,235,2004-05-20,2005-01-10
9346400,2696.0,154,2006-03-20,2006-08-20
9346400,17.0,13,2007-05-10,2007-05-26
9346400,241.0,66,2007-11-18,2008-01-22
9346400,1317.0,130,2008-10-25,2009-03-03
9346400,209.0,25,2009-04-12,2009-05-06
9346400,9.0,12,2009-06-04,2009-06-15
9346400,9.0,12,2009-06-29,2009-07-10
9346400,2540.0,234,2009-07-31,2010-03-21
9346400,17450.0,1021,2010-10-02,2013-09-17
9346400,1904.0,182,2014-05-04,2014-11-17
9346400,279.0,50,2015-01-11,2015-03-01
9346400,166.0,34,2015-05-01,2015-06-03
9346400,132.0,51,2015-09-05,2015-10-25
9346400,677.0,52,2016-04-04,2016-05-25
9346400,717.0,100,2016-10-29,2017-02-05
9346400,7840.0,411,2018-03-16,2019-04-30
9346400,4059.0,203,2019-10-13,2020-05-02
9346400,3329.0,317,2020-05-26,2021-05-17
9346400,10.0,14,2021-07-11,2021-07-24
9346400,298.0,41,2021-09-18,2021-10-28
9346400,1161.0,80,2022-02-06,2022-04-26
9346400,10.0,13,2022-06-16,2022-06-28
9372000,6288.0,384,1989-04-25,1990-05-13
9372000,70.0,23,1991-02-14,1991-03-09
9372000,51.0,30,1991-06-05,1991-07-04
9372000,32.0,27,1991-07-12,1991-08-07
9372000,50.0,18,1991-11-03,1991-11-20
9372000,53.0,13,1993-08-24,1993-09-05
9372000,55.0,22,1994-03-04,1994-03-29
9372000,141.0,60,1994-09-02,1994-11-07
9372000,3255.0,248,1995-11-25,1996-07-29
9372000,193.0,34,1998-09-30,1998-11-02
9372000,860.0,55,1999-03-19,1999-05-12
9372000,1473.0,136,1999-11-08,2000-03-22
9372000,2003.0,141,2000-07-04,2000-11-23
9372000,7.0,10,2001-03-31,2001-04-09
9372000,15.0,17,2001-05-17,2001-06-04
9372000,122.0,34,2001-07-31,2001-09-02
9372000,7474.0,365,2001-10-10,2002-10-09
9372000,945.0,82,2003-06-24,2003-09-14
9372000,363.0,85,2003-12-24,2004-03-17
9372000,914.0,62,2004-08-06,2004-10-06
9372000,3244.0,202,2006-01-31,2006-08-21
9372000,21.0,15,2007-04-10,2007-04-24
9372000,901.0,135,2008-09-18,2009-01-30
9372000,3118.0,175,2009-09-06,2010-02-27
9372000,45.0,21,2011-04-16,2011-05-06
9372000,24.0,9,2011-05-13,2011-05-22
9372000,4971.0,357,2012-02-20,2013-02-10
9372000,683.0,100,2013-05-20,2013-08-29
9372000,1000.0,106,2014-03-10,2014-06-23
9372000,151.0,30,2014-08-17,2014-09-17
9372000,4.0,6,2014-12-18,2014-12-23
9372000,65.0,29,2016-11-18,2016-12-16
9372000,9626.0,538,2017-08-30,2019-02-19
9372000,12207.0,682,2019-09-13,2021-08-16
9372000,1744.0,113,2022-03-20,2022-07-11
9144250,337.0,37,1983-04-30,1983-06-05
9144250,34.0,26,1984-03-13,1984-04-07
9144250,6.0,8,1987-10-25,1987-11-01
9144250,307.0,70,1988-03-19,1988-06-06
9144250,241.0,49,1988-07-12,1988-08-29
9144250,162.0,78,1988-12-22,1989-03-10
9144250,3083.0,266,1989-08-24,1990-05-17
9144250,1536.0,143,1990-05-19,1990-10-10
9144250,308.0,27,1991-04-29,1991-05-26
9144250,801.0,132,1991-11-02,1992-03-12
9144250,134.0,27,1994-04-13,1994-05-12
9144250,12.0,16,1994-06-08,1994-06-23
9144250,1040.0,118,1994-08-31,1994-12-26
9144250,173.0,20,1996-09-16,1996-10-06
9144250,61.0,10,1999-04-20,1999-04-29
9144250,561.0,140,2000-06-06,2000-10-23
9144250,1094.0,130,2000-12-26,2001-05-05
9144250,699.0,108,2001-05-30,2001-09-20
9144250,208.0,57,2001-09-24,2001-11-19
9144250,501.0,51,2002-02-25,2002-04-16
9144250,5825.0,297,2002-05-11,2003-04-14
9144250,15.0,7,2003-04-20,2003-04-26
9144250,14.0,19,2004-06-23,2004-07-11
9144250,125.0,34,2004-08-18,2004-09-22
9144250,585.0,79,2007-06-06,2007-08-23
9144250,164.0,64,2009-10-05,2009-12-07
9144250,257.0,45,2010-02-27,2010-04-12
9144250,38.0,8,2010-05-02,2010-05-09
9144250,12.0,7,2010-05-16,2010-05-22
9144250,104.0,16,2012-04-14,2012-04-30
9144250,6455.0,464,2012-05-12,2013-08-18
9144250,769.0,99,2016-11-19,2017-02-26
9144250,19.0,9,2017-03-11,2017-03-19
9144250,4.0,6,2017-05-23,2017-05-29
9144250,11.0,15,2017-12-08,2017-12-22
9144250,10276.0,479,2018-02-02,2019-06-06
9144250,26158.0,1210,2019-10-11,2023-02-01
9304800,261.0,44,1990-03-12,1990-04-24
9304800,119.0,39,1990-05-23,1990-06-30
9304800,5074.0,375,1994-04-16,1995-05-22
9304800,2710.0,308,2000-06-01,2001-04-05
9304800,237.0,60,2001-06-08,2001-08-06
9304800,1843.0,209,2001-09-24,2002-04-20
9304800,7270.0,340,2002-05-11,2003-04-15
9304800,3037.0,230,2003-08-07,2004-03-31
9304800,3092.0,186,2004-05-20,2004-11-21
9304800,966.0,123,2006-05-30,2006-09-29
9304800,2505.0,157,2007-05-17,2007-10-20
9304800,285.0,40,2008-04-02,2008-05-13
9304800,322.0,33,2009-04-10,2009-05-12
9304800,2386.0,213,2009-11-23,2010-06-23
9304800,496.0,64,2010-10-10,2010-12-12
9304800,9456.0,480,2012-05-14,2013-10-07
9304800,315.0,34,2016-04-22,2016-05-25
9304800,2442.0,213,2016-10-29,2017-06-07
9304800,10385.0,682,2017-07-01,2019-05-31
9304800,1249.0,142,2019-12-13,2020-05-15
9304800,7646.0,370,2020-09-29,2021-10-10
9304800,7.0,9,2021-10-21,2021-10-29
9304800,11.0,9,2022-04-25,2022-05-03
9304800,33.0,18,2022-05-13,2022-06-01
9080400,260.0,25,1983-04-28,1983-05-25
9080400,24.0,6,1987-05-03,1987-05-08
9080400,9.0,12,1987-06-07,1987-06-18
9080400,4.0,5,1987-12-02,1987-12-08
9080400,7938.0,383,1988-04-02,1989-04-21
9080400,3277.0,331,1989-06-03,1990-04-30
9080400,9397.0,709,1990-05-11,1992-04-20
9080400,5410.0,354,1992-05-19,1993-05-11
9080400,16.0,5,1994-05-08,1994-05-12
9080400,1507.0,298,1994-05-29,1995-04-11
9080400,312.0,56,2001-05-24,2001-07-24
9080400,30.0,25,2001-08-01,2001-08-25
9080400,638.0,227,2001-09-01,2002-04-18
9080400,13348.0,690,2002-05-12,2004-04-01
9080400,454.0,120,2007-08-10,2007-12-08
9080400,5.0,7,2012-07-24,2012-07-30
9080400,86.0,21,2013-04-07,2013-05-03
9080400,170.0,29,2017-04-28,2017-05-30
9080400,10732.0,424,2018-04-14,2019-07-02
9080400,192.0,29,2020-04-21,2020-05-22
9080400,8889.0,547,2020-11-30,2022-06-02
9080400,349.0,74,2022-06-19,2022-08-31
9448500,473.0,56,1989-08-12,1989-10-10
9448500,2148.0,140,1989-10-24,1990-03-21
9448500,28.0,11,1990-03-23,1990-04-05
9448500,189.0,25,1990-04-11,1990-05-09
9448500,1323.0,91,1990-05-14,1990-08-19
9448500,213.0,25,1990-09-04,1990-09-28
9448500,4.0,5,1990-10-16,1990-10-20
9448500,34.0,16,1994-08-20,1994-09-07
9448500,136.0,29,1994-09-23,1994-10-21
9448500,448.0,76,1995-11-20,1996-02-06
9448500,4.0,6,1996-02-12,1996-02-17
9448500,2544.0,194,1996-02-25,1996-09-17
9448500,245.0,21,1996-10-08,1996-10-28
9448500,35.0,11,1997-01-22,1997-02-01
9448500,9.0,5,1997-07-14,1997-07-19
9448500,40.0,12,1997-07-24,1997-08-05
9448500,353.0,36,1997-08-19,1997-09-23
9448500,1265.0,171,1999-01-31,1999-07-24
9448500,5701.0,318,1999-11-16,2000-10-14
9448500,12.0,6,2001-09-08,2001-09-15
9448500,45.0,15,2001-10-11,2001-10-26
9448500,5302.0,307,2001-10-29,2002-09-10
9448500,7.0,6,2002-10-03,2002-10-08
9448500,87.0,22,2002-10-27,2002-11-17
9448500,1437.0,101,2003-08-01,2003-11-12
9448500,118.0,31,2003-12-10,2004-01-15
9448500,341.0,34,2004-01-27,2004-02-29
9448500,60.0,16,2004-09-08,2004-09-25
9448500,53.0,12,2004-10-12,2004-10-23
9448500,1561.0,171,2006-01-16,2006-07-07
9448500,24.0,10,2009-03-07,2009-03-16
9448500,164.0,27,2009-03-24,2009-04-19
9448500,134.0,27,2009-08-03,2009-08-29
9448500,1336.0,109,2009-10-05,2010-01-21
9448500,115.0,42,2010-12-15,2011-01-25
9448500,1713.0,195,2011-02-07,2011-08-20
9448500,120.0,14,2011-09-27,2011-10-10
9448500,244.0,30,2011-10-21,2011-11-19
9448500,28.0,5,2011-11-27,2011-12-01
9448500,38.0,15,2012-06-29,2012-07-13
9448500,3655.0,194,2012-07-19,2013-01-30
9448500,152.0,28,2013-02-18,2013-03-20
9448500,934.0,87,2013-04-21,2013-07-18
9448500,186.0,38,2014-03-16,2014-04-25
9448500,14.0,6,2015-03-17,2015-03-22
9448500,21.0,9,2016-04-01,2016-04-09
9448500,5.0,7,2016-08-05,2016-08-11
9448500,54.0,10,2016-08-29,2016-09-07
9448500,148.0,26,2016-11-18,2016-12-13
9448500,16.0,8,2017-04-02,2017-04-11
9448500,10078.0,534,2017-09-14,2019-03-12
9448500,3880.0,226,2019-04-12,2019-11-28
9448500,9.0,9,2020-02-02,2020-02-11
9448500,121.0,25,2020-07-07,2020-07-31
9448500,9155.0,368,2020-08-09,2021-08-18
9448500,53.0,6,2021-08-30,2021-09-04
9448500,180.0,19,2021-09-16,2021-10-04
9448500,5141.0,254,2021-10-18,2022-06-30
9448500,109.0,15,2022-07-17,2022-08-03
9364500,61.0,7,1983-05-17,1983-05-23
9364500,199.0,18,1984-04-25,1984-05-12
9364500,22.0,5,1988-05-25,1988-05-29
9364500,3430.0,315,1989-06-07,1990-04-18
9364500,63.0,12,1991-04-29,1991-05-10
9364500,27.0,40,1992-12-23,1993-02-11
9364500,35.0,8,1993-03-04,1993-03-14
9364500,577.0,66,1994-03-03,1994-05-12
9364500,1220.0,167,1994-05-24,1994-11-10
9364500,71.0,8,1995-05-09,1995-05-20
9364500,6229.0,411,1995-11-11,1996-12-26
9364500,610.0,143,1998-05-31,1998-10-24
9364500,54.0,10,1999-04-13,1999-04-22
9364500,63.0,21,2000-03-14,2000-04-03
9364500,2266.0,181,2000-05-17,2000-11-28
9364500,9461.0,516,2001-09-24,2003-03-03
9364500,176.0,38,2003-03-10,2003-04-16
9364500,39.0,6,2003-05-11,2003-05-16
9364500,1199.0,101,2003-06-05,2003-09-15
9364500,8.0,11,2004-02-12,2004-02-23
9364500,60.0,15,2004-02-26,2004-03-11
9364500,15.0,7,2004-09-09,2004-09-16
9364500,1712.0,128,2006-05-14,2006-09-20
9364500,29.0,6,2007-05-27,2007-06-01
9364500,391.0,103,2008-11-16,2009-03-02
9364500,178.0,22,2009-04-08,2009-04-29
9364500,2784.0,223,2009-09-03,2010-04-14
9364500,147.0,19,2011-05-07,2011-05-25
9364500,86.0,25,2011-09-18,2011-10-15
9364500,23.0,7,2012-04-20,2012-04-26
9364500,10049.0,478,2012-05-12,2013-09-03
9364500,80.0,9,2014-04-28,2014-05-06
9364500,76.0,5,2014-05-14,2014-05-18
9364500,449.0,33,2016-04-14,2016-05-17
9364500,46.0,10,2017-04-29,2017-05-08
9364500,58.0,8,2017-05-19,2017-05-26
9364500,12674.0,550,2017-10-25,2019-04-28
9364500,128.0,14,2019-05-20,2019-06-02
9364500,4238.0,285,2019-10-14,2022-05-17
9260000,118.0,18,1987-04-13,1987-04-30
9260000,722.0,60,1987-05-20,1987-07-20
9260000,45.0,8,1988-03-17,1988-03-24
9260000,191.0,25,1988-04-22,1988-05-18
9260000,238.0,65,1988-08-03,1988-10-06
9260000,1038.0,126,1988-11-07,1989-03-12
9260000,14.0,6,1989-05-07,1989-05-12
9260000,4731.0,371,1989-05-19,1990-06-12
9260000,2244.0,143,1990-06-18,1990-11-07
9260000,1149.0,97,1991-02-15,1991-05-22
9260000,4302.0,242,1991-07-12,1992-03-09
9260000,6.0,5,1992-04-09,1992-04-14
9260000,45.0,12,1992-05-22,1992-06-06
9260000,714.0,167,1992-10-07,1993-03-23
9260000,4.0,5,1994-06-13,1994-06-17
9260000,250.0,28,1995-04-09,1995-05-06
9260000,47.0,11,1998-06-08,1998-06-20
9260000,95.0,16,2000-04-06,2000-04-21
9260000,44.0,7,2000-05-19,2000-05-26
9260000,3751.0,318,2000-06-05,2001-05-03
9260000,14786.0,630,2001-05-26,2003-02-14
9260000,1366.0,185,2003-09-04,2004-03-13
9260000,612.0,56,2004-05-18,2004-07-17
9260000,67.0,45,2004-07-20,2004-09-02
9260000,631.0,113,2007-05-28,2007-09-17
9260000,230.0,35,2008-03-14,2008-04-17
9260000,155.0,18,2010-03-26,2010-04-13
9260000,338.0,25,2010-04-29,2010-05-23
9260000,1183.0,77,2012-05-12,2012-07-27
9260000,135.0,44,2013-02-02,2013-03-17
9260000,1198.0,57,2013-03-24,2013-05-19
9260000,101.0,12,2017-05-01,2017-05-12
9260000,116.0,12,2017-05-23,2017-06-04
9260000,8427.0,422,2018-03-13,2019-05-18
9260000,2244.0,165,2019-10-23,2020-04-04
9260000,25.0,8,2020-05-10,2020-05-17
9260000,4.0,5,2020-07-28,2020-08-02
9260000,8464.0,418,2020-09-17,2021-11-10
9260000,669.0,71,2022-03-01,2022-05-20
9260000,86.0,7,2022-05-26,2022-06-01
9260000,1550.0,226,2022-06-21,2023-02-01
9447800,4.0,5,1983-08-25,1983-09-01
9447800,12.0,7,1984-06-06,1984-06-12
9447800,32.0,11,1984-07-08,1984-07-19
9447800,33.0,12,1984-07-27,1984-08-10
9447800,24.0,9,1985-08-07,1985-08-18
9447800,4.0,6,1985-08-25,1985-09-01
9447800,11.0,5,1985-09-07,1985-09-14
9447800,34.0,10,1986-07-29,1986-08-09
9447800,4.0,6,1986-08-25,1986-09-01
9447800,11.0,5,1986-09-07,1986-09-14
9447800,32.0,11,1987-07-09,1987-07-20
9447800,4.0,6,1987-08-25,1987-09-01
9447800,11.0,5,1987-09-07,1987-09-14
9447800,331.0,12,1987-10-03,1987-10-14
9447800,331.0,12,1987-11-07,1987-11-18
9447800,579.0,21,1987-11-27,1987-12-17
9447800,20.0,7,1988-07-23,1988-07-30
9447800,10180.0,440,1989-04-07,1990-07-14
9447800,321.0,15,1990-07-31,1990-08-14
9447800,95.0,6,1990-08-24,1990-08-29
9447800,11.0,5,1990-09-07,1990-09-14
9447800,4.0,5,1991-08-25,1991-08-29
9447800,11.0,5,1993-09-07,1993-09-14
9447800,331.0,12,1993-11-01,1993-11-12
9447800,113.0,5,1993-12-21,1993-12-25
9447800,540.0,32,1994-01-08,1994-02-08
9447800,243.0,25,1994-02-23,1994-03-19
9447800,47.0,17,1994-07-09,1994-07-29
9447800,182.0,12,1994-08-15,1994-08-27
9447800,138.0,5,1994-09-18,1994-09-22
9447800,58.0,19,1995-07-24,1995-08-17
9447800,450.0,21,1995-09-07,1995-09-27
9447800,827.0,30,1995-10-07,1995-11-05
9447800,6934.0,261,1995-11-14,1996-08-08
9447800,1720.0,71,1996-08-15,1996-10-25
9447800,1633.0,65,1996-11-06,1997-01-19
9447800,48.0,6,1997-02-07,1997-02-12
9447800,12.0,16,1997-05-22,1997-06-06
9447800,5.0,7,1997-06-22,1997-07-01
9447800,1458.0,69,1997-07-09,1997-09-20
9447800,2016.0,75,1997-09-27,1997-12-20
9447800,11.0,5,1998-07-15,1998-07-20
9447800,35.0,11,1998-08-05,1998-08-18
9447800,1943.0,76,1998-09-07,1998-11-29
9447800,6029.0,227,1998-12-13,1999-08-04
9447800,259.0,14,1999-08-15,1999-09-01
9447800,5130.0,231,2000-01-08,2000-08-27
9447800,918.0,34,2000-09-07,2000-10-10
9447800,20.0,8,2001-07-19,2001-07-29
9447800,21.0,5,2001-08-06,2001-08-10
9447800,4.0,5,2001-08-25,2001-08-29
9447800,11.0,5,2001-09-07,2001-09-14
9447800,7141.0,267,2001-10-18,2002-07-16
9447800,1062.0,42,2002-07-27,2002-09-10
9447800,496.0,18,2002-09-19,2002-10-06
9447800,1213.0,44,2002-10-13,2002-11-29
9447800,335.0,14,2002-12-09,2002-12-22
9447800,65.0,8,2003-01-31,2003-02-07
9447800,5.0,7,2003-06-22,2003-07-01
9447800,12.0,6,2003-07-15,2003-07-21
9447800,262.0,21,2003-08-05,2003-08-31
9447800,224.0,9,2003-09-04,2003-09-14
9447800,1516.0,55,2003-09-18,2003-11-11
9447800,1650.0,62,2003-11-21,2004-01-26
9447800,311.0,31,2004-02-01,2004-03-04
9447800,9.0,5,2005-07-13,2005-07-17
9447800,4.0,6,2005-08-25,2005-09-01
9447800,5447.0,207,2005-11-25,2006-06-26
9447800,219.0,9,2006-07-13,2006-07-25
9447800,179.0,25,2009-04-26,2009-05-20
9447800,13.0,14,2009-05-29,2009-06-11
9447800,1048.0,46,2009-07-07,2009-08-21
9447800,3754.0,139,2009-08-29,2010-01-20
9447800,3018.0,192,2011-01-24,2011-08-12
9447800,662.0,25,2011-08-20,2011-09-13
9447800,2232.0,81,2011-09-20,2011-12-12
9447800,3505.0,229,2011-12-26,2012-08-18
9447800,8061.0,302,2012-08-31,2013-07-08
9447800,1448.0,56,2013-07-12,2013-09-06
9447800,1764.0,64,2013-09-20,2013-11-22
9447800,555.0,22,2013-11-30,2013-12-21
9447800,397.0,53,2014-01-08,2014-03-01
9447800,2315.0,137,2014-03-11,2014-08-02
9447800,169.0,8,2014-08-11,2014-08-18
9447800,232.0,11,2014-08-29,2014-09-10
9447800,21.0,5,2015-08-03,2015-08-07
9447800,13.0,15,2016-05-27,2016-06-10
9447800,4.0,5,2016-06-21,2016-06-28
9447800,32.0,10,2016-07-09,2016-07-19
9447800,515.0,24,2016-08-14,2016-09-06
9447800,13.0,8,2017-06-06,2017-06-13
9447800,5.0,7,2017-06-22,2017-07-01
9447800,1271.0,51,2017-12-23,2018-02-14
9447800,803.0,111,2018-03-06,2018-07-09
9447800,436.0,22,2018-07-19,2018-08-12
9447800,592.0,23,2018-08-28,2018-09-19
9447800,442.0,17,2018-09-27,2018-10-15
9447800,579.0,21,2018-10-26,2018-11-15
9447800,100.0,12,2019-01-22,2019-02-02
9447800,5.0,7,2019-06-22,2019-07-01
9447800,27.0,10,2019-07-09,2019-07-21
9447800,13.0,5,2019-07-24,2019-07-29
9447800,359.0,20,2019-08-17,2019-09-08
9447800,1718.0,64,2019-09-14,2019-11-19
9447800,37.0,14,2020-07-08,2020-07-24
9447800,39.0,13,2020-08-02,2020-08-17
9447800,60.0,5,2020-08-25,2020-08-29
9447800,8129.0,299,2020-09-06,2021-07-15
9447800,215.0,17,2021-07-31,2021-08-16
9447800,94.0,5,2021-08-26,2021-08-31
9447800,197.0,9,2021-09-10,2021-09-18
9447800,24.0,6,2022-03-18,2022-03-23
9447800,367.0,55,2022-04-04,2022-05-28
9447800,658.0,42,2022-06-06,2022-07-23
9063000,274.0,28,1983-04-26,1983-05-25
9063000,113.0,15,1984-04-27,1984-05-14
9063000,150.0,25,1985-09-25,1985-10-19
9063000,280.0,60,1986-08-29,1986-10-27
9063000,14697.0,736,1987-04-16,1989-05-16
9063000,10775.0,530,1989-05-18,1990-11-12
9063000,63.0,13,1991-04-26,1991-05-09
9063000,874.0,139,1991-12-05,1992-04-22
9063000,536.0,123,1992-05-27,1992-10-01
9063000,4.0,5,1992-10-25,1992-10-30
9063000,269.0,140,1992-11-11,1993-04-05
9063000,356.0,76,1993-10-12,1993-12-28
9063000,249.0,40,1994-03-26,1994-05-09
9063000,3737.0,317,1994-05-26,1995-04-08
9063000,284.0,52,1996-10-15,1996-12-05
9063000,267.0,65,2000-07-26,2000-09-28
9063000,206.0,81,2001-06-09,2001-08-28
9063000,6634.0,314,2002-05-21,2003-03-31
9063000,959.0,134,2004-06-01,2004-10-13
9063000,88.0,14,2008-05-05,2008-05-18
9063000,7286.0,369,2012-05-19,2013-05-22
9063000,32.0,11,2016-04-21,2016-05-02
9063000,2014.0,176,2016-10-18,2017-04-12
9063000,24.0,16,2017-10-01,2017-10-19
9063000,6474.0,417,2018-04-09,2019-06-01
9063000,1488.0,152,2019-12-23,2020-05-26
9063000,4474.0,272,2020-10-28,2021-07-26
9063000,854.0,64,2022-04-06,2022-06-08
9211200,750.0,58,1985-06-02,1985-07-29
9211200,6282.0,321,1988-06-05,1989-04-21
9211200,89.0,35,1989-06-05,1989-07-10
9211200,927.0,117,1989-12-20,1990-04-15
9211200,2343.0,166,1990-05-19,1990-10-31
9211200,759.0,84,1991-03-04,1991-05-26
9211200,57.0,51,1992-02-09,1992-03-31
9211200,7393.0,366,1992-05-20,1993-05-20
9211200,66.0,17,1994-05-02,1994-05-18
9211200,3862.0,229,1994-05-26,1995-02-08
9211200,53.0,13,1999-04-19,1999-05-01
9211200,193.0,31,2000-04-05,2000-05-05
9211200,14.0,6,2000-05-22,2000-05-27
9211200,202.0,53,2000-06-14,2000-08-05
9211200,18.0,15,2000-08-19,2000-09-03
9211200,12185.0,604,2000-09-13,2002-06-04
9211200,4630.0,286,2002-06-11,2003-03-23
9211200,4944.0,326,2003-05-17,2004-04-09
9211200,22.0,10,2006-06-20,2006-06-29
9211200,88.0,40,2006-07-11,2006-08-19
9211200,47.0,28,2006-09-02,2006-10-02
9211200,1681.0,131,2007-05-29,2007-10-08
9211200,484.0,35,2008-04-15,2008-05-19
9211200,475.0,33,2010-05-07,2010-06-08
9211200,48.0,45,2012-10-31,2012-12-18
9211200,494.0,130,2013-01-03,2013-05-17
9211200,90.0,33,2013-07-30,2013-09-03
9211200,16.0,9,2013-09-05,2013-09-13
9211200,22.0,13,2016-09-28,2016-10-13
9211200,97.0,23,2018-04-19,2018-05-11
9211200,2443.0,239,2018-10-15,2019-06-10
9211200,369.0,51,2020-04-10,2020-05-31
9211200,4662.0,256,2020-10-05,2021-06-19
9211200,4637.0,353,2021-06-29,2022-06-16
9211200,1717.0,181,2022-08-05,2023-02-01
9489000,93.0,17,1989-10-05,1989-10-24
9489000,45.0,15,1989-11-16,1989-11-30
9489000,588.0,58,1989-12-11,1990-02-06
9489000,403.0,99,1990-03-20,1990-07-05
9489000,46.0,9,1996-10-24,1996-11-01
9489000,53.0,16,1996-11-14,1996-11-29
9489000,4851.0,318,1996-12-07,1997-12-10
9489000,1120.0,68,2000-01-18,2000-04-03
9489000,8.0,7,2000-08-22,2000-08-28
9489000,127.0,27,2000-09-27,2000-10-26
9489000,18697.0,937,2001-09-14,2004-04-16
9489000,5.0,6,2004-05-25,2004-05-30
9489000,2935.0,188,2004-06-08,2004-12-12
9489000,252.0,44,2006-02-03,2006-03-21
9489000,69.0,18,2007-11-13,2007-11-30
9489000,326.0,46,2008-11-16,2008-12-31
9489000,4653.0,323,2009-03-02,2010-01-20
9489000,12105.0,725,2010-08-23,2012-09-12
9489000,3966.0,390,2012-10-19,2013-11-21
9489000,759.0,135,2014-04-08,2014-08-22
9489000,58.0,9,2014-08-30,2014-09-07
9489000,7.0,9,2016-04-08,2016-04-16
9489000,16214.0,792,2016-07-21,2018-10-01
9489000,269.0,61,2019-09-14,2019-11-19
9489000,2735.0,281,2020-10-11,2021-07-23
9401260,5048.0,400,1990-01-14,1991-02-27
9401260,1847.0,357,1991-03-06,1992-02-29
9401260,7544.0,576,1996-03-01,1997-10-01
9401260,34.0,47,2000-09-26,2000-11-13
9401260,18708.0,1111,2001-11-10,2004-11-27
9401260,4.0,5,2006-09-27,2006-10-01
9401260,29.0,22,2007-11-25,2007-12-21
9401260,22.0,13,2008-02-25,2008-03-09
9401260,4.0,5,2008-09-26,2008-09-30
9401260,4.0,5,2008-11-09,2008-11-13
9401260,2747.0,442,2008-11-19,2010-02-07
9401260,29354.0,1462,2017-11-25,2021-12-01
9024000,265.0,26,1983-05-21,1983-06-15
9024000,358.0,26,1984-04-25,1984-05-21
9024000,60.0,8,1986-05-29,1986-06-05
9024000,30.0,15,1986-08-21,1986-09-08
9024000,1276.0,67,1987-06-03,1987-08-21
9024000,3666.0,220,1988-08-21,1989-03-28
9024000,2330.0,193,1989-10-04,1990-04-14
9024000,42.0,11,1990-05-19,1990-05-29
9024000,69.0,17,1990-08-07,1990-08-27
9024000,317.0,26,1991-04-27,1991-05-25
9024000,2080.0,178,1991-11-01,1992-04-26
9024000,135.0,18,1992-06-09,1992-06-26
9024000,102.0,13,1993-04-30,1993-05-16
9024000,132.0,20,1994-04-13,1994-05-03
9024000,5303.0,315,1994-06-28,1995-05-16
9024000,663.0,56,1996-08-15,1996-10-09
9024000,52.0,62,1996-11-09,1997-01-14
9024000,16.0,5,1999-05-27,1999-05-31
9024000,45.0,15,2000-04-05,2000-04-19
9024000,761.0,77,2000-06-15,2000-08-30
9024000,7.0,6,2001-03-26,2001-03-31
9024000,696.0,55,2001-06-09,2001-08-10
9024000,11.0,15,2001-10-11,2001-10-29
9024000,88.0,90,2001-12-25,2002-03-26
9024000,34.0,10,2002-03-29,2002-04-09
9024000,5871.0,340,2002-05-26,2003-04-30
9024000,1043.0,96,2004-06-03,2004-09-11
9024000,199.0,25,2006-06-18,2006-07-12
9024000,796.0,71,2006-07-27,2006-10-10
9024000,371.0,41,2008-04-20,2008-06-01
9024000,420.0,74,2009-08-30,2009-11-11
9024000,4.0,6,2010-04-01,2010-04-06
9024000,817.0,57,2010-06-13,2010-08-08
9024000,669.0,54,2010-09-09,2010-11-01
9024000,152.0,18,2011-05-23,2011-06-09
9024000,4728.0,363,2012-05-20,2013-05-19
9024000,1240.0,81,2013-06-01,2013-08-20
9024000,256.0,33,2014-07-13,2014-08-14
9024000,229.0,39,2015-06-04,2015-07-12
9024000,6300.0,304,2015-08-11,2016-06-09
9024000,6034.0,339,2016-07-12,2017-06-15
9024000,277.0,32,2018-04-15,2018-05-18
9024000,8725.0,361,2018-06-20,2019-06-15
9024000,5224.0,255,2019-09-14,2020-05-26
9024000,1709.0,219,2020-10-23,2021-06-01
9024000,18.0,14,2022-04-03,2022-04-18
9024000,271.0,30,2022-05-04,2022-06-08
9289500,780.0,39,1983-04-16,1983-05-24
9289500,624.0,36,1984-04-07,1984-05-12
9289500,42.0,18,1985-05-21,1985-06-07
9289500,6239.0,276,1988-07-06,1989-04-07
9289500,1026.0,112,1989-05-10,1989-08-29
9289500,491.0,38,1990-05-09,1990-06-15
9289500,16.0,5,1991-05-02,1991-05-06
9289500,4.0,5,1991-05-27,1991-05-31
9289500,811.0,115,1991-12-03,1992-03-26
9289500,961.0,63,1992-05-04,1992-07-05
9289500,2935.0,217,1992-10-01,1993-05-12
9289500,2974.0,161,1994-05-14,1994-10-21
9289500,661.0,64,1995-10-22,1995-12-24
9289500,3915.0,248,1996-08-29,1997-05-05
9289500,170.0,36,1999-12-21,2000-01-25
9289500,120.0,18,2000-05-12,2000-05-29
9289500,849.0,103,2000-06-25,2000-10-05
9289500,5757.0,304,2001-06-08,2002-04-07
9289500,3736.0,156,2002-05-08,2002-10-10
9289500,30.0,15,2003-06-11,2003-06-25
9289500,2565.0,145,2003-11-01,2004-03-24
9289500,1075.0,119,2004-05-11,2004-09-09
9289500,7.0,10,2004-09-22,2004-10-01
9289500,35.0,21,2004-10-10,2004-10-30
9289500,1016.0,181,2005-09-11,2006-03-11
9289500,1512.0,130,2006-05-16,2006-09-22
9289500,6846.0,368,2007-05-06,2008-05-07
9289500,124.0,33,2008-10-08,2008-11-09
9289500,445.0,65,2010-03-11,2010-05-17
9289500,13.0,8,2011-04-08,2011-04-15
9289500,416.0,28,2011-04-21,2011-05-20
9289500,1586.0,88,2012-05-13,2012-08-08
9289500,2105.0,216,2012-10-04,2013-05-08
9289500,262.0,38,2016-03-29,2016-05-06
9289500,585.0,59,2016-08-09,2016-10-06
9289500,115.0,27,2018-03-26,2018-04-22
9289500,3840.0,329,2018-05-31,2019-04-29
9289500,36.0,23,2019-11-11,2019-12-03
9289500,647.0,98,2020-01-26,2020-05-02
9289500,6589.0,275,2020-08-14,2021-05-26
9289500,23.0,8,2021-06-03,2021-06-10
9289500,288.0,60,2021-06-16,2021-08-14
9289500,42.0,7,2022-04-25,2022-05-01
9073400,725.0,48,1983-04-17,1983-06-04
9073400,160.0,16,1984-05-05,1984-05-20
9073400,33.0,9,1987-04-19,1987-04-27
9073400,2460.0,273,1987-08-02,1988-05-04
9073400,120.0,24,1988-05-20,1988-06-12
9073400,3297.0,207,1988-08-29,1989-03-27
9073400,1834.0,203,1989-09-26,1990-04-16
9073400,2987.0,165,1990-05-26,1990-11-06
9073400,73.0,13,1991-04-27,1991-05-09
9073400,2223.0,179,1991-10-28,1992-04-25
9073400,134.0,66,1992-06-01,1992-08-05
9073400,165.0,16,1993-04-29,1993-05-19
9073400,4616.0,279,1994-06-11,1995-03-17
9073400,267.0,25,1995-05-07,1995-05-31
9073400,695.0,83,1996-09-15,1996-12-06
9073400,138.0,49,1998-06-14,1998-08-01
9073400,1229.0,299,2000-06-04,2001-04-12
9073400,1229.0,89,2001-06-02,2001-08-29
9073400,5930.0,329,2002-05-21,2003-04-19
9073400,429.0,49,2003-08-07,2003-09-24
9073400,409.0,98,2003-12-07,2004-03-13
9073400,2729.0,166,2004-05-28,2004-11-09
9073400,706.0,85,2006-06-05,2006-08-28
9073400,1193.0,107,2007-06-01,2007-09-15
9073400,199.0,19,2008-05-05,2008-05-26
9073400,229.0,16,2011-05-11,2011-05-26
9073400,2388.0,127,2012-05-23,2012-09-26
9073400,875.0,73,2013-03-12,2013-05-23
9073400,54.0,11,2014-05-09,2014-05-20
9073400,279.0,34,2016-04-12,2016-05-19
9073400,3467.0,225,2016-09-23,2017-05-20
9073400,43.0,9,2017-05-22,2017-06-01
9073400,439.0,40,2018-03-27,2018-05-06
9073400,9921.0,386,2018-05-15,2019-06-04
9073400,3875.0,188,2019-11-07,2020-05-15
9073400,6177.0,283,2020-08-28,2021-06-08
9073400,497.0,43,2022-03-26,2022-05-10
9073400,80.0,10,2022-05-21,2022-06-01
9147000,39.0,10,1988-05-20,1988-05-30
9147000,161.0,104,1988-06-07,1988-09-26
9147000,4291.0,329,1989-05-29,1990-04-30
9147000,1033.0,162,1990-05-26,1990-11-05
9147000,36.0,9,1991-04-27,1991-05-07
9147000,4.0,5,1991-12-09,1991-12-15
9147000,8.0,11,1992-02-08,1992-02-24
9147000,471.0,85,1992-12-08,1993-03-04
9147000,11.0,9,1993-04-02,1993-04-11
9147000,57.0,11,1993-04-13,1993-04-25
9147000,5.0,7,1993-12-08,1993-12-15
9147000,211.0,59,1994-02-02,1994-04-03
9147000,101.0,11,1994-04-06,1994-04-17
9147000,65.0,9,1994-04-26,1994-05-04
9147000,1991.0,252,1994-09-07,1995-05-28
9147000,1147.0,194,1996-05-29,1996-12-10
9147000,18.0,5,2001-03-17,2001-03-21
9147000,734.0,155,2001-10-26,2002-03-30
9147000,3972.0,315,2002-05-12,2003-03-26
9147000,98.0,14,2003-03-28,2003-04-11
9147000,7.0,10,2003-08-19,2003-08-29
9147000,5.0,7,2003-08-31,2003-09-06
9147000,444.0,83,2006-05-27,2006-08-18
9147000,11.0,12,2009-02-08,2009-02-22
9147000,39.0,13,2009-03-05,2009-03-17
9147000,103.0,17,2009-03-24,2009-04-10
9147000,68.0,9,2009-04-13,2009-04-23
9147000,1332.0,192,2009-10-03,2010-04-16
9147000,50.0,8,2010-04-23,2010-05-03
9147000,30.0,7,2010-05-08,2010-05-15
9147000,10.0,11,2010-09-26,2010-10-10
9147000,9.0,6,2011-05-18,2011-05-24
9147000,10580.0,551,2012-04-17,2013-10-27
9147000,174.0,24,2016-05-04,2016-05-27
9147000,350.0,39,2017-04-15,2017-05-24
9147000,9308.0,435,2018-03-29,2019-06-07
9147000,26409.0,1185,2019-11-05,2023-02-01
9132500,6.0,5,1984-03-24,1984-03-28
9132500,58.0,22,1987-10-27,1987-11-17
9132500,49.0,17,1988-03-08,1988-03-25
9132500,352.0,64,1988-03-29,1988-05-31
9132500,7.0,9,1989-02-27,1989-03-08
9132500,8582.0,541,1989-06-02,1990-11-24
9132500,340.0,41,1991-04-25,1991-06-04
9132500,93.0,34,1991-11-07,1991-12-10
9132500,2027.0,252,1994-06-19,1995-02-26
9132500,22.0,27,1998-10-12,1998-11-07
9132500,58.0,13,1999-04-16,1999-04-29
9132500,14210.0,951,2000-05-18,2003-01-11
9132500,16.0,9,2003-05-09,2003-05-17
9132500,225.0,137,2004-06-11,2004-10-25
9132500,509.0,142,2007-05-23,2007-10-11
9132500,639.0,119,2010-01-11,2010-05-09
9132500,5608.0,427,2012-03-28,2013-06-11
9132500,876.0,123,2016-11-17,2017-03-20
9132500,11040.0,517,2017-11-25,2019-04-25
9132500,17423.0,921,2019-12-11,2022-06-18
9507980,18.0,10,1989-03-14,1989-03-25
9507980,132.0,29,1989-12-08,1990-01-11
9507980,1677.0,159,1990-01-15,1990-07-09
9507980,190.0,26,1990-07-12,1990-08-12
9507980,50.0,12,1990-08-19,1990-08-30
9507980,347.0,50,1990-11-05,1991-01-03
9507980,58.0,16,1991-01-31,1991-02-21
9507980,20.0,7,1994-12-17,1994-12-23
9507980,3119.0,181,1996-01-13,1996-07-16
9507980,865.0,48,1996-07-18,1996-09-03
9507980,1911.0,124,1996-09-16,1997-01-24
9507980,152.0,28,1997-07-13,1997-08-14
9507980,162.0,24,1997-08-17,1997-09-11
9507980,712.0,96,1997-09-18,1997-12-31
9507980,62.0,10,1998-01-26,1998-02-04
9507980,849.0,71,1999-01-22,1999-04-03
9507980,232.0,82,1999-04-18,1999-07-10
9507980,190.0,28,1999-07-26,1999-08-31
9507980,72.0,12,1999-09-03,1999-09-14
9507980,1899.0,121,1999-11-05,2000-03-11
9507980,108.0,10,2000-03-18,2000-03-27
9507980,2205.0,141,2000-04-03,2000-08-28
9507980,952.0,49,2000-08-31,2000-10-21
9507980,5717.0,248,2002-01-02,2002-09-10
9507980,4384.0,162,2002-09-13,2003-03-01
9507980,652.0,135,2003-04-07,2003-09-04
9507980,1325.0,85,2003-09-12,2003-12-12
9507980,944.0,64,2003-12-15,2004-02-27
9507980,338.0,30,2004-03-01,2004-04-01
9507980,720.0,92,2004-04-13,2004-07-13
9507980,1075.0,86,2004-07-19,2004-10-27
9507980,5528.0,281,2006-09-30,2007-07-25
9507980,70.0,6,2007-07-27,2007-08-04
9507980,2452.0,109,2007-08-09,2007-11-30
9507980,204.0,24,2009-12-26,2010-01-18
9507980,18.0,5,2011-04-03,2011-04-07
9507980,18.0,8,2011-07-23,2011-07-31
9507980,10.0,5,2011-08-02,2011-08-07
9507980,30.0,6,2011-08-11,2011-08-18
9507980,38.0,16,2011-08-24,2011-09-09
9507980,48.0,21,2011-09-15,2011-10-09
9507980,40.0,13,2011-10-22,2011-11-07
9507980,75.0,22,2011-11-17,2011-12-12
9507980,22.0,7,2012-01-05,2012-01-12
9507980,8.0,5,2012-02-02,2012-02-06
9507980,2688.0,152,2012-02-13,2012-07-23
9507980,4142.0,178,2012-07-26,2013-01-25
9507980,30.0,12,2014-02-17,2014-02-28
9507980,32.0,10,2014-03-09,2014-03-19
9507980,72.0,24,2014-03-24,2014-04-17
9507980,55.0,10,2014-07-22,2014-08-01
9507980,8.0,5,2014-09-12,2014-09-16
9507980,248.0,40,2016-03-01,2016-04-10
9507980,12.0,7,2016-04-12,2016-04-20
9507980,102.0,21,2016-07-06,2016-07-31
9507980,15.0,7,2016-08-15,2016-08-23
9507980,520.0,95,2016-08-29,2016-12-21
9507980,6294.0,271,2017-12-29,2018-10-06
9507980,1682.0,86,2018-10-18,2019-01-19
9507980,166.0,10,2019-01-24,2019-02-02
9507980,340.0,37,2020-12-22,2021-01-28
9507980,2628.0,164,2021-02-05,2021-07-21
9507980,142.0,9,2021-08-04,2021-08-13
9507980,452.0,31,2021-08-21,2021-09-24
9507980,872.0,77,2021-10-03,2021-12-23
9507980,89.0,16,2022-02-08,2022-02-28
9507980,1270.0,134,2022-03-07,2022-07-27
9507980,675.0,58,2022-08-26,2022-11-03
9036000,71.0,10,1983-04-12,1983-04-21
9036000,378.0,23,1983-04-29,1983-05-24
9036000,727.0,37,1984-04-05,1984-05-11
9036000,43.0,5,1985-04-25,1985-04-29
9036000,92.0,12,1986-05-25,1986-06-05
9036000,31.0,6,1987-05-07,1987-05-13
9036000,2585.0,169,1987-05-16,1987-11-01
9036000,26.0,5,1988-03-31,1988-04-06
9036000,60.0,6,1988-05-08,1988-05-14
9036000,5036.0,235,1988-07-30,1989-03-22
9036000,90.0,23,1989-05-26,1989-06-17
9036000,3795.0,277,1989-06-25,1990-03-29
9036000,857.0,98,1990-05-05,1990-08-21
9036000,120.0,7,1991-04-29,1991-05-07
9036000,1849.0,160,1991-11-01,1992-04-08
9036000,121.0,26,1992-05-25,1992-06-23
9036000,234.0,33,1992-07-22,1992-08-23
9036000,184.0,21,1993-03-19,1993-04-11
9036000,104.0,15,1993-04-14,1993-04-28
9036000,219.0,19,1994-03-28,1994-04-15
9036000,45.0,5,1994-04-28,1994-05-02
9036000,5885.0,318,1994-05-17,1995-04-06
9036000,114.0,9,1995-04-20,1995-04-28
9036000,67.0,8,1996-04-20,1996-05-01
9036000,665.0,52,1996-08-20,1996-10-24
9036000,435.0,147,1996-10-27,1997-03-23
9036000,56.0,7,1997-04-11,1997-04-18
9036000,360.0,55,1998-06-06,1998-07-30
9036000,111.0,15,1999-05-06,1999-05-22
9036000,50.0,8,2000-03-31,2000-04-07
9036000,1113.0,91,2000-06-02,2000-08-31
9036000,1697.0,123,2001-05-18,2001-09-18
9036000,5.0,7,2001-11-19,2001-11-25
9036000,35.0,44,2002-02-02,2002-03-21
9036000,5513.0,340,2002-05-03,2003-04-13
9036000,35.0,5,2003-05-07,2003-05-12
9036000,1169.0,74,2004-05-14,2004-07-28
9036000,120.0,47,2004-07-31,2004-09-19
9036000,34.0,13,2005-09-17,2005-09-30
9036000,243.0,35,2006-06-18,2006-07-22
9036000,616.0,38,2008-04-07,2008-05-18
9036000,374.0,75,2009-09-02,2009-11-18
9036000,358.0,39,2010-05-08,2010-06-17
9036000,34.0,16,2010-10-11,2010-10-27
9036000,65.0,6,2011-04-29,2011-05-05
9036000,55.0,8,2011-05-14,2011-05-23
9036000,4451.0,334,2012-05-02,2013-04-01
9036000,201.0,15,2013-04-12,2013-04-28
9036000,56.0,7,2014-04-10,2014-04-18
9036000,209.0,19,2016-03-23,2016-04-10
9036000,154.0,14,2016-04-18,2016-05-05
9036000,2243.0,185,2016-09-30,2017-04-06
9036000,73.0,6,2017-04-29,2017-05-04
9036000,27.0,14,2017-09-21,2017-10-04
9036000,49.0,10,2018-03-24,2018-04-04
9036000,6999.0,318,2018-06-11,2019-04-25
9036000,165.0,15,2019-05-19,2019-06-02
9036000,4114.0,216,2019-10-05,2020-05-09
9036000,6474.0,264,2020-08-24,2021-05-16
9036000,32.0,7,2022-03-23,2022-03-29
9036000,88.0,7,2022-04-13,2022-04-19
9036000,457.0,69,2022-11-25,2023-02-01
9128000,601.0,55,1983-04-26,1983-06-19
9128000,205.0,37,1984-04-07,1984-05-13
9128000,91.0,34,1987-10-09,1987-11-11
9128000,738.0,139,1988-04-17,1988-09-14
9128000,583.0,119,1988-12-09,1989-04-07
9128000,2436.0,240,1989-08-29,1990-04-25
9128000,1217.0,123,1990-06-03,1990-10-03
9128000,158.0,22,1991-05-04,1991-05-25
9128000,665.0,130,1991-11-02,1992-03-10
9128000,113.0,70,1992-12-18,1993-02-26
9128000,33.0,12,1994-04-26,1994-05-08
9128000,820.0,101,1994-08-31,1994-12-09
9128000,184.0,22,1996-09-15,1996-10-06
9128000,10.0,13,1996-10-19,1996-10-31
9128000,4.0,6,2000-06-19,2000-06-24
9128000,163.0,46,2000-08-22,2000-10-08
9128000,11.0,5,2001-04-15,2001-04-19
9128000,125.0,77,2001-06-15,2001-08-30
9128000,29.0,13,2001-10-07,2001-10-19
9128000,119.0,36,2002-03-10,2002-04-14
9128000,6782.0,352,2002-05-15,2003-05-01
9128000,16.0,5,2003-09-05,2003-09-09
9128000,418.0,91,2004-06-25,2004-09-23
9128000,700.0,84,2007-06-05,2007-08-27
9128000,9.0,6,2009-04-20,2009-04-25
9128000,1449.0,210,2009-09-23,2010-06-04
9128000,6587.0,462,2012-05-18,2013-08-22
9128000,52.0,25,2016-05-08,2016-06-01
9128000,1647.0,158,2016-11-11,2017-04-17
9128000,10271.0,468,2018-02-27,2019-06-11
9128000,25895.0,1211,2019-10-10,2023-02-01
9503700,22.0,7,1987-10-06,1987-10-13
9503700,15.0,11,1989-03-17,1989-03-31
9503700,269.0,97,1989-04-03,1989-07-11
9503700,192.0,13,1989-07-15,1989-07-30
9503700,70.0,5,1989-08-05,1989-08-10
9503700,3692.0,200,1989-08-22,1990-03-11
9503700,21.0,9,1991-10-31,1991-11-09
9503700,165.0,12,1994-07-26,1994-08-07
9503700,86.0,8,1994-08-23,1994-09-02
9503700,118.0,21,1994-09-24,1994-10-15
9503700,291.0,44,1994-10-21,1994-12-09
9503700,67.0,11,1994-12-13,1994-12-23
9503700,4055.0,226,1995-11-29,1996-07-12
9503700,4095.0,204,1996-07-19,1997-02-27
9503700,79.0,24,1997-03-12,1997-04-08
9503700,7.0,9,1997-04-13,1997-04-22
9503700,1130.0,88,1997-06-03,1997-09-01
9503700,167.0,12,1997-09-12,1997-09-25
9503700,27.0,7,1997-11-30,1997-12-06
9503700,38.0,12,1997-12-13,1997-12-28
9503700,376.0,84,1999-03-09,1999-06-02
9503700,286.0,52,2000-01-23,2000-03-17
9503700,209.0,19,2000-07-14,2000-08-05
9503700,86.0,8,2000-08-10,2000-08-19
9503700,753.0,46,2000-09-03,2000-10-21
9503700,26.0,6,2001-07-28,2001-08-04
9503700,10427.0,528,2001-08-25,2003-02-25
9503700,16.0,8,2003-03-04,2003-03-12
9503700,9.0,5,2003-06-28,2003-07-02
9503700,180.0,16,2003-07-08,2003-07-25
9503700,204.0,16,2003-08-04,2003-08-27
9503700,56.0,7,2003-09-01,2003-09-09
9503700,35.0,8,2003-09-11,2003-09-21
9503700,269.0,41,2003-10-03,2003-11-12
9503700,60.0,12,2003-11-19,2003-11-30
9503700,727.0,91,2004-01-05,2004-04-05
9503700,390.0,33,2004-07-07,2004-08-16
9503700,672.0,29,2004-08-21,2004-09-18
9503700,2639.0,201,2006-01-18,2006-08-13
9503700,70.0,6,2006-08-18,2006-08-24
9503700,39.0,6,2006-08-27,2006-09-02
9503700,184.0,28,2006-09-22,2006-10-24
9503700,3241.0,221,2006-12-12,2007-07-26
9503700,17.0,6,2008-07-26,2008-08-02
9503700,6.0,5,2008-11-03,2008-11-09
9503700,50.0,15,2008-11-12,2008-11-26
9503700,2526.0,132,2009-07-28,2009-12-12
9503700,714.0,35,2009-12-16,2010-01-19
9503700,172.0,29,2011-08-15,2011-09-16
9503700,85.0,13,2011-09-19,2011-10-01
9503700,587.0,56,2011-10-09,2011-12-12
9503700,7.0,5,2011-12-29,2012-01-04
9503700,7.0,5,2012-01-15,2012-01-21
9503700,1300.0,171,2012-01-24,2012-07-18
9503700,91.0,11,2012-08-08,2012-08-20
9503700,12.0,6,2012-11-13,2012-11-21
9503700,128.0,18,2012-11-28,2012-12-19
9503700,285.0,36,2012-12-21,2013-01-25
9503700,614.0,86,2013-04-23,2013-07-19
9503700,1007.0,103,2014-03-26,2014-07-09
9503700,135.0,11,2014-07-12,2014-07-24
9503700,23.0,5,2016-07-14,2016-07-18
9503700,56.0,6,2016-07-25,2016-07-31
9503700,5250.0,261,2017-10-24,2018-07-12
9503700,279.0,18,2018-07-22,2018-08-13
9503700,456.0,37,2018-08-28,2018-10-06
9503700,16.0,8,2018-10-24,2018-11-01
9503700,250.0,33,2018-12-11,2019-01-15
9503700,58.0,6,2019-07-25,2019-07-30
9503700,2047.0,111,2019-08-06,2019-12-04
9503700,8138.0,342,2020-08-01,2021-07-17
9503700,1969.0,148,2022-02-14,2022-07-18
9503700,108.0,7,2022-07-20,2022-07-28
9065100,2.0,6,1983-03-22,1983-03-30
9065100,645.0,44,1983-04-04,1983-05-21
9065100,382.0,24,1984-04-16,1984-05-09
9065100,52.0,6,1986-05-17,1986-05-24
9065100,10.0,18,1986-07-01,1986-07-19
9065100,9.0,5,1986-09-09,1986-09-14
9065100,125.0,17,1987-04-06,1987-04-24
9065100,5764.0,337,1987-05-15,1988-04-26
9065100,145.0,10,1988-05-07,1988-05-17
9065100,7144.0,321,1988-05-20,1989-04-07
9065100,3550.0,330,1989-05-05,1990-04-03
9065100,1248.0,169,1990-05-07,1990-10-29
9065100,92.0,10,1991-04-28,1991-05-08
9065100,1380.0,159,1991-10-29,1992-04-06
9065100,1008.0,117,1992-05-11,1992-09-09
9065100,142.0,13,1993-04-17,1993-04-30
9065100,4970.0,296,1994-05-22,1995-03-16
9065100,158.0,13,1995-03-27,1995-04-08
9065100,48.0,7,1995-04-22,1995-04-28
9065100,208.0,68,1996-10-09,1996-12-21
9065100,42.0,11,1997-04-09,1997-04-19
9065100,0.0,7,1998-06-09,1998-06-17
9065100,98.0,6,1999-05-06,1999-05-13
9065100,30.0,7,2000-04-06,2000-04-12
9065100,2.0,13,2001-07-20,2001-08-02
9065100,19.0,9,2001-08-16,2001-08-25
9065100,12.0,36,2002-02-02,2002-03-10
9065100,3652.0,179,2002-05-09,2002-11-04
9065100,68.0,14,2004-05-25,2004-06-11
9065100,0.0,8,2004-06-22,2004-06-29
9065100,68.0,18,2006-05-25,2006-06-13
9065100,890.0,110,2006-06-20,2006-10-09
9065100,25.0,5,2007-05-08,2007-05-12
9065100,24.0,9,2007-08-10,2007-08-20
9065100,268.0,14,2008-04-23,2008-05-07
9065100,80.0,8,2011-04-28,2011-05-06
9065100,2.0,5,2012-03-21,2012-03-25
9065100,1598.0,97,2012-05-06,2012-08-13
9065100,62.0,25,2013-03-11,2013-04-05
9065100,95.0,9,2013-04-19,2013-04-27
9065100,60.0,6,2013-05-03,2013-05-11
9065100,20.0,5,2014-04-18,2014-04-22
9065100,55.0,5,2014-04-29,2014-05-03
9065100,440.0,34,2016-04-05,2016-05-12
9065100,2100.0,159,2016-11-04,2017-04-13
9065100,38.0,7,2017-04-27,2017-05-03
9065100,108.0,10,2017-05-17,2017-05-29
9065100,1472.0,220,2017-09-12,2018-04-23
9065100,7923.0,344,2018-05-20,2019-05-04
9065100,3278.0,177,2019-11-11,2020-05-07
9065100,20.0,9,2020-06-13,2020-06-21
9065100,5736.0,252,2020-08-25,2021-05-06
9065100,118.0,6,2021-05-10,2021-05-16
9065100,5277.0,332,2021-06-02,2022-05-06
9065100,19.0,8,2022-10-28,2022-11-08
9065100,55.0,50,2022-12-14,2023-02-01
10257600,1240.0,129,1984-04-08,1984-08-15
10257600,325.0,43,1985-07-05,1985-08-16
10257600,162.0,31,1986-07-17,1986-08-16
10257600,509.0,55,1987-06-23,1987-08-16
10257600,353.0,45,1988-07-02,1988-08-15
10257600,384.0,52,1989-01-09,1989-03-01
10257600,24.0,8,1989-03-20,1989-03-30
10257600,40.0,9,1989-04-27,1989-05-05
10257600,121.0,18,1989-05-15,1989-06-01
10257600,2712.0,279,1989-06-09,1990-03-15
10257600,3941.0,364,1990-03-21,1991-03-26
10257600,40.0,17,1992-07-30,1992-08-15
10257600,38.0,9,1994-02-04,1994-02-14
10257600,107.0,25,1994-07-23,1994-08-16
10257600,54.0,18,1996-01-27,1996-02-15
10257600,460.0,52,1996-06-25,1996-08-15
10257600,1722.0,172,1997-04-07,1997-09-25
10257600,7658.0,447,1999-02-04,2000-05-31
10257600,638.0,62,2000-06-15,2000-08-15
10257600,168.0,39,2000-12-02,2001-01-10
10257600,524.0,59,2001-01-23,2001-03-26
10257600,12.0,5,2001-05-28,2001-06-01
10257600,600.0,60,2001-06-18,2001-08-16
10257600,8587.0,350,2002-01-01,2002-12-16
10257600,60.0,11,2003-02-07,2003-02-17
10257600,107.0,25,2003-07-23,2003-08-16
10257600,21.0,6,2004-05-26,2004-05-31
10257600,600.0,60,2004-06-17,2004-08-15
10257600,148.0,17,2006-02-15,2006-03-05
10257600,1.0,5,2006-03-20,2006-03-26
10257600,98.0,24,2006-07-24,2006-08-16
10257600,8665.0,382,2007-01-12,2008-02-01
10257600,102.0,19,2008-02-04,2008-02-22
10257600,460.0,52,2008-06-25,2008-08-15
10257600,131.0,24,2009-01-01,2009-01-28
10257600,111.0,20,2009-02-04,2009-02-25
10257600,54.0,10,2009-05-23,2009-06-01
10257600,920.0,177,2009-06-14,2009-12-07
10257600,5.0,8,2011-08-09,2011-08-16
10257600,986.0,79,2012-02-04,2012-04-24
10257600,54.0,10,2012-05-22,2012-05-31
10257600,13843.0,901,2012-06-12,2014-12-02
10257600,1354.0,139,2015-03-31,2015-08-16
10257600,28.0,5,2016-02-13,2016-02-17
10257600,4642.0,303,2016-03-11,2017-01-07
10257600,62.0,11,2017-05-22,2017-06-01
10257600,638.0,62,2017-06-16,2017-08-16
10257600,130.0,37,2017-12-03,2018-01-08
10257600,6680.0,365,2018-01-22,2019-02-07
10257600,26.0,15,2019-08-02,2019-08-16
9431500,12.0,9,1984-03-05,1984-03-17
9431500,10.0,6,1989-08-05,1989-08-11
9431500,58.0,19,1989-08-15,1989-09-05
9431500,185.0,25,1989-09-11,1989-10-05
9431500,2140.0,143,1989-10-26,1990-03-27
9431500,132.0,15,1990-04-11,1990-04-25
9431500,1078.0,80,1990-05-12,1990-08-03
9431500,102.0,22,1990-08-31,1990-09-23
9431500,235.0,33,1994-07-31,1994-09-01
9431500,381.0,30,1994-09-17,1994-10-16
9431500,18.0,11,1995-09-07,1995-09-18
9431500,1483.0,126,1995-09-24,1996-02-01
9431500,3192.0,179,1996-02-20,1996-08-22
9431500,94.0,20,1996-10-03,1996-10-27
9431500,36.0,9,1997-01-17,1997-01-25
9431500,290.0,36,1997-08-15,1997-09-20
9431500,1039.0,85,1999-01-16,1999-04-12
9431500,268.0,91,1999-04-18,1999-07-19
9431500,1766.0,133,1999-11-14,2000-03-25
9431500,2484.0,183,2000-04-08,2000-10-11
9431500,5.0,6,2001-08-08,2001-08-13
9431500,70.0,15,2001-09-01,2001-09-15
9431500,6733.0,332,2001-09-23,2002-09-02
9431500,63.0,18,2002-10-22,2002-11-11
9431500,47.0,6,2002-11-26,2002-12-02
9431500,20.0,9,2003-02-04,2003-02-13
9431500,12.0,7,2003-04-02,2003-04-11
9431500,2781.0,143,2003-06-20,2003-11-13
9431500,32.0,8,2003-12-08,2003-12-15
9431500,47.0,9,2003-12-21,2003-12-31
9431500,25.0,8,2004-01-09,2004-01-16
9431500,416.0,39,2004-01-23,2004-03-07
9431500,20.0,5,2004-08-02,2004-08-06
9431500,30.0,5,2004-08-13,2004-08-17
9431500,660.0,57,2004-08-24,2004-10-23
9431500,3954.0,226,2005-11-28,2006-07-20
9431500,95.0,17,2007-11-08,2007-11-24
9431500,12.0,9,2008-03-10,2008-03-18
9431500,212.0,33,2009-02-05,2009-03-13
9431500,962.0,105,2009-03-19,2009-07-02
9431500,430.0,41,2009-07-14,2009-08-24
9431500,2035.0,118,2009-09-30,2010-01-28
9431500,153.0,49,2010-12-02,2011-01-19
9431500,2292.0,189,2011-02-02,2011-08-14
9431500,8.0,5,2011-09-22,2011-09-29
9431500,98.0,19,2011-10-19,2011-11-07
9431500,3634.0,202,2012-07-05,2013-01-26
9431500,240.0,32,2013-02-14,2013-03-24
9431500,1765.0,105,2013-03-30,2013-07-21
9431500,8.0,6,2014-01-29,2014-02-03
9431500,48.0,15,2014-02-12,2014-03-01
9431500,318.0,64,2014-03-12,2014-05-18
9431500,45.0,12,2016-03-24,2016-04-05
9431500,15.0,8,2016-07-25,2016-08-03
9431500,58.0,14,2016-08-21,2016-09-07
9431500,18.0,6,2016-09-23,2016-09-28
9431500,129.0,23,2016-11-14,2016-12-06
9431500,2.0,6,2016-12-15,2016-12-21
9431500,4256.0,275,2017-10-09,2018-07-17
9431500,3950.0,207,2018-07-21,2019-02-19
9431500,18.0,6,2019-03-27,2019-04-01
9431500,40.0,10,2019-04-07,2019-04-17
9431500,145.0,19,2019-04-23,2019-05-12
9431500,4002.0,194,2019-05-19,2019-11-28
9431500,25.0,10,2020-01-29,2020-02-11
9431500,80.0,23,2020-07-02,2020-07-25
9431500,5363.0,253,2020-08-07,2022-06-23
9431500,20.0,8,2022-07-18,2022-07-25
9368000,178.0,33,1989-07-18,1989-08-19
9368000,118.0,46,1989-09-12,1989-10-28
9368000,7.0,10,1989-11-06,1989-11-19
9368000,1932.0,143,1989-11-30,1990-04-30
9368000,15.0,10,1994-03-18,1994-03-31
9368000,5152.0,364,1996-01-13,1997-01-12
9368000,4.0,5,1997-03-13,1997-03-17
9368000,4.0,5,1999-03-23,1999-03-29
9368000,60.0,15,1999-04-09,1999-04-23
9368000,100.0,30,2000-02-27,2000-03-27
9368000,1263.0,154,2000-06-28,2000-11-29
9368000,11223.0,659,2001-10-27,2003-09-11
9368000,201.0,43,2003-10-11,2003-11-24
9368000,10.0,11,2004-02-06,2004-02-19
9368000,58.0,26,2004-06-21,2004-07-16
9368000,7.0,10,2004-07-28,2004-08-09
9368000,302.0,46,2004-08-14,2004-10-01
9368000,4.0,6,2004-10-03,2004-10-09
9368000,114.0,32,2006-03-08,2006-04-08
9368000,2007.0,150,2006-05-09,2006-10-05
9368000,8.0,8,2007-05-31,2007-06-07
9368000,148.0,67,2008-11-24,2009-02-05
9368000,8.0,11,2009-02-13,2009-02-26
9368000,28.0,15,2009-04-01,2009-04-16
9368000,35.0,8,2009-04-23,2009-04-30
9368000,69.0,21,2009-06-08,2009-06-28
9368000,2148.0,204,2009-08-20,2010-03-12
9368000,9.0,6,2011-04-15,2011-04-20
9368000,38.0,12,2011-05-01,2011-05-14
9368000,147.0,28,2011-05-19,2011-06-17
9368000,520.0,85,2011-08-11,2011-11-05
9368000,9370.0,492,2012-05-10,2013-09-13
9368000,59.0,10,2014-04-29,2014-05-08
9368000,34.0,7,2014-05-15,2014-05-22
9368000,82.0,36,2014-07-10,2014-08-14
9368000,4.0,6,2014-09-14,2014-09-22
9368000,404.0,39,2016-04-20,2016-06-01
9368000,11450.0,531,2017-11-14,2019-05-02
9368000,41.0,9,2019-05-04,2019-05-12
9368000,52.0,15,2019-05-21,2019-06-04
9368000,11857.0,657,2019-10-01,2021-07-28
9368000,2535.0,245,2021-09-18,2022-05-28
9368000,276.0,37,2022-06-03,2022-07-09
9315000,22.0,7,1987-05-09,1987-05-15
9315000,2156.0,200,1988-09-09,1989-03-29
9315000,7086.0,531,1989-05-30,1990-11-17
9315000,10.0,13,1991-03-05,1991-03-19
9315000,817.0,63,1991-03-29,1991-05-30
9315000,22.0,30,1992-02-02,1992-03-03
9315000,20.0,10,1992-04-19,1992-04-28
9315000,3125.0,290,1992-05-31,1993-03-16
9315000,243.0,36,1994-04-19,1994-05-24
9315000,3304.0,212,1994-06-03,1994-12-31
9315000,85.0,19,1995-04-23,1995-05-11
9315000,9.0,5,2000-06-02,2000-06-06
9315000,1429.0,139,2000-06-16,2000-11-01
9315000,322.0,103,2001-01-01,2001-04-18
9315000,12991.0,634,2001-06-08,2003-03-03
9315000,2694.0,256,2003-08-05,2004-04-18
9315000,949.0,64,2004-05-28,2004-07-30
9315000,1122.0,143,2007-05-23,2007-10-14
9315000,709.0,79,2010-03-16,2010-06-02
9315000,1266.0,80,2012-05-16,2012-08-03
9315000,3932.0,209,2012-11-02,2013-05-29
9315000,70.0,42,2013-08-01,2013-09-14
9315000,10.0,14,2013-09-16,2013-09-30
9315000,2327.0,180,2018-03-20,2018-09-19
9315000,4619.0,227,2018-10-13,2019-05-31
9315000,1106.0,173,2019-12-05,2020-06-01
9315000,11264.0,518,2020-10-15,2022-06-16
9315000,10.0,13,2022-10-01,2022-10-15
9315000,413.0,76,2022-11-18,2023-02-01
9444000,4522.0,319,1989-11-11,1990-10-05
9444000,302.0,41,1990-10-08,1990-11-19
9444000,3199.0,251,1996-02-27,1996-11-07
9444000,90.0,20,1996-11-17,1996-12-07
9444000,330.0,60,1996-12-15,1997-02-16
9444000,20.0,12,1997-02-21,1997-03-07
9444000,5.0,5,1997-09-11,1997-09-15
9444000,30.0,28,1997-11-27,1997-12-31
9444000,16.0,9,1998-01-05,1998-01-16
9444000,22.0,13,1998-01-20,1998-02-01
9444000,5.0,5,1998-02-17,1998-02-23
9444000,45.0,22,1999-03-13,1999-04-07
9444000,3986.0,257,2000-01-27,2000-10-11
9444000,4748.0,246,2002-01-05,2002-09-10
9444000,1089.0,71,2002-09-21,2002-12-06
9444000,554.0,43,2002-12-09,2003-01-22
9444000,82.0,9,2003-02-05,2003-02-13
9444000,132.0,15,2003-02-23,2003-03-10
9444000,30.0,22,2003-08-12,2003-09-07
9444000,20.0,9,2003-09-13,2003-09-22
9444000,100.0,27,2003-10-17,2003-11-12
9444000,25.0,7,2003-11-19,2003-11-25
9444000,819.0,87,2003-12-09,2004-03-09
9444000,1068.0,140,2006-02-16,2006-07-07
9444000,78.0,13,2006-07-13,2006-07-27
9444000,30.0,47,2009-03-20,2009-05-13
9444000,165.0,48,2009-07-07,2009-08-23
9444000,2592.0,179,2009-08-30,2010-03-04
9444000,32.0,11,2011-02-02,2011-02-12
9444000,2288.0,273,2011-03-08,2011-12-13
9444000,70.0,13,2011-12-23,2012-01-04
9444000,1658.0,183,2012-07-25,2013-01-26
9444000,20.0,62,2013-05-08,2013-07-12
9444000,12.0,10,2016-09-14,2016-09-23
9444000,653.0,114,2016-10-05,2017-02-06
9444000,82.0,14,2017-02-15,2017-03-02
9444000,1295.0,149,2017-03-11,2017-08-11
9444000,21729.0,926,2017-08-20,2020-03-11
9444000,9618.0,494,2020-04-12,2022-08-20
9444000,473.0,36,2022-08-26,2022-10-07
9444000,38.0,10,2022-11-09,2022-11-18
9306242,19439.0,1117,1989-03-21,1992-04-24
9306242,959.0,104,1992-07-08,1992-10-19
9306242,350.0,69,1994-08-13,1994-10-20
9306242,113.0,48,1996-09-02,1996-10-19
9306242,40.0,8,2000-03-20,2000-03-27
9306242,18674.0,1568,2000-06-28,2004-12-23
9306242,366.0,70,2006-08-12,2006-10-20
9306242,113.0,48,2007-09-03,2007-10-20
9306242,145.0,18,2008-03-20,2008-04-06
9306242,21.0,29,2008-09-21,2008-10-19
9306242,353.0,33,2009-03-21,2009-04-22
9306242,870.0,99,2009-07-14,2009-10-20
9306242,403.0,47,2010-03-07,2010-04-26
9306242,228.0,61,2010-08-21,2010-10-20
9306242,6466.0,580,2012-03-20,2013-10-20
9306242,69.0,11,2017-03-21,2017-03-31
9306242,1137.0,114,2017-06-29,2017-10-20
9306242,8516.0,447,2018-02-02,2019-04-24
9306242,113.0,48,2019-09-03,2019-10-20
9306242,23194.0,1056,2020-03-13,2023-02-01
9223000,509.0,32,1984-04-11,1984-05-12
9223000,41.0,9,1985-04-03,1985-04-11
9223000,56.0,17,1985-06-13,1985-06-29
9223000,13.0,18,1985-07-05,1985-07-22
9223000,4.0,5,1987-05-17,1987-05-21
9223000,194.0,18,1988-03-31,1988-04-17
9223000,4726.0,287,1988-06-25,1989-04-07
9223000,931.0,145,1989-11-07,1990-03-31
9223000,7.0,10,1990-08-16,1990-08-25
9223000,736.0,112,1991-01-22,1991-05-15
9223000,267.0,38,1992-05-27,1992-07-03
9223000,3077.0,260,1992-08-27,1993-05-14
9223000,3823.0,233,1994-05-13,1995-02-05
9223000,598.0,60,1996-09-28,1996-11-26
9223000,331.0,61,1999-11-28,2000-01-27
9223000,19450.0,1006,2000-04-04,2003-01-31
9223000,7113.0,359,2003-05-07,2004-06-11
9223000,286.0,24,2005-03-28,2005-04-20
9223000,18.0,24,2006-07-23,2006-08-15
9223000,13.0,15,2006-08-26,2006-09-09
9223000,2442.0,158,2007-05-15,2007-10-19
9223000,1735.0,117,2008-01-28,2008-05-23
9223000,118.0,21,2010-05-09,2010-05-29
9223000,7.0,10,2010-10-19,2010-10-28
9223000,2361.0,207,2012-05-16,2012-12-08
9223000,138.0,48,2013-02-02,2013-03-21
9223000,58.0,13,2013-04-26,2013-05-08
9223000,209.0,36,2016-08-25,2016-09-29
9223000,196.0,41,2018-03-22,2018-05-05
9223000,3945.0,339,2018-05-30,2019-05-16
9223000,102.0,50,2020-02-06,2020-03-26
9223000,153.0,26,2020-04-07,2020-05-02
9223000,6150.0,336,2020-09-26,2021-08-27
9223000,1179.0,145,2022-04-21,2022-09-27
9223000,1630.0,108,2022-10-17,2023-02-01
9209400,38.0,9,1984-05-05,1984-05-13
9209400,854.0,67,1985-06-01,1985-08-06
9209400,30.0,8,1987-04-11,1987-04-18
9209400,6599.0,316,1988-06-02,1989-04-13
9209400,96.0,31,1989-06-02,1989-07-07
9209400,10.0,10,1989-08-21,1989-08-30
9209400,12.0,13,1989-11-23,1989-12-09
9209400,1014.0,114,1989-12-14,1990-04-07
9209400,2468.0,156,1990-05-16,1990-11-07
9209400,77.0,29,1991-02-24,1991-03-26
9209400,682.0,49,1991-04-06,1991-05-24
9209400,58.0,22,1992-02-02,1992-02-23
9209400,18.0,5,1992-03-01,1992-03-05
9209400,7263.0,366,1992-05-17,1993-05-17
9209400,147.0,18,1994-04-29,1994-05-16
9209400,4096.0,220,1994-05-24,1995-02-03
9209400,57.0,35,1995-02-09,1995-03-17
9209400,258.0,22,1999-04-08,1999-04-29
9209400,21.0,6,1999-05-18,1999-05-23
9209400,449.0,47,2000-03-14,2000-04-29
9209400,16.0,5,2000-05-20,2000-05-24
9209400,182.0,49,2000-06-09,2000-07-30
9209400,2084.0,184,2000-09-30,2001-04-05
9209400,9562.0,382,2001-04-13,2002-06-02
9209400,3714.0,242,2002-06-09,2003-02-08
9209400,4622.0,317,2003-05-11,2004-03-29
9209400,28.0,12,2006-06-18,2006-06-29
9209400,306.0,88,2006-07-08,2006-10-06
9209400,1726.0,129,2007-05-27,2007-10-06
9209400,680.0,40,2008-04-01,2008-05-16
9209400,473.0,37,2010-05-02,2010-06-07
9209400,114.0,43,2010-10-25,2010-12-11
9209400,87.0,24,2010-12-25,2011-01-17
9209400,130.0,31,2012-10-18,2012-11-21
9209400,30.0,11,2012-12-05,2012-12-16
9209400,464.0,76,2013-01-18,2013-04-08
9209400,214.0,26,2013-04-20,2013-05-15
9209400,140.0,38,2013-08-01,2013-09-09
9209400,177.0,38,2016-09-09,2016-10-17
9209400,6.0,5,2018-04-09,2018-04-14
9209400,131.0,22,2018-04-16,2018-05-07
9209400,2620.0,232,2018-10-18,2019-06-07
9209400,435.0,54,2020-03-24,2020-05-19
9209400,4.0,6,2020-05-25,2020-05-30
9209400,4862.0,249,2020-10-06,2021-06-17
9209400,1639.0,123,2021-06-25,2021-11-01
9209400,1995.0,177,2021-12-17,2022-06-13
9209400,23.0,12,2022-08-07,2022-08-20
9209400,1386.0,145,2022-08-31,2023-02-01
9073300,724.0,39,1983-04-27,1983-06-04
9073300,223.0,22,1984-04-29,1984-05-20
9073300,2675.0,272,1987-08-03,1988-05-09
9073300,196.0,41,1988-05-21,1988-07-03
9073300,3618.0,226,1988-08-29,1989-04-14
9073300,1525.0,201,1989-09-25,1990-04-14
9073300,2853.0,163,1990-05-26,1990-11-04
9073300,91.0,11,1991-04-28,1991-05-08
9073300,2400.0,178,1991-10-27,1992-04-22
9073300,100.0,20,1992-05-31,1992-06-19
9073300,36.0,36,1992-07-03,1992-08-07
9073300,255.0,29,1993-04-14,1993-05-15
9073300,5498.0,350,1994-06-06,1995-06-01
9073300,905.0,112,1996-09-09,1997-01-02
9073300,143.0,46,1998-06-18,1998-08-02
9073300,430.0,94,2000-06-08,2000-09-23
9073300,30.0,15,2001-03-16,2001-04-02
9073300,1151.0,86,2001-06-02,2001-08-26
9073300,5721.0,314,2002-05-20,2003-04-01
9073300,27.0,7,2003-04-04,2003-04-10
9073300,421.0,46,2003-08-09,2003-09-23
9073300,421.0,88,2003-12-23,2004-03-21
9073300,2786.0,164,2004-05-27,2004-11-06
9073300,725.0,87,2006-06-04,2006-08-29
9073300,1439.0,127,2007-05-29,2007-10-02
9073300,349.0,24,2008-05-02,2008-05-26
9073300,28.0,32,2009-01-26,2009-03-02
9073300,4.0,5,2009-03-09,2009-03-16
9073300,32.0,21,2009-10-03,2009-10-23
9073300,301.0,21,2011-05-04,2011-05-27
9073300,2255.0,122,2012-05-23,2012-09-21
9073300,690.0,50,2013-04-02,2013-05-23
9073300,112.0,16,2014-05-08,2014-05-23
9073300,233.0,29,2016-04-14,2016-05-19
9073300,3354.0,226,2016-09-22,2017-05-24
9073300,178.0,23,2018-04-05,2018-04-28
9073300,9858.0,384,2018-05-15,2019-06-03
9073300,3929.0,186,2019-11-07,2020-05-10
9073300,6069.0,285,2020-08-26,2021-06-08
9073300,4.0,5,2021-10-23,2021-10-28
9073300,706.0,181,2021-11-04,2022-05-06
9073300,40.0,8,2022-05-21,2022-05-31
10259200,215.0,67,1989-12-24,1990-02-28
10259200,763.0,221,1990-07-22,1991-02-27
10259200,1034.0,267,1996-02-29,1996-11-21
10259200,1157.0,145,1997-02-27,1997-07-21
10259200,267.0,48,1999-02-28,1999-04-16
10259200,5757.0,391,2000-02-02,2001-02-26
10259200,4798.0,389,2002-02-03,2003-02-26
10259200,508.0,228,2007-04-17,2007-11-30
10259200,45350.0,2265,2012-02-27,2019-02-02
10259200,17.0,23,2021-12-01,2021-12-23
10259200,2275.0,339,2022-02-28,2023-02-01
9239500,622.0,47,1983-04-08,1983-05-25
9239500,111.0,12,1984-04-30,1984-05-11
9239500,310.0,27,1987-04-01,1987-04-27
9239500,714.0,92,1987-05-14,1987-08-13
9239500,54.0,14,1988-03-13,1988-03-26
9239500,52.0,15,1988-11-08,1988-11-23
9239500,30.0,29,1989-01-31,1989-03-04
9239500,203.0,27,1989-05-28,1989-06-30
9239500,20.0,27,1989-07-11,1989-08-06
9239500,340.0,108,1989-11-28,1990-03-20
9239500,277.0,25,1991-04-17,1991-05-11
9239500,337.0,37,1992-05-16,1992-06-26
9239500,167.0,35,1992-10-24,1992-11-27
9239500,37.0,24,1993-09-18,1993-10-11
9239500,38.0,8,1994-02-22,1994-03-02
9239500,152.0,18,1994-04-02,1994-04-19
9239500,5555.0,291,1994-05-23,1995-03-11
9239500,156.0,30,1995-03-28,1995-04-30
9239500,11.0,5,1997-03-12,1997-03-16
9239500,42.0,11,1998-06-06,1998-06-16
9239500,259.0,55,1999-12-01,2000-01-25
9239500,3659.0,309,2000-05-29,2001-04-03
9239500,4808.0,324,2001-05-21,2002-04-09
9239500,4907.0,265,2002-05-11,2003-02-05
9239500,23.0,31,2003-08-14,2003-09-13
9239500,608.0,101,2003-11-19,2004-03-02
9239500,12.0,6,2004-03-04,2004-03-10
9239500,1633.0,125,2004-05-15,2004-09-16
9239500,12.0,6,2005-04-13,2005-04-18
9239500,17.0,20,2006-06-21,2006-07-10
9239500,787.0,125,2007-05-26,2007-09-27
9239500,64.0,18,2008-03-18,2008-04-08
9239500,229.0,23,2008-04-27,2008-05-19
9239500,1029.0,83,2010-02-26,2010-05-19
9239500,63.0,26,2010-09-29,2010-10-24
9239500,4.0,6,2012-03-20,2012-03-25
9239500,8201.0,358,2012-05-08,2013-04-30
9239500,26.0,9,2016-04-29,2016-05-07
9239500,2102.0,162,2016-09-15,2017-03-13
9239500,903.0,68,2017-03-27,2017-06-05
9239500,1530.0,134,2017-07-01,2017-11-18
9239500,15.0,7,2017-11-25,2017-12-02
9239500,1586.0,115,2018-01-26,2018-05-22
9239500,12.0,6,2018-06-04,2018-06-09
9239500,8100.0,351,2018-06-17,2019-06-03
9239500,2783.0,200,2019-10-12,2020-05-19
9239500,6146.0,299,2020-08-06,2021-06-01
9239500,2561.0,157,2021-06-14,2021-11-17
9239500,767.0,75,2022-02-28,2022-05-16
9239500,34.0,7,2022-05-23,2022-05-29
9468500,2659.0,277,1989-08-04,1990-07-25
9468500,66.0,20,1990-07-28,1990-08-19
9468500,3117.0,386,1996-01-03,1997-02-02
9468500,2757.0,148,1997-08-04,1997-12-29
9468500,1945.0,185,1999-02-03,1999-08-06
9468500,6382.0,316,1999-12-12,2000-10-22
9468500,9887.0,473,2002-01-22,2003-09-24
9468500,483.0,76,2003-12-30,2004-03-14
9468500,15.0,14,2004-08-26,2004-09-08
9468500,19.0,26,2004-09-20,2004-10-16
9468500,13.0,14,2004-10-23,2004-11-05
9468500,4443.0,220,2005-12-22,2006-07-29
9468500,318.0,54,2007-01-08,2007-03-03
9468500,500.0,150,2007-03-16,2007-08-12
9468500,565.0,66,2007-10-04,2007-12-13
9468500,3144.0,152,2009-08-23,2010-01-21
9468500,3116.0,235,2011-05-05,2011-12-25
9468500,1830.0,175,2012-03-02,2012-08-23
9468500,205.0,33,2013-08-27,2013-09-28
9468500,90.0,19,2013-11-12,2013-12-01
9468500,233.0,32,2014-02-10,2014-03-14
9468500,1148.0,159,2014-03-21,2014-08-26
9468500,1966.0,142,2016-08-14,2017-01-02
9468500,9043.0,462,2017-11-06,2019-02-10
9468500,915.0,91,2019-09-03,2019-12-05
9468500,7425.0,341,2020-09-20,2021-08-26
9468500,285.0,35,2021-12-03,2022-01-07
9468500,2368.0,173,2022-03-01,2022-08-22
9429600,7997.0,843,1989-12-03,1992-03-24
9429600,47.0,56,2001-01-24,2001-03-20
9429600,6.0,8,2001-03-26,2001-04-02
9429600,92.0,126,2001-05-29,2001-10-01
9429600,16579.0,1137,2001-10-22,2004-12-01
9429600,7196.0,605,2012-10-01,2014-05-28
9429600,30222.0,1607,2018-04-03,2023-01-23
9032000,235.0,14,1983-05-18,1983-05-31
9032000,566.0,33,1984-04-13,1984-05-15
9032000,402.0,23,1986-05-18,1986-06-09
9032000,654.0,61,1987-06-04,1987-08-03
9032000,2295.0,213,1988-08-17,1989-03-17
9032000,154.0,21,1989-05-21,1989-06-11
9032000,2742.0,187,1989-10-12,1990-04-16
9032000,144.0,17,1990-05-14,1990-05-30
9032000,10.0,14,1990-07-04,1990-07-21
9032000,261.0,27,1991-04-19,1991-05-15
9032000,2096.0,181,1991-10-23,1992-04-20
9032000,30.0,15,1992-08-05,1992-08-19
9032000,4.0,6,1993-02-02,1993-02-07
9032000,8.0,7,1993-02-13,1993-02-19
9032000,13.0,8,1993-02-26,1993-03-05
9032000,418.0,64,1993-03-13,1993-05-16
9032000,1084.0,215,1993-10-15,1994-05-17
9032000,5841.0,306,1994-06-11,1995-04-12
9032000,4.0,5,1996-04-21,1996-04-25
9032000,947.0,68,1996-08-04,1996-10-10
9032000,34.0,7,1997-08-03,1997-08-09
9032000,346.0,23,1999-05-14,1999-06-05
9032000,16.0,9,1999-07-22,1999-07-30
9032000,71.0,20,2000-03-29,2000-04-17
9032000,986.0,94,2000-06-10,2000-09-11
9032000,803.0,48,2001-06-07,2001-07-24
9032000,7.0,10,2001-11-01,2001-11-10
9032000,27.0,14,2002-03-19,2002-04-03
9032000,3865.0,159,2002-05-17,2002-10-22
9032000,163.0,63,2003-02-02,2003-04-05
9032000,645.0,35,2004-05-29,2004-07-02
9032000,10.0,10,2004-08-19,2004-08-28
9032000,194.0,25,2005-07-25,2005-08-18
9032000,285.0,30,2006-06-14,2006-07-13
9032000,360.0,48,2006-08-15,2006-10-01
9032000,6.0,8,2006-11-01,2006-11-10
9032000,163.0,19,2007-05-26,2007-06-13
9032000,125.0,27,2008-04-16,2008-05-12
9032000,75.0,32,2009-09-14,2009-10-15
9032000,470.0,69,2010-06-04,2010-08-11
9032000,231.0,32,2010-09-30,2010-10-31
9032000,160.0,16,2011-05-19,2011-06-03
9032000,2129.0,83,2012-05-13,2012-08-03
9032000,49.0,23,2013-03-22,2013-04-15
9032000,31.0,19,2013-04-27,2013-05-18
9032000,719.0,69,2013-06-04,2013-08-15
9032000,4.0,5,2014-07-31,2014-08-05
9032000,83.0,13,2015-05-22,2015-06-03
9032000,4821.0,268,2015-08-31,2016-05-24
9032000,6213.0,280,2016-07-09,2017-04-17
9032000,1390.0,126,2017-06-06,2017-10-09
9032000,376.0,30,2018-04-14,2018-05-13
9032000,7705.0,367,2018-06-03,2019-06-04
9032000,5934.0,281,2019-08-11,2020-05-17
9032000,6325.0,288,2020-08-09,2021-05-23
9032000,2070.0,220,2021-10-10,2022-05-17
9032000,358.0,87,2022-11-07,2023-02-01
9059500,1783.0,130,1983-01-01,1983-05-10
9059500,200.0,26,1984-03-20,1984-04-14
9059500,7.0,6,1984-04-30,1984-05-05
9059500,301.0,48,1985-06-09,1985-07-26
9059500,224.0,23,1986-05-11,1986-06-02
9059500,25.0,21,1986-08-22,1986-09-11
9059500,7222.0,430,1987-04-02,1988-06-07
9059500,6444.0,270,1988-06-21,1989-03-17
9059500,975.0,92,1989-05-14,1989-08-13
9059500,1725.0,186,1989-09-15,1990-03-20
9059500,901.0,91,1990-04-25,1990-07-24
9059500,205.0,43,1990-09-04,1990-10-16
9059500,869.0,68,1991-04-15,1991-06-21
9059500,113.0,24,1991-07-18,1991-08-10
9059500,28.0,15,1992-03-22,1992-04-10
9059500,907.0,49,1992-05-06,1992-06-23
9059500,372.0,42,1992-07-24,1992-09-03
9059500,620.0,161,1992-10-18,1993-03-28
9059500,128.0,22,1993-09-02,1993-09-23
9059500,63.0,16,1994-04-09,1994-04-24
9059500,6093.0,300,1994-05-23,1995-03-18
9059500,1571.0,121,1996-08-08,1996-12-06
9059500,606.0,71,1998-05-30,1998-08-08
9059500,21.0,9,1999-04-22,1999-04-30
9059500,761.0,73,1999-11-15,2000-01-26
9059500,159.0,24,2000-08-09,2000-09-01
9059500,3426.0,266,2001-07-08,2002-03-30
9059500,2449.0,137,2002-05-12,2002-09-25
9059500,17.0,6,2004-05-14,2004-05-19
9059500,360.0,36,2004-05-30,2004-07-04
9059500,62.0,21,2004-08-13,2004-09-03
9059500,8.0,8,2006-05-16,2006-05-23
9059500,146.0,23,2006-06-25,2006-07-17
9059500,48.0,9,2007-05-21,2007-05-29
9059500,211.0,25,2007-07-27,2007-08-20
9059500,118.0,24,2008-03-25,2008-04-18
9059500,93.0,20,2010-03-19,2010-04-08
9059500,36.0,13,2010-10-17,2010-10-29
9059500,1791.0,85,2012-05-05,2012-07-28
9059500,12.0,13,2013-07-30,2013-08-12
9059500,51.0,13,2016-04-28,2016-05-10
9059500,2308.0,146,2016-10-28,2017-03-22
9059500,395.0,33,2017-04-12,2017-05-14
9059500,12.0,6,2017-08-13,2017-08-21
9059500,411.0,45,2017-09-04,2017-10-18
9059500,745.0,55,2018-03-17,2018-05-10
9059500,4949.0,336,2018-05-26,2019-04-26
9059500,4608.0,227,2019-09-24,2020-05-12
9059500,6899.0,279,2020-08-17,2021-05-22
9059500,202.0,49,2021-09-27,2021-11-14
9059500,18.0,24,2021-12-08,2021-12-31
9059500,906.0,106,2022-01-27,2022-05-12
9124500,760.0,46,1983-04-12,1983-05-27
9124500,102.0,16,1984-04-27,1984-05-12
9124500,18.0,8,1987-04-20,1987-04-27
9124500,5.0,7,1987-08-29,1987-09-04
9124500,936.0,69,1987-09-16,1987-11-23
9124500,21.0,9,1988-04-04,1988-04-12
9124500,201.0,31,1988-08-16,1988-09-15
9124500,2826.0,303,1989-06-03,1990-04-08
9124500,319.0,32,1991-04-14,1991-05-19
9124500,1795.0,163,1991-10-31,1992-04-10
9124500,2821.0,190,1992-10-18,1993-04-27
9124500,55.0,5,1993-05-10,1993-05-14
9124500,97.0,29,1993-08-18,1993-09-15
9124500,14.0,19,1994-03-10,1994-03-28
9124500,47.0,11,1994-04-09,1994-04-19
9124500,704.0,56,1994-08-01,1994-09-25
9124500,1542.0,131,1996-05-26,1996-10-03
9124500,169.0,61,1998-06-04,1998-08-03
9124500,1508.0,138,2000-06-02,2000-10-17
9124500,40.0,25,2001-08-04,2001-08-28
9124500,1065.0,177,2001-10-06,2002-04-04
9124500,3570.0,142,2002-05-13,2002-10-01
9124500,739.0,53,2003-07-19,2003-09-09
9124500,185.0,39,2004-06-22,2004-07-30
9124500,4.0,6,2005-08-11,2005-08-16
9124500,4.0,6,2005-09-26,2005-10-02
9124500,814.0,63,2006-05-24,2006-07-25
9124500,2303.0,225,2008-09-09,2009-04-25
9124500,25.0,11,2009-06-01,2009-06-11
9124500,537.0,67,2009-09-05,2009-11-10
9124500,81.0,18,2010-03-29,2010-04-15
9124500,279.0,34,2010-07-15,2010-08-17
9124500,5.0,7,2011-09-17,2011-09-23
9124500,8111.0,450,2012-05-18,2013-08-10
9124500,316.0,38,2016-04-21,2016-05-29
9124500,27.0,37,2017-02-02,2017-03-10
9124500,400.0,46,2017-04-14,2017-06-01
9124500,10845.0,556,2017-11-24,2019-06-03
9124500,5221.0,258,2019-09-25,2020-06-18
9124500,7835.0,359,2020-07-26,2021-07-26
9124500,4640.0,287,2021-10-01,2022-07-14
9124500,1118.0,122,2022-10-03,2023-02-01
9147500,6.0,5,1983-05-18,1983-05-23
9147500,117.0,27,1987-10-09,1987-11-04
9147500,45.0,18,1988-03-29,1988-04-16
9147500,116.0,32,1988-08-01,1988-09-03
9147500,1647.0,144,1989-05-25,1989-10-18
9147500,1830.0,150,1989-11-06,1990-04-04
9147500,301.0,38,1990-06-02,1990-07-09
9147500,132.0,27,1990-09-05,1990-10-01
9147500,128.0,25,1991-04-18,1991-05-12
9147500,1321.0,157,1991-10-03,1992-03-10
9147500,281.0,93,1992-10-18,1993-01-19
9147500,9.0,12,1993-02-02,1993-02-13
9147500,4.0,5,1993-02-26,1993-03-04
9147500,14.0,9,1993-08-19,1993-08-27
9147500,384.0,48,1994-07-30,1994-09-15
9147500,7.0,6,1995-04-26,1995-05-02
9147500,394.0,45,1996-05-27,1996-07-12
9147500,678.0,57,1996-08-03,1996-09-28
9147500,961.0,127,2000-06-03,2000-10-07
9147500,63.0,16,2001-06-07,2001-06-22
9147500,25.0,11,2001-07-08,2001-07-18
9147500,8.0,7,2001-08-01,2001-08-07
9147500,1112.0,204,2001-09-16,2002-04-08
9147500,2838.0,125,2002-05-12,2002-09-13
9147500,335.0,35,2003-07-14,2003-08-18
9147500,806.0,55,2006-05-22,2006-07-15
9147500,4.0,5,2007-05-31,2007-06-06
9147500,4.0,6,2007-06-10,2007-06-15
9147500,27.0,14,2007-07-16,2007-07-29
9147500,4.0,6,2008-05-02,2008-05-07
9147500,1785.0,214,2008-09-29,2009-04-30
9147500,501.0,62,2009-08-25,2009-11-05
9147500,451.0,67,2010-02-13,2010-04-20
9147500,35.0,14,2010-07-19,2010-08-01
9147500,216.0,28,2011-04-30,2011-05-27
9147500,9199.0,502,2012-03-17,2013-07-31
9147500,494.0,45,2016-04-09,2016-05-23
9147500,81.0,39,2017-01-20,2017-03-02
9147500,66.0,24,2017-03-05,2017-03-29
9147500,417.0,56,2017-04-05,2017-05-30
9147500,11318.0,589,2017-10-25,2019-06-05
9147500,5082.0,259,2019-09-14,2020-05-31
9147500,18875.0,945,2020-06-11,2023-02-01
9489500,94.0,39,1984-03-21,1984-04-28
9489500,4.0,5,1989-03-27,1989-03-31
9489500,5163.0,435,1989-04-16,1990-07-14
9489500,115.0,21,1991-10-29,1991-11-18
9489500,18.0,14,1992-10-28,1992-11-10
9489500,196.0,31,1993-08-13,1993-09-20
9489500,161.0,43,1994-02-12,1994-03-26
9489500,206.0,25,1994-07-29,1994-08-22
9489500,1546.0,203,1995-08-02,1996-02-23
9489500,3059.0,168,1996-03-16,1996-08-30
9489500,4.0,5,1997-03-12,1997-03-16
9489500,27.0,13,1997-07-31,1997-08-12
9489500,213.0,34,1997-08-23,1997-09-25
9489500,327.0,77,1998-01-04,1998-03-21
9489500,424.0,40,1998-09-21,1998-10-30
9489500,2054.0,141,1999-03-04,1999-07-22
9489500,6706.0,331,1999-11-19,2000-10-14
9489500,6867.0,323,2001-10-23,2002-09-11
9489500,371.0,41,2003-08-04,2003-09-13
9489500,148.0,25,2004-08-05,2004-08-31
9489500,388.0,53,2004-09-05,2004-10-27
9489500,15.0,7,2005-10-13,2005-10-19
9489500,1077.0,134,2005-12-03,2006-04-15
9489500,58.0,20,2006-07-11,2006-07-30
9489500,10.0,12,2007-01-31,2007-02-11
9489500,245.0,31,2007-10-31,2007-11-30
9489500,26.0,20,2008-12-12,2008-12-31
9489500,3790.0,227,2009-08-18,2010-04-01
9489500,2580.0,167,2010-09-26,2011-03-11
9489500,150.0,22,2011-07-15,2011-08-05
9489500,13.0,11,2011-11-22,2011-12-02
9489500,407.0,36,2012-10-19,2012-11-23
9489500,934.0,120,2014-04-02,2014-07-30
9489500,6.0,8,2015-04-30,2015-05-07
9489500,2436.0,223,2016-03-31,2016-11-20
9489500,362.0,88,2017-05-08,2017-08-03
9489500,10462.0,505,2017-09-12,2019-03-03
9489500,1350.0,99,2019-09-02,2019-12-09
9489500,8120.0,372,2020-07-21,2021-07-28
9489500,376.0,67,2021-11-25,2022-01-30
9489500,1622.0,137,2022-02-24,2022-07-10
9112500,671.0,41,1983-04-20,1983-05-30
9112500,213.0,31,1984-03-19,1984-04-18
9112500,16.0,5,1984-04-27,1984-05-01
9112500,48.0,6,1984-05-07,1984-05-12
9112500,266.0,27,1987-04-05,1987-05-01
9112500,32.0,7,1987-05-26,1987-06-01
9112500,859.0,110,1987-07-21,1987-11-15
9112500,56.0,20,1988-03-23,1988-04-15
9112500,27.0,10,1988-05-23,1988-06-04
9112500,97.0,23,1988-08-30,1988-09-21
9112500,1487.0,141,1988-10-26,1989-03-16
9112500,20.0,10,1989-07-25,1989-08-03
9112500,18.0,14,1989-09-17,1989-09-30
9112500,2314.0,180,1989-10-07,1990-04-04
9112500,2010.0,147,1990-05-11,1990-10-04
9112500,137.0,24,1991-04-17,1991-05-10
9112500,1976.0,174,1991-10-18,1992-04-08
9112500,104.0,52,1992-05-30,1992-07-20
9112500,311.0,82,1993-01-01,1993-03-23
9112500,23.0,5,1993-05-10,1993-05-14
9112500,14.0,9,1994-04-29,1994-05-09
9112500,1036.0,99,1994-08-04,1994-11-18
9112500,69.0,28,1995-02-02,1995-03-01
9112500,9.0,5,1996-09-30,1996-10-05
9112500,253.0,43,1998-09-08,1998-10-20
9112500,534.0,90,2000-06-05,2000-09-02
9112500,707.0,80,2001-05-30,2001-08-17
9112500,3519.0,156,2002-05-15,2002-10-17
9112500,172.0,52,2004-06-02,2004-07-25
9112500,297.0,49,2004-08-15,2004-10-02
9112500,1850.0,145,2007-05-20,2007-10-11
9112500,920.0,91,2008-02-06,2008-05-07
9112500,5.0,7,2009-10-12,2009-10-18
9112500,292.0,39,2010-03-17,2010-04-27
9112500,20.0,7,2010-05-02,2010-05-09
9112500,534.0,125,2011-10-04,2012-02-05
9112500,8451.0,369,2012-05-13,2013-05-16
9112500,665.0,45,2016-04-08,2016-05-22
9112500,2194.0,153,2016-10-18,2017-03-19
9112500,37.0,7,2017-05-19,2017-05-25
9112500,30.0,41,2017-11-19,2017-12-29
9112500,9164.0,454,2018-03-02,2019-06-02
9112500,20044.0,1051,2019-10-12,2022-09-04
9112500,6.0,8,2022-10-04,2022-10-11
9112500,4.0,6,2022-10-21,2022-10-26
9112500,587.0,86,2022-11-08,2023-02-01
9497500,146.0,53,1989-04-02,1989-05-24
9497500,6004.0,379,1989-07-16,1990-07-29
9497500,8.0,11,1991-11-06,1991-11-16
9497500,73.0,17,1993-08-22,1993-09-07
9497500,19.0,13,1994-02-21,1994-03-05
9497500,293.0,30,1994-07-29,1994-08-27
9497500,5636.0,414,1995-08-12,1996-11-04
9497500,609.0,69,1997-07-30,1997-10-06
9497500,594.0,94,1997-12-21,1998-03-24
9497500,466.0,44,1998-09-20,1998-11-02
9497500,2246.0,160,1999-02-13,1999-07-22
9497500,6018.0,320,1999-11-28,2000-10-12
9497500,6005.0,311,2001-10-31,2002-09-11
9497500,100.0,14,2003-08-08,2003-08-21
9497500,6.0,5,2004-03-05,2004-03-10
9497500,524.0,80,2004-08-04,2004-10-29
9497500,4.0,5,2005-10-14,2005-10-18
9497500,1718.0,229,2005-12-05,2006-07-28
9497500,8.0,7,2007-02-06,2007-02-12
9497500,287.0,29,2007-11-03,2007-12-02
9497500,3120.0,165,2009-08-20,2010-02-05
9497500,84.0,15,2010-03-21,2010-04-04
9497500,2098.0,161,2010-10-07,2011-03-18
9497500,287.0,35,2011-07-08,2011-08-11
9497500,133.0,32,2011-11-17,2011-12-20
9497500,267.0,64,2012-01-21,2012-03-25
9497500,444.0,44,2012-10-18,2012-11-30
9497500,25.0,9,2013-01-17,2013-01-25
9497500,832.0,111,2014-03-27,2014-07-15
9497500,1041.0,149,2016-03-24,2016-08-22
9497500,1126.0,86,2016-09-02,2016-11-26
9497500,11.0,5,2017-04-03,2017-04-07
9497500,32.0,44,2017-05-25,2017-07-07
9497500,153.0,26,2017-07-14,2017-08-08
9497500,9986.0,408,2017-09-12,2018-10-29
9497500,460.0,74,2018-12-01,2019-02-15
9497500,1513.0,104,2019-08-29,2019-12-12
9497500,8388.0,374,2020-07-24,2021-08-01
9497500,106.0,31,2021-12-13,2022-01-12
9497500,153.0,23,2022-03-09,2022-04-02
9497500,1065.0,96,2022-04-09,2022-07-13
9163500,441.0,43,1983-04-11,1983-05-30
9163500,6.0,8,1984-03-20,1984-03-30
9163500,6.0,8,1984-04-02,1984-04-09
9163500,251.0,33,1987-10-08,1987-11-11
9163500,213.0,35,1988-03-12,1988-04-15
9163500,179.0,34,1988-04-30,1988-06-07
9163500,148.0,35,1988-08-14,1988-09-18
9163500,553.0,82,1988-11-11,1989-02-04
9163500,248.0,35,1989-02-06,1989-03-12
9163500,17.0,7,1989-06-07,1989-06-14
9163500,64.0,27,1989-07-07,1989-08-05
9163500,6400.0,414,1989-08-23,1990-10-11
9163500,26.0,6,1991-04-05,1991-04-10
9163500,412.0,37,1991-04-17,1991-05-23
9163500,168.0,30,1991-10-22,1991-11-25
9163500,243.0,69,1992-01-12,1992-03-23
9163500,12.0,10,1992-06-14,1992-06-23
9163500,17.0,6,1992-10-24,1992-10-29
9163500,120.0,30,1992-11-05,1992-12-10
9163500,473.0,40,1994-04-07,1994-05-16
9163500,3519.0,264,1994-05-25,1995-02-12
9163500,13.0,5,1995-04-28,1995-05-02
9163500,81.0,18,1996-09-17,1996-10-06
9163500,86.0,11,1999-04-20,1999-04-30
9163500,2524.0,318,2000-06-08,2001-04-25
9163500,1086.0,114,2001-05-31,2001-09-24
9163500,211.0,35,2001-10-01,2001-11-07
9163500,420.0,54,2002-02-12,2002-04-06
9163500,3838.0,158,2002-05-12,2002-11-14
9163500,63.0,36,2002-12-07,2003-01-11
9163500,1034.0,116,2004-06-04,2004-09-28
9163500,31.0,19,2006-06-22,2006-07-14
9163500,24.0,10,2007-06-02,2007-06-12
9163500,4.0,6,2007-08-09,2007-08-14
9163500,4.0,5,2009-10-16,2009-10-20
9163500,113.0,38,2010-02-23,2010-04-02
9163500,6715.0,368,2012-05-16,2013-05-18
9163500,126.0,22,2016-05-02,2016-05-23
9163500,1459.0,116,2016-10-30,2017-02-22
9163500,17.0,6,2017-04-14,2017-04-19
9163500,426.0,42,2017-04-26,2017-06-06
9163500,123.0,31,2017-09-25,2017-10-26
9163500,10322.0,529,2017-11-26,2019-06-04
9163500,5049.0,239,2019-10-10,2020-06-08
9163500,14812.0,796,2020-06-11,2022-08-25
9067000,1571.0,155,1983-01-02,1983-06-05
9067000,7.0,7,1983-12-02,1983-12-08
9067000,5.0,5,1984-01-04,1984-01-08
9067000,206.0,31,1984-03-12,1984-04-11
9067000,30.0,11,1984-05-03,1984-05-13
9067000,15.0,13,1985-07-13,1985-07-25
9067000,12.0,6,1985-10-07,1985-10-12
9067000,245.0,52,1986-05-31,1986-07-21
9067000,10.0,11,1986-08-31,1986-09-12
9067000,11975.0,537,1987-03-25,1989-04-18
9067000,1768.0,100,1989-05-30,1989-09-07
9067000,2979.0,216,1989-09-17,1990-04-20
9067000,1840.0,145,1990-05-21,1990-10-12
9067000,370.0,41,1991-04-14,1991-06-01
9067000,1403.0,167,1991-10-30,1992-04-15
9067000,1800.0,144,1992-05-24,1992-10-17
9067000,386.0,115,1992-12-01,1993-03-26
9067000,696.0,111,1994-01-03,1994-05-12
9067000,4962.0,281,1994-06-03,1995-03-10
9067000,348.0,43,1996-09-05,1996-10-17
9067000,42.0,10,1999-05-15,1999-05-24
9067000,23.0,22,2002-01-01,2002-01-27
9067000,40.0,7,2002-03-10,2002-03-16
9067000,2482.0,129,2002-06-03,2002-10-09
9067000,155.0,37,2004-06-05,2004-07-11
9067000,465.0,114,2006-06-07,2006-09-28
9067000,352.0,37,2007-07-21,2007-08-26
9067000,7.0,7,2010-12-02,2010-12-08
9067000,1850.0,84,2012-05-23,2012-08-14
9067000,1638.0,179,2012-10-06,2013-04-15
9067000,50.0,27,2013-04-19,2013-05-18
9067000,265.0,36,2013-08-14,2013-09-18
9067000,448.0,38,2016-04-23,2016-05-30
9067000,4042.0,237,2016-10-13,2017-06-06
9067000,11604.0,644,2017-07-27,2019-05-05
9067000,170.0,21,2019-05-13,2019-06-02
9067000,2019.0,142,2019-10-09,2020-05-28
9067000,7274.0,404,2020-08-24,2022-06-02
9067000,185.0,41,2022-09-27,2022-11-06
9038500,99.0,15,1983-04-24,1983-05-10
9038500,32.0,7,1983-05-19,1983-05-25
9038500,280.0,19,1984-04-28,1984-05-16
9038500,3694.0,238,1987-05-09,1988-01-01
9038500,74.0,8,1988-05-11,1988-05-18
9038500,5290.0,260,1988-07-27,1989-04-15
9038500,4594.0,447,1989-05-31,1990-09-07
9038500,6.0,8,1990-09-15,1990-09-22
9038500,184.0,21,1991-04-22,1991-05-12
9038500,558.0,106,1991-12-28,1992-04-12
9038500,105.0,23,1992-05-22,1992-06-17
9038500,151.0,37,1992-07-25,1992-08-30
9038500,15.0,21,1992-12-06,1992-12-26
9038500,14.0,5,1993-01-01,1993-01-05
9038500,775.0,109,1993-01-15,1993-05-03
9038500,8015.0,355,1994-05-18,1995-05-11
9038500,719.0,103,1996-08-25,1996-12-05
9038500,14.0,6,1997-04-16,1997-04-21
9038500,336.0,56,1998-06-09,1998-08-03
9038500,222.0,33,1999-05-13,1999-06-14
9038500,851.0,96,2000-06-10,2000-09-13
9038500,9551.0,602,2001-05-20,2003-02-06
9038500,1096.0,91,2004-05-16,2004-08-24
9038500,132.0,37,2006-06-19,2006-07-25
9038500,70.0,12,2008-05-06,2008-05-17
9038500,27.0,7,2010-04-22,2010-04-28
9038500,167.0,28,2010-05-18,2010-06-17
9038500,3122.0,251,2012-05-06,2013-01-15
9038500,444.0,102,2013-01-25,2013-05-06
9038500,173.0,23,2016-04-19,2016-05-15
9038500,2759.0,210,2016-09-22,2017-04-19
9038500,287.0,56,2017-09-08,2017-11-02
9038500,189.0,21,2018-04-11,2018-05-01
9038500,7052.0,351,2018-06-14,2019-05-30
9038500,3450.0,211,2019-10-16,2020-05-13
9038500,6951.0,286,2020-08-27,2021-06-08
9038500,602.0,99,2022-02-07,2022-05-17
9038500,198.0,30,2023-01-03,2023-02-01
9171100,21.0,25,1989-07-11,1989-08-04
9171100,862.0,97,1990-01-22,1990-04-30
9171100,1781.0,170,1994-08-05,1995-01-21
9171100,33.0,12,1995-05-12,1995-05-23
9171100,6183.0,366,1996-01-04,1997-01-04
9171100,1368.0,104,1998-08-13,1998-11-24
9171100,197.0,22,1999-04-09,1999-05-01
9171100,2045.0,171,1999-11-04,2000-05-03
9171100,4909.0,352,2000-05-21,2001-05-13
9171100,512.0,86,2001-05-29,2001-08-23
9171100,7071.0,382,2001-10-05,2002-10-21
9171100,4.0,5,2003-03-12,2003-03-16
9171100,5.0,7,2003-04-23,2003-04-29
9171100,787.0,109,2003-05-25,2003-09-10
9171100,228.0,48,2004-08-14,2004-09-30
9171100,58.0,19,2006-03-26,2006-04-16
9171100,1913.0,114,2006-05-10,2006-08-31
9171100,237.0,31,2007-05-13,2007-06-12
9171100,6.0,8,2007-08-05,2007-08-12
9171100,7.0,10,2007-09-11,2007-09-20
9171100,8.0,12,2008-10-21,2008-11-02
9171100,408.0,92,2008-11-24,2009-02-24
9171100,276.0,30,2009-04-08,2009-05-07
9171100,1582.0,216,2009-08-22,2010-03-25
9171100,105.0,23,2011-05-05,2011-05-27
9171100,115.0,34,2011-09-01,2011-10-04
9171100,8956.0,458,2012-05-13,2013-08-14
9171100,172.0,22,2014-05-03,2014-05-24
9171100,49.0,10,2016-04-30,2016-05-09
9171100,16.0,9,2017-10-02,2017-10-10
9171100,9820.0,537,2017-10-26,2019-04-20
9171100,16.0,5,2019-05-24,2019-05-28
9171100,11483.0,659,2019-09-21,2021-08-04
9171100,29.0,16,2021-10-11,2021-10-26
9171100,471.0,54,2022-02-25,2022-04-20
9171100,130.0,15,2022-04-27,2022-05-11
9171100,297.0,43,2022-05-28,2022-07-10
9413200,22.0,7,1989-02-07,1989-02-15
9413200,10950.0,722,1989-03-16,1991-03-23
9413200,72.0,25,1991-04-09,1991-05-05
9413200,1129.0,137,1991-09-27,1992-02-12
9413200,1602.0,187,1996-06-15,1996-12-31
9413200,592.0,63,1999-12-25,2000-03-01
9413200,288.0,110,2000-05-06,2000-08-28
9413200,512.0,53,2000-09-03,2000-10-27
9413200,53.0,7,2002-01-02,2002-01-12
9413200,8835.0,396,2002-01-18,2003-02-25
9413200,608.0,112,2003-09-09,2004-01-07
9413200,24.0,6,2004-02-17,2004-02-22
9413200,6478.0,333,2007-02-08,2008-01-13
9413200,110.0,40,2008-04-28,2008-06-14
9413200,12.0,6,2008-07-26,2008-08-01
9413200,2179.0,165,2008-08-09,2009-01-28
9413200,18.0,11,2009-02-02,2009-02-16
9413200,242.0,58,2009-02-28,2009-04-28
9413200,16.0,5,2009-08-18,2009-08-23
9413200,10.0,7,2009-08-27,2009-09-03
9413200,1678.0,134,2009-09-09,2010-01-21
9413200,186.0,12,2010-01-25,2010-02-06
9413200,1544.0,194,2012-02-23,2012-09-17
9413200,3494.0,307,2012-10-28,2013-09-08
9413200,2477.0,218,2014-02-15,2014-09-26
9413200,13.0,11,2016-02-29,2016-03-14
9413200,19.0,13,2016-03-19,2016-04-03
9413200,7134.0,381,2018-01-13,2019-02-02
9413200,8629.0,359,2021-01-01,2021-12-29
9413200,35.0,8,2022-01-06,2022-01-14
9413200,2979.0,191,2022-01-16,2022-07-30
9413200,82.0,9,2022-08-03,2022-08-11
9026500,118.0,11,1983-05-15,1983-05-25
9026500,122.0,10,1984-05-06,1984-05-15
9026500,2231.0,146,1987-05-18,1987-10-14
9026500,4.0,5,1987-10-28,1987-11-04
9026500,3773.0,201,1988-09-18,1989-04-06
9026500,3785.0,263,1989-08-11,1990-05-28
9026500,340.0,111,1990-06-13,1990-10-03
9026500,41.0,9,1991-05-02,1991-05-13
9026500,928.0,131,1991-12-16,1992-04-24
9026500,70.0,12,1992-05-29,1992-06-09
9026500,4.0,6,1993-03-21,1993-03-26
9026500,367.0,42,1993-04-03,1993-05-14
9026500,4.0,6,1994-02-06,1994-02-11
9026500,246.0,73,1994-02-18,1994-05-10
9026500,8450.0,349,1994-05-24,1995-05-11
9026500,838.0,101,1996-09-15,1997-01-01
9026500,91.0,15,1999-05-17,1999-06-03
9026500,985.0,126,2000-06-03,2000-10-07
9026500,2574.0,314,2001-05-25,2002-04-04
9026500,7665.0,356,2002-05-14,2003-05-12
9026500,1813.0,125,2004-05-19,2004-09-22
9026500,898.0,127,2006-06-10,2006-10-14
9026500,135.0,14,2008-05-03,2008-05-18
9026500,116.0,35,2009-09-29,2009-11-04
9026500,700.0,90,2010-05-13,2010-08-10
9026500,4.0,5,2010-10-27,2010-10-31
9026500,5765.0,365,2012-05-11,2013-05-12
9026500,1595.0,117,2013-05-27,2013-09-20
9026500,2159.0,225,2015-10-10,2016-05-28
9026500,3201.0,235,2016-10-02,2017-05-25
9026500,87.0,15,2018-04-23,2018-05-07
9026500,7414.0,364,2018-06-01,2019-06-01
9026500,3112.0,200,2019-10-30,2020-05-16
9026500,4784.0,228,2020-10-12,2021-05-28
9026500,249.0,27,2022-04-24,2022-05-26
9057500,18.0,8,1983-05-27,1983-06-03
9057500,313.0,51,1985-09-06,1985-10-26
9057500,10665.0,679,1987-05-11,1989-04-23
9057500,27.0,17,1989-06-12,1989-06-28
9057500,8449.0,499,1989-07-08,1990-11-18
9057500,493.0,57,1991-05-12,1991-07-07
9057500,2257.0,182,1991-11-10,1992-05-09
9057500,981.0,108,1992-06-01,1992-09-16
9057500,4.0,6,1992-11-03,1992-11-08
9057500,367.0,171,1992-11-23,1993-05-13
9057500,5443.0,380,1994-05-01,1995-05-15
9057500,74.0,41,1996-09-23,1996-11-02
9057500,249.0,40,1998-06-29,1998-08-07
9057500,213.0,64,2000-07-03,2000-09-04
9057500,741.0,93,2001-06-23,2001-09-23
9057500,1490.0,199,2001-10-15,2002-05-01
9057500,6982.0,356,2002-05-14,2003-05-04
9057500,1378.0,133,2004-06-03,2004-10-13
9057500,2714.0,192,2012-05-22,2013-04-30
9057500,191.0,25,2016-05-04,2016-05-28
9057500,955.0,193,2016-11-18,2017-06-01
9057500,8801.0,392,2018-05-16,2019-06-11
9057500,3532.0,202,2019-10-31,2020-05-19
9057500,5812.0,277,2020-09-17,2021-06-20
9057500,20.0,10,2022-05-02,2022-05-11
9149500,86.0,24,1984-03-20,1984-04-13
9149500,89.0,21,1987-10-12,1987-11-01
9149500,94.0,22,1988-03-30,1988-04-20
9149500,5.0,7,1988-08-04,1988-08-10
9149500,55.0,15,1988-08-19,1988-09-02
9149500,3866.0,322,1989-05-20,1990-04-17
9149500,274.0,41,1990-06-01,1990-07-11
9149500,13.0,11,1990-08-12,1990-08-22
9149500,197.0,29,1990-09-04,1990-10-02
9149500,309.0,36,1991-04-10,1991-05-15
9149500,1623.0,168,1991-10-03,1992-03-19
9149500,111.0,79,1992-10-23,1993-01-10
9149500,80.0,12,1994-04-11,1994-04-22
9149500,345.0,48,1994-07-31,1994-09-16
9149500,52.0,14,1995-04-22,1995-05-05
9149500,1224.0,129,1996-05-27,1996-10-02
9149500,102.0,30,2000-06-02,2000-07-01
9149500,629.0,86,2000-07-17,2000-10-10
9149500,154.0,57,2001-02-02,2001-03-30
9149500,38.0,15,2001-06-06,2001-06-20
9149500,42.0,31,2001-07-03,2001-08-04
9149500,1336.0,205,2001-09-17,2002-04-09
9149500,2910.0,130,2002-05-08,2002-09-14
9149500,315.0,37,2003-07-14,2003-08-19
9149500,828.0,62,2006-05-17,2006-07-23
9149500,1183.0,208,2008-10-05,2009-04-30
9149500,367.0,58,2009-08-27,2009-10-23
9149500,300.0,60,2010-02-11,2010-04-11
9149500,18.0,5,2011-04-20,2011-04-24
9149500,237.0,27,2011-05-01,2011-05-27
9149500,8277.0,466,2012-04-22,2013-07-31
9149500,351.0,36,2016-04-14,2016-05-19
9149500,55.0,31,2017-01-11,2017-02-10
9149500,200.0,36,2017-04-25,2017-05-30
9149500,11727.0,592,2017-10-22,2019-06-05
9149500,24649.0,1218,2019-09-15,2023-02-01
9403600,13.0,8,1984-11-17,1984-11-24
9403600,44.0,14,1984-12-12,1984-12-26
9403600,20.0,6,1985-01-07,1985-01-12
9403600,77.0,13,1985-01-26,1985-02-07
9403600,43.0,12,1985-03-02,1985-03-14
9403600,19032.0,1053,1989-03-14,1992-02-08
9403600,389.0,38,1992-02-12,1992-03-26
9403600,7.0,6,1996-09-08,1996-09-15
9403600,7.0,9,1996-09-26,1996-10-04
9403600,15.0,14,1996-10-13,1996-10-26
9403600,41.0,19,1996-11-04,1996-11-24
9403600,5796.0,396,2000-01-05,2001-02-19
9403600,39.0,7,2001-02-24,2001-03-03
9403600,7862.0,374,2002-01-24,2003-02-16
9403600,261.0,14,2003-02-20,2003-03-05
9403600,209.0,59,2003-03-13,2003-05-19
9403600,16.0,5,2003-05-26,2003-05-30
9403600,10.0,11,2003-09-08,2003-09-23
9403600,186.0,78,2003-09-27,2003-12-28
9403600,76.0,8,2004-01-01,2004-01-09
9403600,26.0,5,2004-01-15,2004-01-19
9403600,47.0,7,2004-02-17,2004-02-25
9403600,22.0,23,2004-03-29,2004-04-23
9403600,8.0,7,2004-09-07,2004-09-15
9403600,6.0,8,2004-09-26,2004-10-04
9403600,4.0,6,2004-10-14,2004-10-19
9403600,5972.0,351,2007-02-20,2008-02-11
9403600,23.0,8,2009-02-09,2009-02-18
9403600,11.0,5,2009-11-21,2009-11-25
9403600,80.0,16,2009-12-24,2010-01-09
9403600,202.0,20,2010-01-20,2010-02-10
9403600,189.0,82,2012-04-25,2012-07-16
9403600,925.0,187,2012-07-18,2013-01-25
9403600,3340.0,285,2013-02-08,2013-12-03
9403600,29.0,10,2013-12-06,2013-12-15
9403600,31.0,6,2014-03-06,2014-03-13
9403600,7.0,6,2014-03-22,2014-03-28
9403600,440.0,141,2014-04-29,2014-09-26
9403600,100.0,46,2014-10-06,2014-11-23
9403600,33.0,9,2015-02-12,2015-02-22
9403600,4690.0,313,2018-03-06,2019-01-19
9403600,226.0,15,2019-02-07,2019-02-24
9403600,16728.0,715,2021-02-04,2023-02-01
10254050,4090.0,200,1987-06-09,1987-12-25
10254050,15900.0,780,1989-03-07,1991-05-03
10254050,2526.0,140,1991-09-15,1992-02-05
10254050,44902.0,2217,1998-11-06,2004-12-24
10254050,3568.0,179,2008-07-06,2009-01-09
10254050,2704.0,146,2009-08-23,2010-01-17
10254050,73130.0,3333,2013-11-17,2023-02-01
9386900,432.0,41,1986-09-01,1986-10-11
9386900,560.0,46,1988-11-12,1988-12-27
9386900,15.0,7,1989-01-26,1989-02-01
9386900,17.0,6,1989-04-29,1989-05-04
9386900,8605.0,585,1989-05-10,1990-12-16
9386900,138.0,12,1991-09-07,1991-09-18
9386900,535.0,58,1991-09-25,1991-11-21
9386900,280.0,32,1992-10-11,1992-11-11
9386900,1614.0,192,1996-03-11,1996-09-19
9386900,1137.0,110,2000-07-31,2000-11-17
9386900,58.0,6,2001-08-10,2001-08-15
9386900,5296.0,417,2001-09-19,2002-11-12
9386900,2863.0,229,2003-07-30,2004-03-19
9386900,2268.0,178,2004-07-17,2005-01-10
9386900,2072.0,199,2006-01-26,2006-08-14
9386900,495.0,46,2007-10-23,2007-12-08
9386900,1421.0,127,2008-09-01,2009-01-08
9386900,2898.0,196,2009-08-01,2010-02-12
9386900,31156.0,1565,2010-09-21,2015-01-03
9386900,526.0,56,2015-10-02,2015-11-26
9386900,734.0,97,2016-02-12,2016-06-17
9386900,1543.0,156,2016-07-02,2016-12-04
9386900,48.0,6,2017-07-28,2017-08-02
9386900,12238.0,568,2017-08-27,2019-03-19
9386900,2773.0,176,2019-07-06,2019-12-28
9386900,8077.0,570,2020-07-16,2022-02-13
9386900,996.0,135,2022-03-20,2022-08-03
9424450,151.0,37,1987-09-25,1987-10-31
9424450,1377.0,150,1989-11-13,1990-04-17
9424450,2497.0,311,1994-02-28,1995-01-04
9424450,10660.0,664,1996-01-08,1997-11-14
9424450,16.0,6,1998-01-05,1998-01-10
9424450,6202.0,539,1999-04-30,2000-10-27
9424450,147.0,17,2000-11-03,2000-11-21
9424450,12502.0,554,2001-10-23,2003-05-05
9424450,20.0,9,2004-01-14,2004-01-23
9424450,197.0,32,2004-01-25,2004-02-27
9424450,9442.0,469,2006-04-14,2007-07-29
9424450,3210.0,173,2007-08-04,2008-01-25
9424450,39.0,17,2009-11-21,2009-12-13
9424450,4.0,5,2011-12-08,2011-12-14
9424450,3297.0,248,2011-12-16,2012-08-21
9424450,431.0,56,2012-08-27,2012-10-25
9424450,16.0,18,2012-10-31,2012-11-24
9424450,26.0,8,2012-12-23,2013-01-02
9424450,49.0,17,2014-07-15,2014-08-03
9424450,9.0,5,2016-08-22,2016-08-26
9424450,21.0,16,2016-09-11,2016-09-27
9424450,120.0,40,2016-11-12,2016-12-26
9424450,8551.0,402,2018-01-03,2019-02-14
9424450,97.0,23,2019-10-29,2019-11-20
9424450,23.0,6,2021-01-27,2021-02-01
9424450,1854.0,311,2021-02-09,2021-12-23
9424450,198.0,18,2021-12-29,2022-01-16
9424450,7.0,6,2022-02-02,2022-02-08
9424450,2744.0,207,2022-02-14,2022-09-11
9217000,821.0,62,1985-05-30,1985-07-31
9217000,6346.0,321,1988-06-07,1989-04-23
9217000,122.0,34,1989-06-04,1989-07-11
9217000,6.0,5,1989-12-03,1989-12-08
9217000,1288.0,126,1989-12-14,1990-04-18
9217000,2401.0,168,1990-05-20,1990-11-03
9217000,782.0,86,1991-03-03,1991-05-28
9217000,68.0,29,1992-02-02,1992-03-02
9217000,21.0,12,1992-03-24,1992-04-04
9217000,7226.0,366,1992-05-21,1993-05-21
9217000,27.0,13,1994-05-05,1994-05-17
9217000,3409.0,189,1994-06-06,1994-12-11
9217000,155.0,25,2000-04-12,2000-05-06
9217000,12.0,7,2000-05-22,2000-05-28
9217000,179.0,54,2000-06-15,2000-08-07
9217000,16915.0,887,2000-09-15,2003-03-25
9217000,4741.0,326,2003-05-18,2004-04-11
9217000,23.0,11,2006-06-21,2006-07-01
9217000,247.0,87,2006-07-07,2006-10-10
9217000,1720.0,138,2007-06-02,2007-10-19
9217000,500.0,33,2008-04-19,2008-05-21
9217000,5.0,7,2010-04-27,2010-05-04
9217000,476.0,34,2010-05-08,2010-06-10
9217000,30.0,27,2010-12-19,2011-01-17
9217000,10.0,7,2011-01-20,2011-01-26
9217000,18.0,24,2012-11-03,2012-11-29
9217000,40.0,11,2012-12-08,2012-12-20
9217000,511.0,112,2013-01-27,2013-05-19
9217000,110.0,43,2013-08-01,2013-09-15
9217000,84.0,21,2018-04-22,2018-05-12
9217000,2239.0,236,2018-10-20,2019-06-12
9217000,436.0,59,2020-04-05,2020-06-02
9217000,4800.0,258,2020-10-04,2021-06-20
9217000,4659.0,350,2021-07-02,2022-06-17
9217000,1668.0,178,2022-08-08,2023-02-01
9512280,1371.0,141,1984-07-23,1984-12-10
9512280,50.0,13,1986-01-31,1986-02-12
9512280,4.0,5,1986-03-07,1986-03-11
9512280,17.0,7,1986-11-29,1986-12-05
9512280,43.0,17,1987-01-14,1987-01-30
9512280,1563.0,137,1989-09-08,1990-01-22
9512280,5159.0,304,1990-02-28,1990-12-28
9512280,60.0,15,1991-02-13,1991-02-27
9512280,10.0,13,1994-10-02,1994-10-14
9512280,15897.0,724,1996-01-02,1998-02-03
9512280,1602.0,95,1998-12-29,1999-04-02
9512280,3064.0,195,1999-08-24,2000-03-05
9512280,1691.0,195,2000-04-10,2000-10-21
9512280,4720.0,241,2002-01-10,2002-09-07
9512280,1223.0,74,2002-12-01,2003-02-12
9512280,613.0,59,2004-01-06,2004-03-04
9512280,248.0,36,2004-07-14,2004-08-18
9512280,1228.0,76,2005-12-26,2006-03-11
9512280,622.0,103,2006-05-29,2006-09-08
9512280,5436.0,230,2006-12-06,2007-07-23
9512280,405.0,83,2007-09-09,2007-11-30
9512280,27.0,37,2008-10-22,2008-11-27
9512280,123.0,35,2009-03-07,2009-04-10
9512280,1858.0,146,2009-07-15,2009-12-07
9512280,24.0,9,2010-12-14,2010-12-22
9512280,3462.0,255,2011-04-03,2011-12-13
9512280,3764.0,212,2012-01-24,2012-08-22
9512280,242.0,54,2012-10-22,2012-12-14
9512280,152.0,25,2014-02-04,2014-02-28
9512280,417.0,97,2014-04-09,2014-07-14
9512280,770.0,89,2015-07-23,2015-10-19
9512280,68.0,13,2015-12-24,2016-01-05
9512280,275.0,39,2016-02-29,2016-04-07
9512280,510.0,70,2016-10-14,2016-12-22
9512280,296.0,33,2017-12-08,2018-01-09
9512280,2316.0,152,2018-02-13,2018-07-14
9512280,241.0,43,2018-08-20,2018-10-01
9512280,608.0,52,2018-12-16,2019-02-05
9512280,1396.0,144,2021-03-01,2021-07-22
9512280,58.0,13,2022-02-10,2022-02-22
9512280,433.0,78,2022-03-12,2022-05-28
9512280,135.0,21,2022-12-12,2023-01-01
9205000,876.0,54,1985-06-02,1985-07-25
9205000,7054.0,320,1988-06-05,1989-04-20
9205000,8.0,11,1989-07-05,1989-07-15
9205000,1441.0,154,1989-11-23,1990-04-25
9205000,2900.0,134,1990-05-22,1990-10-02
9205000,627.0,97,1991-02-13,1991-05-20
9205000,7198.0,361,1992-05-30,1993-05-25
9205000,2215.0,191,1994-06-08,1995-02-12
9205000,4.0,6,1995-03-20,1995-03-25
9205000,13.0,5,1995-05-30,1995-06-03
9205000,9.0,6,1997-01-01,1997-01-06
9205000,44.0,7,1999-05-24,1999-05-30
9205000,91.0,21,2000-04-05,2000-04-25
9205000,283.0,57,2000-06-15,2000-08-12
9205000,2610.0,196,2000-10-31,2001-05-15
9205000,7871.0,332,2001-06-07,2002-05-08
9205000,154.0,17,2002-05-16,2002-06-01
9205000,4988.0,279,2002-06-14,2003-03-19
9205000,99.0,15,2003-05-15,2003-05-29
9205000,47.0,17,2003-06-18,2003-07-04
9205000,3062.0,257,2003-07-24,2004-04-05
9205000,219.0,52,2006-06-10,2006-07-31
9205000,33.0,32,2006-09-06,2006-10-08
9205000,2623.0,172,2007-06-05,2007-11-23
9205000,297.0,42,2008-04-15,2008-05-26
9205000,480.0,30,2010-05-09,2010-06-07
9205000,692.0,131,2010-12-05,2011-04-14
9205000,59.0,11,2011-05-30,2011-06-09
9205000,9.0,12,2013-03-26,2013-04-07
9205000,294.0,29,2013-04-21,2013-05-19
9205000,64.0,47,2013-07-16,2013-09-05
9205000,49.0,17,2016-04-26,2016-05-12
9205000,152.0,15,2016-05-27,2016-06-10
9205000,530.0,84,2016-08-08,2016-10-30
9205000,78.0,10,2017-05-26,2017-06-04
9205000,464.0,38,2018-04-22,2018-05-29
9205000,3129.0,250,2018-10-09,2019-06-15
9205000,660.0,59,2020-04-07,2020-06-04
9205000,8787.0,614,2020-10-02,2022-06-13
9205000,1911.0,185,2022-08-01,2023-02-01
9354500,30.0,5,1983-05-22,1983-05-26
9354500,23.0,12,1984-03-06,1984-03-18
9354500,166.0,23,1987-10-09,1987-10-31
9354500,24.0,6,1988-04-28,1988-05-03
9354500,26.0,6,1988-05-10,1988-05-15
9354500,1712.0,126,1989-06-04,1989-10-07
9354500,2507.0,151,1989-11-19,1990-04-18
9354500,72.0,12,1991-04-30,1991-05-11
9354500,1590.0,136,1991-10-18,1992-03-17
9354500,681.0,146,1992-10-21,1993-03-16
9354500,10.0,14,1994-07-02,1994-07-15
9354500,433.0,58,1994-07-21,1994-09-16
9354500,3963.0,385,1995-09-17,1996-10-05
9354500,140.0,42,1998-06-09,1998-07-20
9354500,7.0,10,1998-08-08,1998-08-17
9354500,155.0,35,1998-08-27,1998-10-03
9354500,20.0,7,1999-03-24,1999-03-30
9354500,86.0,17,1999-04-09,1999-04-25
9354500,565.0,76,1999-11-09,2000-01-26
9354500,2036.0,162,2000-05-30,2000-11-07
9354500,5944.0,344,2001-10-08,2002-09-16
9354500,307.0,49,2003-03-25,2003-05-20
9354500,1895.0,107,2003-05-27,2003-09-10
9354500,114.0,22,2003-10-29,2003-11-21
9354500,1205.0,103,2006-05-16,2006-08-26
9354500,39.0,23,2007-07-16,2007-08-07
9354500,157.0,24,2009-04-03,2009-04-29
9354500,732.0,94,2009-08-18,2009-11-21
9354500,447.0,78,2010-01-23,2010-04-12
9354500,163.0,26,2010-09-14,2010-10-09
9354500,81.0,14,2011-05-15,2011-05-30
9354500,7.0,10,2011-10-07,2011-10-17
9354500,6210.0,365,2012-05-26,2013-05-31
9354500,936.0,99,2013-06-07,2013-09-13
9354500,57.0,8,2014-05-17,2014-05-24
9354500,508.0,41,2016-04-19,2016-06-01
9354500,22.0,10,2016-11-16,2016-11-25
9354500,198.0,24,2017-04-21,2017-05-15
9354500,102.0,10,2017-05-21,2017-05-30
9354500,6.0,8,2017-09-21,2017-09-28
9354500,62.0,18,2017-10-04,2017-10-21
9354500,11322.0,577,2017-11-01,2019-06-06
9354500,14685.0,621,2019-09-08,2021-06-06
9354500,129.0,30,2021-09-29,2021-10-28
9354500,2665.0,216,2021-11-27,2022-07-01
9405500,18.0,5,1989-03-27,1989-04-02
9405500,2571.0,340,1989-04-05,1990-03-25
9405500,78.0,6,1990-03-30,1990-04-04
9405500,21.0,9,1990-08-18,1990-08-29
9405500,13.0,8,1990-09-08,1990-09-15
9405500,7.0,6,1990-10-05,1990-10-12
9405500,2592.0,186,1990-10-20,1991-05-04
9405500,42.0,7,1992-03-12,1992-03-20
9405500,44.0,7,1996-03-24,1996-03-31
9405500,142.0,25,2000-01-17,2000-02-16
9405500,83.0,10,2000-02-18,2000-03-01
9405500,14.0,13,2000-05-05,2000-05-18
9405500,142.0,98,2000-05-21,2000-08-29
9405500,352.0,75,2000-09-01,2000-11-28
9405500,4.0,6,2000-12-10,2000-12-17
9405500,676.0,51,2002-02-07,2002-03-29
9405500,2214.0,173,2002-04-13,2002-10-04
9405500,2697.0,145,2002-10-09,2003-03-05
9405500,24.0,5,2004-01-04,2004-01-08
9405500,325.0,28,2004-01-24,2004-02-21
9405500,28.0,5,2007-02-13,2007-02-19
9405500,150.0,18,2007-02-21,2007-03-12
9405500,7883.0,319,2007-03-23,2008-02-15
9405500,5013.0,341,2008-03-02,2009-02-19
9405500,711.0,45,2009-03-06,2009-04-27
9405500,2278.0,255,2009-05-14,2010-01-31
9405500,9.0,5,2012-03-11,2012-03-16
9405500,99.0,9,2012-03-18,2012-03-29
9405500,152.0,14,2012-04-02,2012-04-17
9405500,7380.0,493,2012-04-21,2013-09-10
9405500,933.0,58,2013-09-13,2013-11-13
9405500,429.0,78,2013-11-15,2014-02-06
9405500,51.0,6,2014-02-14,2014-02-21
9405500,39.0,6,2014-03-02,2014-03-08
9405500,33.0,8,2014-03-11,2014-03-19
9405500,5050.0,327,2014-03-21,2015-02-18
9405500,173.0,13,2015-02-22,2015-03-07
9405500,288.0,44,2015-04-01,2015-05-17
9405500,42.0,33,2015-11-27,2016-01-05
9405500,22.0,9,2016-01-09,2016-01-17
9405500,7017.0,323,2018-02-20,2019-01-16
9405500,591.0,33,2019-01-19,2019-02-27
9405500,8499.0,356,2021-02-14,2022-02-14
9405500,709.0,36,2022-02-17,2022-03-24
9405500,26.0,5,2022-04-11,2022-04-16
9405500,1371.0,110,2022-04-24,2022-08-17
9405500,706.0,62,2022-08-22,2022-10-29
9405500,44.0,14,2022-11-01,2022-11-22
9504420,103.0,28,1989-02-26,1989-03-26
9504420,744.0,55,1989-12-30,1990-02-22
9504420,154.0,11,1990-03-04,1990-03-14
9504420,256.0,13,1990-03-21,1990-04-04
9504420,1555.0,95,1990-04-10,1990-07-16
9504420,753.0,59,1990-07-18,1990-09-17
9504420,1778.0,103,1990-09-23,1991-01-03
9504420,517.0,30,1991-01-26,1991-02-27
9504420,620.0,74,1996-02-06,1996-04-22
9504420,835.0,128,1996-05-04,1996-09-12
9504420,2010.0,128,1996-09-20,1997-01-25
9504420,50.0,5,1997-03-29,1997-04-02
9504420,41.0,20,1997-04-24,1997-05-13
9504420,27.0,10,1997-07-24,1997-08-04
9504420,55.0,19,1997-08-14,1997-09-05
9504420,18.0,5,1997-09-20,1997-09-24
9504420,21.0,5,1997-10-03,1997-10-09
9504420,434.0,76,1997-10-11,1997-12-30
9504420,284.0,41,1999-02-23,1999-04-04
9504420,962.0,64,2000-01-05,2000-03-08
9504420,3244.0,200,2000-04-07,2000-10-26
9504420,939.0,62,2000-11-21,2001-01-22
9504420,40.0,5,2001-01-28,2001-02-01
9504420,6118.0,262,2001-12-20,2002-09-10
9504420,4308.0,162,2002-09-12,2003-02-25
9504420,7231.0,321,2003-04-05,2004-02-24
9504420,258.0,13,2004-03-21,2004-04-02
9504420,4050.0,202,2004-04-12,2004-11-15
9504420,411.0,48,2006-02-23,2006-04-12
9504420,39.0,10,2006-07-15,2006-07-26
9504420,18.0,5,2006-08-20,2006-08-26
9504420,48.0,12,2006-09-04,2006-09-16
9504420,68.0,19,2006-09-18,2006-10-08
9504420,9304.0,403,2006-10-21,2007-12-06
9504420,153.0,8,2007-12-27,2008-01-04
9504420,40.0,6,2009-01-01,2009-01-07
9504420,2417.0,266,2009-03-30,2009-12-31
9504420,167.0,15,2010-01-04,2010-01-19
9504420,4.0,6,2010-12-07,2010-12-14
9504420,884.0,60,2012-01-24,2012-03-31
9504420,920.0,108,2012-04-02,2012-07-27
9504420,155.0,19,2012-08-03,2012-08-21
9504420,35.0,8,2012-08-27,2012-09-06
9504420,62.0,15,2012-09-08,2012-09-25
9504420,23.0,11,2012-10-02,2012-10-15
9504420,364.0,49,2012-11-30,2013-01-19
9504420,7.0,6,2013-04-05,2013-04-12
9504420,272.0,40,2014-01-17,2014-02-28
9504420,129.0,26,2014-03-13,2014-04-07
9504420,12.0,6,2015-02-16,2015-02-22
9504420,31.0,13,2016-03-09,2016-03-24
9504420,1346.0,175,2018-01-20,2018-07-18
9504420,140.0,18,2018-07-21,2018-08-13
9504420,431.0,46,2018-08-16,2018-10-06
9504420,297.0,53,2018-10-13,2018-12-05
9504420,219.0,35,2018-12-11,2019-01-14
9504420,5434.0,330,2021-01-11,2021-12-23
9504420,1198.0,114,2022-04-04,2022-07-29
9504420,110.0,14,2022-08-01,2022-08-17
9504420,254.0,24,2022-08-29,2022-09-23
9504420,1025.0,87,2022-09-25,2022-12-27
9337500,74.0,12,1985-01-31,1985-02-14
9337500,53.0,16,1989-03-14,1989-03-31
9337500,20930.0,1066,1989-04-03,1992-03-04
9337500,26.0,5,1994-04-03,1994-04-07
9337500,38.0,12,1994-04-16,1994-04-27
9337500,15.0,10,1994-05-15,1994-05-27
9337500,120.0,127,1994-06-07,1994-10-16
9337500,272.0,91,1994-10-21,1995-01-28
9337500,22.0,7,1995-02-07,1995-02-14
9337500,5487.0,331,1996-03-05,1997-01-31
9337500,158.0,22,1997-03-12,1997-04-02
9337500,165.0,32,1999-03-21,1999-04-24
9337500,115.0,27,2000-02-17,2000-03-22
9337500,1945.0,195,2000-04-11,2000-10-26
9337500,18.0,5,2000-11-01,2000-11-08
9337500,62.0,18,2000-11-24,2000-12-13
9337500,7296.0,387,2002-02-25,2003-03-29
9337500,55.0,12,2003-04-02,2003-04-17
9337500,4484.0,317,2003-04-25,2004-03-12
9337500,227.0,37,2007-03-19,2007-04-29
9337500,39.0,9,2008-01-29,2008-02-06
9337500,44.0,34,2008-04-30,2008-06-10
9337500,4.0,6,2008-09-18,2008-09-26
9337500,91.0,55,2008-10-08,2008-12-06
9337500,151.0,38,2008-12-10,2009-01-16
9337500,151.0,23,2009-01-27,2009-02-23
9337500,21.0,6,2009-04-06,2009-04-11
9337500,218.0,25,2009-04-28,2009-05-26
9337500,1992.0,241,2009-05-28,2010-01-27
9337500,66.0,17,2013-02-20,2013-03-11
9337500,8843.0,421,2018-02-02,2019-03-30
9337500,5847.0,403,2021-01-15,2022-03-03
9337500,3183.0,319,2022-03-05,2023-02-01
9466500,2243.0,393,1990-02-02,1991-03-01
9466500,22857.0,1809,2000-03-01,2005-02-11
9466500,37042.0,2181,2017-02-12,2023-02-01
9180500,45.0,8,1983-05-21,1983-05-28
9180500,58.0,16,1987-10-18,1987-11-05
9180500,53.0,26,1988-05-04,1988-06-06
9180500,8.0,11,1988-08-30,1988-09-09
9180500,114.0,32,1989-02-10,1989-03-13
9180500,25.0,11,1989-06-08,1989-06-19
9180500,6439.0,457,1989-07-08,1990-10-11
9180500,85.0,30,1991-03-11,1991-04-09
9180500,393.0,34,1991-04-19,1991-05-22
9180500,118.0,18,1991-10-31,1991-11-19
9180500,93.0,35,1992-01-31,1992-03-05
9180500,113.0,28,1992-11-05,1992-12-04
9180500,433.0,62,1994-03-15,1994-05-16
9180500,3487.0,260,1994-05-26,1995-02-09
9180500,17.0,7,1995-04-28,1995-05-04
9180500,150.0,31,1996-09-10,1996-10-10
9180500,160.0,22,1999-04-10,1999-05-01
9180500,43.0,15,2000-03-31,2000-04-14
9180500,3007.0,329,2000-06-08,2001-05-03
9180500,1378.0,156,2001-06-02,2001-11-12
9180500,9.0,9,2001-11-20,2001-12-01
9180500,4768.0,320,2001-12-05,2002-11-17
9180500,163.0,59,2002-12-02,2003-01-30
9180500,1017.0,116,2004-06-05,2004-09-29
9180500,55.0,29,2006-06-20,2006-07-18
9180500,39.0,10,2007-05-30,2007-06-08
9180500,24.0,16,2009-10-12,2009-10-27
9180500,161.0,40,2010-02-20,2010-03-31
9180500,7019.0,374,2012-05-16,2013-05-25
9180500,122.0,23,2016-05-01,2016-05-23
9180500,1248.0,103,2016-11-09,2017-02-19
9180500,404.0,49,2017-04-16,2017-06-05
9180500,165.0,39,2017-09-25,2017-11-04
9180500,10711.0,528,2017-11-17,2019-05-19
9180500,113.0,15,2019-05-22,2019-06-05
9180500,19750.0,1000,2019-10-11,2022-07-07
9180500,136.0,43,2022-07-19,2022-08-30
9349800,11.0,8,1984-03-09,1984-03-16
9349800,6.0,8,1988-04-05,1988-04-13
9349800,174.0,21,1988-04-23,1988-05-13
9349800,7.0,10,1989-02-28,1989-03-09
9349800,14.0,6,1989-05-15,1989-05-20
9349800,1836.0,147,1989-11-30,1990-04-28
9349800,20.0,11,1993-03-15,1993-03-25
9349800,9.0,12,1996-02-16,1996-02-27
9349800,3585.0,256,1996-03-18,1996-11-28
9349800,43.0,12,1999-04-13,1999-04-24
9349800,388.0,77,2000-08-04,2000-10-20
9349800,12272.0,860,2001-11-04,2004-03-17
9349800,512.0,123,2004-06-08,2004-10-10
9349800,35.0,21,2006-03-26,2006-04-17
9349800,763.0,86,2006-05-11,2006-08-04
9349800,34.0,13,2009-04-18,2009-05-01
9349800,57.0,14,2009-05-28,2009-06-12
9349800,2117.0,221,2009-08-28,2010-04-05
9349800,10.0,14,2010-08-14,2010-08-27
9349800,58.0,42,2010-09-13,2010-10-27
9349800,27.0,7,2011-05-24,2011-06-01
9349800,1235.0,111,2011-07-15,2011-11-03
9349800,9921.0,495,2012-05-02,2013-09-12
9349800,110.0,21,2014-04-29,2014-05-21
9349800,369.0,71,2014-06-03,2014-08-13
9349800,78.0,20,2016-04-27,2016-05-20
9349800,646.0,119,2016-10-19,2017-02-15
9349800,11.0,5,2017-05-19,2017-05-23
9349800,10963.0,548,2017-10-29,2019-05-26
9349800,2744.0,214,2019-10-14,2020-05-17
9349800,7829.0,383,2020-05-21,2021-06-08
9349800,6224.0,399,2021-06-11,2022-07-14
9408150,4551.0,218,1990-10-01,1991-05-12
9408150,1776.0,148,1991-10-07,1992-03-02
9408150,17.0,5,1996-03-25,1996-03-31
9408150,19.0,8,1996-04-15,1996-04-24
9408150,22.0,8,1996-05-05,1996-05-13
9408150,14.0,5,1996-08-18,1996-08-23
9408150,426.0,105,1996-09-08,1996-12-29
9408150,636.0,63,2000-01-24,2000-04-02
9408150,2255.0,273,2000-04-28,2001-02-02
9408150,61.0,18,2001-02-09,2001-03-02
9408150,10347.0,451,2001-12-31,2003-03-30
9408150,13.0,6,2003-04-04,2003-04-09
9408150,865.0,115,2003-10-29,2004-02-22
9408150,6891.0,349,2007-02-21,2008-02-08
9408150,9.0,5,2008-04-09,2008-04-14
9408150,1988.0,290,2008-04-24,2009-02-20
9408150,32.0,12,2009-03-07,2009-03-19
9408150,158.0,34,2009-03-24,2009-04-28
9408150,2446.0,246,2009-05-15,2010-01-21
9408150,168.0,12,2010-01-23,2010-02-06
9408150,5422.0,534,2012-03-16,2013-09-10
9408150,512.0,48,2013-09-14,2013-11-03
9408150,2473.0,216,2014-03-03,2014-10-09
9408150,5936.0,330,2018-02-17,2019-01-17
9408150,111.0,12,2019-01-20,2019-01-31
9408150,11886.0,556,2021-02-03,2022-08-20
9408150,276.0,25,2022-08-22,2022-09-19
